Student_ID,Study_Hours_Per_Week,Attendance_Percent,Quiz_Avg_Score,Sleep_Hours_Per_Night,Social_Media_Hours_Per_Day,Previous_GPA,Extracurricular_Activities,Parent_Education_Level,Current_GPA,Final_Score,Pass_Fail,Grade,Risk_Level,Parent_Education_Level_Encoded,Pass_Fail_Encoded,Grade_Encoded,Risk_Level_Encoded,Study_Efficiency,Sleep_Study_Ratio,Social_Media_Risk,Attendance_Study_Product,Study_Hours_Per_Week_scaled,Attendance_Percent_scaled,Quiz_Avg_Score_scaled,Sleep_Hours_Per_Night_scaled,Social_Media_Hours_Per_Day_scaled,Previous_GPA_scaled,Extracurricular_Activities_scaled,Parent_Education_Level_Encoded_scaled,Study_Efficiency_scaled,Sleep_Study_Ratio_scaled,Social_Media_Risk_scaled,Attendance_Study_Product_scaled,Current_GPA_scaled,Final_Score_scaled,Feature_Set,Cluster,PCA1,PCA2
S1001,25.0,93.9,93.0,8.2,1.6,1.6,1,PhD,2.78,58.5,Pass,D,Medium Risk,3,1,2,2,3.58,2.23,0.1,23.48,0.5140138063419825,1.0545195311075006,1.3593129338314445,0.7911983049385668,-0.4913401213779053,-1.618362480763142,0.8509629433967631,2.1351072918515213,-0.1804945958810638,-0.239267282837109,-0.642615588157121,0.9361150620402068,1.462068692432368,0.9418932501134788,"[np.float64(0.5140138063419825), np.float64(1.0545195311075006), np.float64(1.3593129338314445), np.float64(0.7911983049385668), np.float64(-0.4913401213779053), np.float64(-1.618362480763142), np.float64(0.8509629433967631), np.float64(2.1351072918515213), np.float64(-0.18049459588106387), np.float64(-0.239267282837109), np.float64(-0.642615588157121), np.float64(0.9361150620402067), np.float64(1.462068692432368), np.float64(0.9418932501134787)]",0,2.0122651238508444,-1.7403216862624005
S1002,18.6,100.0,83.5,6.2,0.2,2.28,1,Bachelor,2.22,59.6,Pass,D,Medium Risk,1,1,2,2,4.26,2.25,0.0,18.6,-0.1548191547113131,1.5106508515345007,0.8671198573124322,-0.584798747128506,-1.0319532697031704,-0.6901831962257311,0.8509629433967631,-0.0774391245749257,-0.1151481411153665,-0.2368396521265052,-0.7782514504048142,0.3305302020867357,0.0750477407770648,1.037905053724275,"[np.float64(-0.15481915471131316), np.float64(1.5106508515345007), np.float64(0.8671198573124322), np.float64(-0.584798747128506), np.float64(-1.0319532697031704), np.float64(-0.6901831962257311), np.float64(0.8509629433967631), np.float64(-0.07743912457492572), np.float64(-0.11514814111536652), np.float64(-0.2368396521265052), np.float64(-0.7782514504048142), np.float64(0.3305302020867357), np.float64(0.07504774077706486), np.float64(1.0379050537242753)]",0,1.0043128994135937,-1.7394486334179793
S1003,26.5,59.0,66.2,5.8,1.3,2.73,1,Bachelor,2.84,66.6,Pass,C,Low Risk,1,1,1,1,2.41,1.49,0.53,15.64,0.6707715315888486,-1.5551498267453383,-0.0291896399274531,-0.8599981575419209,-0.6071857960190336,-0.075946904987738,0.8509629433967631,-0.0774391245749257,-0.2929289371691019,-0.3290896191294489,-0.05938138049204,-0.0367917621473369,1.610678080109722,1.648889258520252,"[np.float64(0.6707715315888486), np.float64(-1.5551498267453383), np.float64(-0.029189639927453187), np.float64(-0.8599981575419209), np.float64(-0.6071857960190336), np.float64(-0.07594690498773808), np.float64(0.8509629433967631), np.float64(-0.07743912457492572), np.float64(-0.29292893716910196), np.float64(-0.32908961912944895), np.float64(-0.05938138049204001), np.float64(-0.03679176214733698), np.float64(1.610678080109722), np.float64(1.6488892585202521)]",0,1.4609710839604304,-0.091314200951298
S1004,35.2,88.4,52.1,7.0,0.4,1.64,1,High School,2.48,51.1,Pass,D,Medium Risk,0,1,2,2,1.44,1.36,0.05,31.12,1.579966338020673,0.6432535864602053,-0.7597077850767242,-0.0343999263016767,-0.9547228199424184,-1.563763699319765,0.8509629433967631,-1.1837123327881494,-0.3861437329378174,-0.3448692187483735,-0.7104335192809677,1.8842028345903128,0.7190217540455983,0.2959956621863025,"[np.float64(1.579966338020673), np.float64(0.6432535864602053), np.float64(-0.7597077850767242), np.float64(-0.034399926301676716), np.float64(-0.9547228199424184), np.float64(-1.563763699319765), np.float64(0.8509629433967631), np.float64(-1.1837123327881494), np.float64(-0.3861437329378174), np.float64(-0.3448692187483735), np.float64(-0.7104335192809677), np.float64(1.8842028345903132), np.float64(0.7190217540455983), np.float64(0.2959956621863025)]",0,2.5272672093945565,-0.480124416171064
S1005,17.7,70.2,79.0,6.7,5.0,2.06,0,Bachelor,2.43,43.0,Fail,F,Medium Risk,1,0,3,2,4.22,2.55,1.49,12.43,-0.2488737898594331,-0.7176628121908454,0.6339757684350054,-0.2407994841117376,0.8215775245548813,-0.9904764941643048,-1.1751393027860062,-0.0774391245749257,-0.118992050219231,-0.2004251914674484,1.242722897085815,-0.4351375409282064,0.5951805976478038,-0.4110003462204716,"[np.float64(-0.2488737898594331), np.float64(-0.7176628121908454), np.float64(0.6339757684350054), np.float64(-0.2407994841117376), np.float64(0.8215775245548813), np.float64(-0.9904764941643049), np.float64(-1.1751393027860062), np.float64(-0.07743912457492572), np.float64(-0.11899205021923107), np.float64(-0.20042519146744847), np.float64(1.242722897085815), np.float64(-0.4351375409282064), np.float64(0.5951805976478038), np.float64(-0.4110003462204716)]",0,-0.456187487894252,0.9577381404668396
S1006,17.7,72.7,72.9,6.3,8.9,2.0,0,Bachelor,1.91,41.9,Fail,F,Medium Risk,1,0,3,2,3.9,2.4,2.43,12.87,-0.2488737898594331,-0.5307237464420748,0.3179360035122714,-0.5159988945251526,2.327571294889548,-1.0723746663293707,-1.1751393027860062,-0.0774391245749257,-0.1497433230501474,-0.2186324217969768,2.517700002214132,-0.3805356273258443,-0.6927674288892649,-0.5070121498312682,"[np.float64(-0.2488737898594331), np.float64(-0.5307237464420748), np.float64(0.3179360035122714), np.float64(-0.5159988945251526), np.float64(2.327571294889548), np.float64(-1.0723746663293707), np.float64(-1.1751393027860062), np.float64(-0.07743912457492572), np.float64(-0.14974332305014745), np.float64(-0.21863242179697684), np.float64(2.517700002214132), np.float64(-0.3805356273258443), np.float64(-0.6927674288892649), np.float64(-0.5070121498312682)]",0,-1.1725471507830738,2.4463646343926113
S1007,35.8,71.1,82.9,8.0,0.2,2.97,1,Bachelor,2.81,65.5,Pass,C,Low Risk,1,1,1,1,2.25,1.53,0.06,25.45,1.6426694281194187,-0.6503647485212887,0.8360339787954423,0.65359859973186,-1.0319532697031704,0.251645783672525,0.8509629433967631,-0.0774391245749257,-0.3083045735845602,-0.3242343577082414,-0.6968699330561983,1.1805827206689643,1.5363733862710456,1.5528774549094562,"[np.float64(1.6426694281194187), np.float64(-0.6503647485212887), np.float64(0.8360339787954423), np.float64(0.65359859973186), np.float64(-1.0319532697031704), np.float64(0.251645783672525), np.float64(0.8509629433967631), np.float64(-0.07743912457492572), np.float64(-0.3083045735845602), np.float64(-0.3242343577082414), np.float64(-0.6968699330561983), np.float64(1.1805827206689643), np.float64(1.5363733862710456), np.float64(1.5528774549094562)]",0,2.8384440878191697,-0.9879969532323383
S1008,27.7,67.0,77.7,8.4,9.15,2.86,1,Bachelor,2.54,51.9,Pass,D,Medium Risk,1,1,2,2,2.71,2.07,3.02,18.56,0.7961777117863416,-0.956944816349272,0.5666230316481933,0.928798010145275,2.424109357090489,0.1014991347032374,0.8509629433967631,-0.0774391245749257,-0.2640996188901178,-0.2586883285219393,3.317951589475522,0.3255663917592479,0.8676311417229525,0.3658224284486997,"[np.float64(0.7961777117863416), np.float64(-0.9569448163492721), np.float64(0.5666230316481933), np.float64(0.928798010145275), np.float64(2.424109357090489), np.float64(0.10149913470323746), np.float64(0.8509629433967631), np.float64(-0.07743912457492572), np.float64(-0.26409961889011785), np.float64(-0.2586883285219393), np.float64(3.317951589475522), np.float64(0.32556639175924795), np.float64(0.8676311417229525), np.float64(0.3658224284486997)]",0,0.5470086306742792,2.4979565068348744
S1009,15.3,80.7,86.0,7.1,2.2,2.22,1,High School,2.6,61.3,Pass,D,Low Risk,0,1,2,1,5.28,3.11,0.42,12.35,-0.4996861502544188,0.0674812639539913,0.996644351133225,0.0343999263016767,-0.2596487720956488,-0.7720813683907962,0.8509629433967631,-1.1837123327881494,-0.0171284589668204,-0.1324515315705425,-0.2085808289645026,-0.4450651615831813,1.0162405294003067,1.1862869320318694,"[np.float64(-0.49968615025441887), np.float64(0.06748126395399137), np.float64(0.996644351133225), np.float64(0.034399926301676716), np.float64(-0.2596487720956488), np.float64(-0.7720813683907962), np.float64(0.8509629433967631), np.float64(-1.1837123327881494), np.float64(-0.017128458966820415), np.float64(-0.13245153157054254), np.float64(-0.20858082896450264), np.float64(-0.4450651615831813), np.float64(1.0162405294003067), np.float64(1.1862869320318694)]",0,0.5623242114993648,-1.1877798015123646
S1010,25.4,67.5,54.3,9.2,1.1,2.94,0,High School,2.52,29.4,Fail,F,High Risk,0,0,3,0,2.06,2.47,0.36,17.14,0.5558158664078133,-0.919557003199518,-0.6457262305144268,1.4791968309721035,-0.6844162457797857,0.2106966975899918,-1.1751393027860062,-1.1837123327881494,-0.3265631418279168,-0.2101357143098635,-0.2899623463131185,0.149351125133443,0.8180946791638345,-1.598055372681228,"[np.float64(0.5558158664078133), np.float64(-0.9195570031995179), np.float64(-0.6457262305144268), np.float64(1.4791968309721035), np.float64(-0.6844162457797857), np.float64(0.21069669758999182), np.float64(-1.1751393027860062), np.float64(-1.1837123327881494), np.float64(-0.3265631418279168), np.float64(-0.21013571430986358), np.float64(-0.28996234631311857), np.float64(0.14935112513344306), np.float64(0.8180946791638345), np.float64(-1.598055372681228)]",0,0.30116850415373025,0.6185918167729755
S1011,15.4,84.1,91.3,5.3,0.2,2.36,0,Bachelor,2.55,33.8,Fail,F,High Risk,1,0,3,0,5.57,2.3,0.03,12.95,-0.4892356352379611,0.3217183933723188,1.2712362780333053,-1.2039974205586892,-1.0319532697031704,-0.5809856333389767,-1.1751393027860062,-0.0774391245749257,0.0107398820361975,-0.2307705753499958,-0.7375606917305063,-0.3706080066708693,0.8923993730025109,-1.2140081582380422,"[np.float64(-0.48923563523796115), np.float64(0.32171839337231883), np.float64(1.2712362780333053), np.float64(-1.2039974205586892), np.float64(-1.0319532697031704), np.float64(-0.5809856333389767), np.float64(-1.1751393027860062), np.float64(-0.07743912457492572), np.float64(0.010739882036197586), np.float64(-0.2307705753499958), np.float64(-0.7375606917305063), np.float64(-0.37060800667086935), np.float64(0.8923993730025109), np.float64(-1.2140081582380422)]",0,-0.27928434486223375,-1.029111421650204
S1012,15.3,79.2,69.0,6.7,2.1,2.58,1,High School,2.01,42.2,Fail,F,Medium Risk,0,0,3,2,4.23,2.93,0.44,12.12,-0.4996861502544188,-0.044682175495271,0.1158777931518345,-0.2407994841117376,-0.2982639969760249,-0.2806923354004022,0.8509629433967631,-1.1837123327881494,-0.1180310729432648,-0.1543002079659765,-0.1814536565149639,-0.4736070709662343,-0.4450851160936752,-0.4808271124828688,"[np.float64(-0.49968615025441887), np.float64(-0.04468217549527103), np.float64(0.11587779315183451), np.float64(-0.2407994841117376), np.float64(-0.2982639969760249), np.float64(-0.2806923354004022), np.float64(0.8509629433967631), np.float64(-1.1837123327881494), np.float64(-0.11803107294326487), np.float64(-0.15430020796597657), np.float64(-0.18145365651496398), np.float64(-0.47360707096623433), np.float64(-0.4450851160936752), np.float64(-0.4808271124828688)]",0,-0.592716681613448,0.023879965663875315
S1013,22.4,76.4,100.0,5.9,4.7,4.0,0,High School,2.37,63.9,Pass,D,Low Risk,0,1,2,1,4.27,1.79,1.11,17.11,0.2423004159140809,-0.2540539291338939,1.721981516529664,-0.7911983049385668,0.7057318499137532,1.6575644058394858,-1.1751393027860062,-1.1837123327881494,-0.1141871638394004,-0.2926751584703922,0.727306620544581,0.1456282673878273,0.4465712099704496,1.4132239223846612,"[np.float64(0.2423004159140809), np.float64(-0.25405392913389396), np.float64(1.7219815165296641), np.float64(-0.7911983049385668), np.float64(0.7057318499137532), np.float64(1.6575644058394858), np.float64(-1.1751393027860062), np.float64(-1.1837123327881494), np.float64(-0.1141871638394004), np.float64(-0.2926751584703922), np.float64(0.727306620544581), np.float64(0.14562826738782733), np.float64(0.44657120997044963), np.float64(1.4132239223846612)]",0,0.8651734212931124,-0.03981936201941583
S1014,0.9,66.4,51.2,4.2,3.7,3.87,0,PhD,1.67,15.1,Fail,F,High Risk,3,0,3,0,26.95,18.38,1.24,0.6,-2.0045603126243345,-1.0018101921289766,-0.8063366028522094,-1.9607957991955796,0.3195796011099924,1.4801183661485104,-1.1751393027860062,2.1351072918515213,2.0653092980518,1.721044515975446,0.903633241466582,-1.903184445282625,-1.2872049795986809,-2.846208819621582,"[np.float64(-2.0045603126243345), np.float64(-1.0018101921289766), np.float64(-0.8063366028522094), np.float64(-1.9607957991955793), np.float64(0.3195796011099924), np.float64(1.4801183661485104), np.float64(-1.1751393027860062), np.float64(2.1351072918515213), np.float64(2.0653092980518), np.float64(1.721044515975446), np.float64(0.9036332414665821), np.float64(-1.903184445282625), np.float64(-1.2872049795986809), np.float64(-2.846208819621582)]",-1,-5.246940233777558,0.7830214934268392
S1015,2.8,71.3,99.7,6.9,0.2,1.76,1,Bachelor,2.25,22.4,Fail,F,High Risk,1,0,3,0,26.24,13.8,0.06,2.0,-1.8060005273116373,-0.6354096232613867,1.7064385772711692,-0.1031997789050301,-1.0319532697031704,-1.3999673549896334,0.8509629433967631,-0.0774391245749257,1.9970799114582043,1.1651170832471798,-0.6968699330561983,-1.7294510838205637,0.1493524346157413,-2.2090395774772054,"[np.float64(-1.8060005273116373), np.float64(-0.6354096232613867), np.float64(1.7064385772711692), np.float64(-0.10319977890503014), np.float64(-1.0319532697031704), np.float64(-1.3999673549896334), np.float64(0.8509629433967631), np.float64(-0.07743912457492572), np.float64(1.9970799114582043), np.float64(1.1651170832471798), np.float64(-0.6968699330561983), np.float64(-1.7294510838205637), np.float64(0.14935243461574138), np.float64(-2.2090395774772054)]",0,-3.335135659789047,-1.8847073288692138
S1016,14.4,91.3,69.0,6.8,0.2,3.46,0,Bachelor,2.26,54.0,Pass,D,Medium Risk,1,1,2,2,4.48,3.15,0.02,13.15,-0.5937407854025386,0.8601029027287785,0.1158777931518345,-0.1719996315083841,-1.0319532697031704,0.9204808563538944,-1.1751393027860062,-0.0774391245749257,-0.0940066410441114,-0.1275962701493349,-0.7511242779552756,-0.3457889550334319,0.1741206658952998,0.5491176898874931,"[np.float64(-0.5937407854025386), np.float64(0.8601029027287785), np.float64(0.11587779315183451), np.float64(-0.17199963150838418), np.float64(-1.0319532697031704), np.float64(0.9204808563538945), np.float64(-1.1751393027860062), np.float64(-0.07743912457492572), np.float64(-0.09400664104411142), np.float64(-0.12759627014933497), np.float64(-0.7511242779552756), np.float64(-0.3457889550334319), np.float64(0.17412066589529984), np.float64(0.5491176898874931)]",0,0.13508345919034678,-1.2002330238478078
S1017,9.9,87.5,52.0,9.3,1.5,3.45,1,Master,2.44,45.0,Fail,F,Medium Risk,2,0,3,2,4.77,6.14,0.19,8.66,-1.0640139611431372,0.5759555227906473,-0.7648887648295559,1.5479966835754582,-0.5299553462582814,0.9068311609930506,0.8509629433967631,1.028834083638298,-0.0661383000410935,0.2353345210859306,-0.5205433121341971,-0.9029766642939002,0.6199488289273622,-0.236433430564478,"[np.float64(-1.0640139611431372), np.float64(0.5759555227906473), np.float64(-0.7648887648295559), np.float64(1.5479966835754582), np.float64(-0.5299553462582814), np.float64(0.9068311609930506), np.float64(0.8509629433967631), np.float64(1.0288340836382979), np.float64(-0.06613830004109351), np.float64(0.2353345210859306), np.float64(-0.5205433121341971), np.float64(-0.9029766642939002), np.float64(0.6199488289273622), np.float64(-0.23643343056447802)]",0,-0.6479459878155983,-0.7962158502308122
S1018,23.1,65.3,55.3,7.9,1.0,1.88,0,PhD,2.43,37.6,Fail,F,High Risk,3,0,3,0,2.29,2.32,0.35,15.08,0.3154540210292854,-1.0840633810584364,-0.5939164329861097,0.5847987471285065,-0.7230314706601618,-1.2361710106595023,-1.1751393027860062,2.1351072918515213,-0.3044606644806956,-0.2283429446393919,-0.3035259325378879,-0.1062851067321616,0.5951805976478038,-0.8823310184916542,"[np.float64(0.31545402102928544), np.float64(-1.0840633810584364), np.float64(-0.5939164329861097), np.float64(0.5847987471285065), np.float64(-0.7230314706601618), np.float64(-1.2361710106595023), np.float64(-1.1751393027860062), np.float64(2.1351072918515213), np.float64(-0.30446066448069564), np.float64(-0.22834294463939198), np.float64(-0.30352593253788795), np.float64(-0.1062851067321616), np.float64(0.5951805976478038), np.float64(-0.8823310184916542)]",0,0.03739512393265344,0.5285635051405073
S1019,10.9,81.5,58.6,5.5,0.8,3.46,0,Bachelor,1.75,33.5,Fail,F,High Risk,1,0,3,0,4.92,3.32,0.15,8.88,-0.9595088109785598,0.1273017649935977,-0.4229441011426631,-1.0663977153519817,-0.8002619204209138,0.9204808563538944,-1.1751393027860062,-0.0774391245749257,-0.0517236409016014,-0.1069614091092028,-0.5747976570332743,-0.8756757074927191,-1.0890591293622087,-1.2401931955864411,"[np.float64(-0.9595088109785598), np.float64(0.12730176499359777), np.float64(-0.4229441011426631), np.float64(-1.0663977153519817), np.float64(-0.8002619204209138), np.float64(0.9204808563538945), np.float64(-1.1751393027860062), np.float64(-0.07743912457492572), np.float64(-0.051723640901601406), np.float64(-0.10696140910920282), np.float64(-0.5747976570332743), np.float64(-0.8756757074927191), np.float64(-1.0890591293622087), np.float64(-1.2401931955864411)]",0,-1.614300180524176,0.16911792997194955
S1020,5.9,91.3,73.5,9.8,1.0,4.0,0,Master,2.08,39.8,Fail,F,High Risk,2,0,3,0,10.65,10.39,0.09,5.39,-1.482034561801447,0.8601029027287785,0.3490218820292614,1.8919959465922265,-0.7230314706601618,1.6575644058394858,-1.1751393027860062,1.028834083638298,0.4989163382269956,0.7512060470892347,-0.6561791743818904,-1.3087681585660007,-0.2717074971367614,-0.6903074112700616,"[np.float64(-1.482034561801447), np.float64(0.8601029027287785), np.float64(0.3490218820292614), np.float64(1.8919959465922265), np.float64(-0.7230314706601618), np.float64(1.6575644058394858), np.float64(-1.1751393027860062), np.float64(1.0288340836382979), np.float64(0.4989163382269956), np.float64(0.7512060470892347), np.float64(-0.6561791743818904), np.float64(-1.3087681585660007), np.float64(-0.27170749713676146), np.float64(-0.6903074112700616)]",0,-1.7775957390419053,-1.432390721284185
S1021,34.7,55.0,75.5,8.8,4.9,1.9,1,Bachelor,2.22,55.1,Pass,D,Medium Risk,1,1,2,2,2.11,1.74,2.2,19.08,1.527713762938384,-1.8542523319433712,0.4526414770858956,1.20399742055869,0.7829622996745054,-1.2088716199378138,0.8509629433967631,-0.0774391245749257,-0.3217582554480861,-0.2987442352469016,2.2057375190444377,0.390095926016585,0.0750477407770648,0.6451294934982896,"[np.float64(1.5277137629383841), np.float64(-1.8542523319433712), np.float64(0.4526414770858956), np.float64(1.2039974205586899), np.float64(0.7829622996745054), np.float64(-1.2088716199378138), np.float64(0.8509629433967631), np.float64(-0.07743912457492572), np.float64(-0.3217582554480861), np.float64(-0.29874423524690163), np.float64(2.2057375190444377), np.float64(0.390095926016585), np.float64(0.07504774077706486), np.float64(0.6451294934982896)]",0,0.9516298959946973,2.0533396744576127
S1022,17.7,88.2,53.5,7.9,7.9,2.07,0,Bachelor,2.12,37.6,Fail,F,High Risk,1,0,3,0,2.86,3.01,0.93,15.61,-0.2488737898594331,0.6282984612003033,-0.6871740685370803,0.5847987471285065,1.941419046085788,-0.976826798803461,-1.1751393027860062,-0.0774391245749257,-0.2496849597506258,-0.1445896851235614,0.483162068498733,-0.0405146198929527,-0.1726345720185253,-0.8823310184916542,"[np.float64(-0.2488737898594331), np.float64(0.6282984612003033), np.float64(-0.6871740685370803), np.float64(0.5847987471285065), np.float64(1.9414190460857876), np.float64(-0.976826798803461), np.float64(-1.1751393027860062), np.float64(-0.07743912457492572), np.float64(-0.2496849597506258), np.float64(-0.14458968512356146), np.float64(0.48316206849873305), np.float64(-0.04051461989295273), np.float64(-0.17263457201852536), np.float64(-0.8823310184916542)]",0,-0.49648866411313786,1.100976896760886
S1023,20.7,70.1,64.5,6.7,1.6,3.61,1,Bachelor,2.04,50.7,Pass,D,Medium Risk,1,1,2,2,2.97,2.19,0.48,14.51,0.0646416606342993,-0.7251403748207969,-0.1172662957255923,-0.2407994841117376,-0.4913401213779053,1.1252262867665588,0.8509629433967631,-0.0774391245749257,-0.2391142097149982,-0.2441225442583165,-0.1271993116158866,-0.177019403898858,-0.3707804222549976,0.2610822790551039,"[np.float64(0.0646416606342993), np.float64(-0.7251403748207969), np.float64(-0.11726629572559238), np.float64(-0.2407994841117376), np.float64(-0.4913401213779053), np.float64(1.1252262867665588), np.float64(0.8509629433967631), np.float64(-0.07743912457492572), np.float64(-0.23911420971499825), np.float64(-0.24412254425831656), np.float64(-0.12719931161588668), np.float64(-0.17701940389885804), np.float64(-0.3707804222549976), np.float64(0.26108227905510395)]",0,0.030285207163354564,0.36434072804360473
S1024,5.8,88.6,100.0,5.6,7.1,3.02,0,Bachelor,2.6,23.2,Fail,F,High Risk,1,0,3,0,14.71,6.03,0.81,5.14,-1.4924850768179048,0.658208711720106,1.721981516529664,-0.9975978627486284,1.6324972470427788,0.3198942604767462,-1.1751393027860062,-0.0774391245749257,0.8890731122692476,0.2219825521776098,0.3203990338015011,-1.3397919731127974,1.0162405294003067,-2.139212811214808,"[np.float64(-1.4924850768179048), np.float64(0.658208711720106), np.float64(1.7219815165296641), np.float64(-0.9975978627486284), np.float64(1.6324972470427788), np.float64(0.3198942604767462), np.float64(-1.1751393027860062), np.float64(-0.07743912457492572), np.float64(0.8890731122692476), np.float64(0.22198255217760987), np.float64(0.32039903380150114), np.float64(-1.3397919731127974), np.float64(1.0162405294003067), np.float64(-2.139212811214808)]",0,-2.223603886916494,-0.38977787114787965
S1025,14.6,68.6,99.6,6.4,1.2,3.24,1,Bachelor,2.42,44.8,Fail,F,Medium Risk,1,0,3,2,6.38,2.93,0.38,10.02,-0.5728397553696232,-0.8373038142700593,1.701257597518337,-0.4471990419217985,-0.6458010208994097,0.6201875584153207,0.8509629433967631,-0.0774391245749257,0.0885790413894547,-0.1543002079659765,-0.2628351738635799,-0.7342071131593263,0.5704123663682442,-0.2538901221300776,"[np.float64(-0.5728397553696232), np.float64(-0.8373038142700593), np.float64(1.701257597518337), np.float64(-0.4471990419217985), np.float64(-0.6458010208994097), np.float64(0.6201875584153207), np.float64(0.8509629433967631), np.float64(-0.07743912457492572), np.float64(0.08857904138945472), np.float64(-0.15430020796597657), np.float64(-0.2628351738635799), np.float64(-0.7342071131593263), np.float64(0.5704123663682442), np.float64(-0.2538901221300776)]",0,-0.43511699947201254,-0.6208196173372003
S1026,21.1,52.9,73.7,8.6,1.9,3.07,0,Bachelor,2.12,38.2,Fail,F,High Risk,1,0,3,0,3.33,2.76,0.89,11.16,0.1064437207001305,-2.011281147172338,0.359383841534925,1.0663977153519817,-0.3754944467367771,0.3881427372809674,-1.1751393027860062,-0.0774391245749257,-0.2045190277802173,-0.1749350690061087,0.4289077235996557,-0.5927385188259334,-0.1726345720185253,-0.829960943794856,"[np.float64(0.1064437207001305), np.float64(-2.0112811471723386), np.float64(0.359383841534925), np.float64(1.0663977153519817), np.float64(-0.3754944467367771), np.float64(0.3881427372809674), np.float64(-1.1751393027860062), np.float64(-0.07743912457492572), np.float64(-0.2045190277802173), np.float64(-0.17493506900610875), np.float64(0.4289077235996557), np.float64(-0.5927385188259334), np.float64(-0.17263457201852536), np.float64(-0.829960943794856)]",0,-0.6561440820113014,1.157318701221133
S1027,8.5,55.6,65.8,9.8,0.8,3.11,1,High School,1.45,38.1,Fail,F,High Risk,0,0,3,0,6.93,7.46,0.36,4.73,-1.2103211713735458,-1.8093869561636664,-0.0499135589387803,1.8919959465922265,-0.8002619204209138,0.4427415187243445,0.8509629433967631,-1.1837123327881494,0.1414327915675922,0.3955581479857803,-0.2899623463131185,-1.390671028969544,-1.8321060677489789,-0.8386892895776558,"[np.float64(-1.2103211713735458), np.float64(-1.8093869561636662), np.float64(-0.049913558938780314), np.float64(1.8919959465922265), np.float64(-0.8002619204209138), np.float64(0.44274151872434453), np.float64(0.8509629433967631), np.float64(-1.1837123327881494), np.float64(0.14143279156759228), np.float64(0.3955581479857803), np.float64(-0.28996234631311857), np.float64(-1.3906710289695439), np.float64(-1.8321060677489789), np.float64(-0.8386892895776558)]",0,-2.2799254104953426,0.5060326786792625
S1028,23.8,80.7,67.4,9.3,3.1,1.74,1,Bachelor,1.87,48.3,Fail,F,Medium Risk,1,0,3,2,2.72,2.66,0.6,19.21,0.3886076261444895,0.0674812639539913,0.0329821171065274,1.5479966835754582,0.0878882518277358,-1.4272667457113222,0.8509629433967631,-0.0774391245749257,-0.2631386416141517,-0.1870732225591276,0.0355637230813452,0.4062283095809195,-0.7918403540075004,0.0516019802679111,"[np.float64(0.38860762614448957), np.float64(0.06748126395399137), np.float64(0.032982117106527466), np.float64(1.5479966835754582), np.float64(0.08788825182773588), np.float64(-1.4272667457113222), np.float64(0.8509629433967631), np.float64(-0.07743912457492572), np.float64(-0.2631386416141517), np.float64(-0.18707322255912764), np.float64(0.0355637230813452), np.float64(0.40622830958091954), np.float64(-0.7918403540075004), np.float64(0.051601980267911136)]",0,0.43654806217565173,0.2676468006938951
S1029,14.0,83.9,77.3,6.3,9.15,3.64,1,High School,2.24,48.2,Fail,F,Medium Risk,0,0,3,2,5.15,3.0,1.47,11.75,-0.6355428454683697,0.306763268112418,0.5458991126368662,-0.5159988945251526,2.424109357090489,1.166175372849092,0.8509629433967631,-1.1837123327881494,-0.0296211635543801,-0.1458035004788633,1.2155957246362763,-0.5195223164954933,0.1245842033361829,0.0428736344851119,"[np.float64(-0.6355428454683697), np.float64(0.30676326811241805), np.float64(0.5458991126368662), np.float64(-0.5159988945251526), np.float64(2.424109357090489), np.float64(1.166175372849092), np.float64(0.8509629433967631), np.float64(-1.1837123327881494), np.float64(-0.029621163554380197), np.float64(-0.14580350047886334), np.float64(1.2155957246362765), np.float64(-0.5195223164954933), np.float64(0.1245842033361829), np.float64(0.04287363448511195)]",0,-0.6654365358512028,0.996838688516652
S1030,17.1,66.4,44.5,5.3,2.8,3.74,0,Bachelor,1.24,22.1,Fail,F,High Risk,1,0,3,0,2.46,2.08,0.94,11.35,-0.3115768799581793,-1.0018101921289766,-1.1534622462919342,-1.2039974205586892,-0.0279574228133924,1.3026723264575348,-1.1751393027860062,-0.0774391245749257,-0.2881240507892713,-0.2574745131666374,0.4967256547235022,-0.569160419770368,-2.352238924619718,-2.2352246148256043,"[np.float64(-0.31157687995817934), np.float64(-1.0018101921289766), np.float64(-1.1534622462919342), np.float64(-1.2039974205586892), np.float64(-0.02795742281339246), np.float64(1.3026723264575348), np.float64(-1.1751393027860062), np.float64(-0.07743912457492572), np.float64(-0.2881240507892713), np.float64(-0.2574745131666374), np.float64(0.4967256547235022), np.float64(-0.569160419770368), np.float64(-2.352238924619718), np.float64(-2.2352246148256043)]",0,-2.202943793384928,2.4511289297228775
S1031,14.0,89.6,59.9,7.2,1.3,2.62,0,Bachelor,2.44,46.6,Fail,F,Medium Risk,1,0,3,2,3.99,3.43,0.14,12.54,-0.6355428454683697,0.7329843380196143,-0.355591364355851,0.1031997789050307,-0.6071857960190336,-0.226093553957025,-1.1751393027860062,-0.0774391245749257,-0.1410945275664522,-0.0936094402008819,-0.5883612432580437,-0.4214870625276159,0.6199488289273622,-0.096779898039683,"[np.float64(-0.6355428454683697), np.float64(0.7329843380196143), np.float64(-0.35559136435585104), np.float64(0.10319977890503075), np.float64(-0.6071857960190336), np.float64(-0.22609355395702502), np.float64(-1.1751393027860062), np.float64(-0.07743912457492572), np.float64(-0.1410945275664522), np.float64(-0.09360944020088198), np.float64(-0.5883612432580437), np.float64(-0.4214870625276159), np.float64(0.6199488289273622), np.float64(-0.09677989803968304)]",0,-0.0600318769462024,-0.8137764848408471
S1032,38.5,55.1,31.6,4.3,3.1,2.77,0,Master,1.91,47.4,Fail,F,Medium Risk,2,0,3,2,0.8,0.77,1.39,21.21,1.9248333335637784,-1.8467747693134204,-1.8218086344072244,-1.891995946592226,0.0878882518277358,-0.0213481235443608,-1.1751393027860062,1.028834083638298,-0.4476462785996501,-0.4164843247111852,1.107087034838122,0.654418825955293,-0.6927674288892649,-0.0269531317772858,"[np.float64(1.9248333335637782), np.float64(-1.8467747693134204), np.float64(-1.8218086344072244), np.float64(-1.891995946592226), np.float64(0.08788825182773588), np.float64(-0.021348123544360897), np.float64(-1.1751393027860062), np.float64(1.0288340836382979), np.float64(-0.44764627859965017), np.float64(-0.4164843247111852), np.float64(1.1070870348381219), np.float64(0.654418825955293), np.float64(-0.6927674288892649), np.float64(-0.026953131777285852)]",0,0.5718220336791786,2.78752353087188
S1033,19.9,79.0,73.0,7.5,0.4,1.58,1,Master,3.15,66.5,Pass,C,Low Risk,2,1,1,1,3.49,2.55,0.08,15.72,-0.0189624594973627,-0.0596373007551729,0.3231169832651028,0.3095993367150916,-0.9547228199424184,-1.6456618714848306,0.8509629433967631,1.028834083638298,-0.189143391364759,-0.2004251914674484,-0.6697427606066597,-0.026864141492362,2.378493249776051,1.640160912737453,"[np.float64(-0.018962459497362756), np.float64(-0.0596373007551729), np.float64(0.32311698326510285), np.float64(0.30959933671509166), np.float64(-0.9547228199424184), np.float64(-1.6456618714848306), np.float64(0.8509629433967631), np.float64(1.0288340836382979), np.float64(-0.18914339136475908), np.float64(-0.20042519146744847), np.float64(-0.6697427606066597), np.float64(-0.026864141492362038), np.float64(2.378493249776051), np.float64(1.640160912737453)]",0,1.690125184916289,-1.6852852750398586
S1034,9.4,61.8,77.9,6.8,6.6,3.21,1,Master,2.58,34.7,Fail,F,High Risk,2,0,3,0,7.49,4.71,2.52,5.81,-1.116266536225426,-1.3457780731067153,0.5769849911538568,-0.1719996315083841,1.4394211226408984,0.5792384723327875,0.8509629433967631,1.028834083638298,0.195247519021696,0.0617589252777601,2.639772278237056,-1.2566481501273823,0.9667040668411886,-1.1354530461928447,"[np.float64(-1.116266536225426), np.float64(-1.3457780731067153), np.float64(0.5769849911538568), np.float64(-0.17199963150838418), np.float64(1.4394211226408984), np.float64(0.5792384723327875), np.float64(0.8509629433967631), np.float64(1.0288340836382979), np.float64(0.19524751902169604), np.float64(0.06175892527776013), np.float64(2.639772278237056), np.float64(-1.2566481501273825), np.float64(0.9667040668411886), np.float64(-1.1354530461928447)]",0,-1.911318352704017,1.8875166550884308
S1035,28.2,70.2,55.3,6.3,2.1,3.26,1,Bachelor,2.16,50.8,Pass,D,Medium Risk,1,1,2,2,1.89,1.53,0.63,19.8,0.8484302868686303,-0.7176628121908454,-0.5939164329861097,-0.5159988945251526,-0.2982639969760249,0.6474869491370087,0.8509629433967631,-0.0774391245749257,-0.3428997555193412,-0.3242343577082414,0.0762544817556532,0.4794445119113596,-0.0735616469002892,0.2698106248379031,"[np.float64(0.8484302868686303), np.float64(-0.7176628121908454), np.float64(-0.5939164329861097), np.float64(-0.5159988945251526), np.float64(-0.2982639969760249), np.float64(0.6474869491370087), np.float64(0.8509629433967631), np.float64(-0.07743912457492572), np.float64(-0.3428997555193412), np.float64(-0.3242343577082414), np.float64(0.0762544817556532), np.float64(0.47944451191135967), np.float64(-0.07356164690028928), np.float64(0.26981062483790313)]",0,0.7970319071760966,0.778573905524584
S1036,7.8,80.7,96.5,4.6,1.8,2.75,0,Master,2.11,33.0,Fail,F,High Risk,2,0,3,0,10.97,3.79,0.35,6.29,-1.28347477648875,0.0674812639539913,1.5406472251805543,-1.685596388782165,-0.4141096716171532,-0.0486475142660494,-1.1751393027860062,1.028834083638298,0.529667611057912,-0.0499120874100138,-0.3035259325378879,-1.1970824261975328,-0.1974028032980849,-1.2838349245004397,"[np.float64(-1.28347477648875), np.float64(0.06748126395399137), np.float64(1.5406472251805543), np.float64(-1.685596388782165), np.float64(-0.4141096716171532), np.float64(-0.048647514266049484), np.float64(-1.1751393027860062), np.float64(1.0288340836382979), np.float64(0.529667611057912), np.float64(-0.04991208741001389), np.float64(-0.30352593253788795), np.float64(-1.1970824261975328), np.float64(-0.19740280329808496), np.float64(-1.2838349245004395)]",0,-1.8959690564723422,-0.6319149509306671
S1037,22.1,67.1,40.5,7.8,2.6,3.7,0,Bachelor,2.33,22.1,Fail,F,High Risk,1,0,3,0,1.75,2.39,0.86,14.83,0.2109488708647079,-0.9494672537193216,-1.3607014364052024,0.5159988945251526,-0.1051878725741445,1.2480735450141576,-1.1751393027860062,-0.0774391245749257,-0.356353437382867,-0.2198462371522787,0.3882169649253477,-0.1373089212789582,0.3474982848522135,-2.2352246148256043,"[np.float64(0.21094887086470795), np.float64(-0.9494672537193217), np.float64(-1.3607014364052024), np.float64(0.5159988945251526), np.float64(-0.10518787257414451), np.float64(1.2480735450141576), np.float64(-1.1751393027860062), np.float64(-0.07743912457492572), np.float64(-0.35635343738286707), np.float64(-0.21984623715227872), np.float64(0.3882169649253477), np.float64(-0.13730892127895827), np.float64(0.34749828485221357), np.float64(-2.2352246148256043)]",0,-0.6730959473614572,1.7176904196254763
S1038,0.4,74.2,35.7,6.2,2.9,2.53,0,High School,1.97,34.0,Fail,F,High Risk,0,0,3,0,25.5,39.45,0.75,0.3,-2.056812887706623,-0.4185603069928124,-1.6093884645411245,-0.584798747128506,0.0106578020669836,-0.348940812204624,-1.1751393027860062,-1.1837123327881494,1.9259675930367104,4.278553469596532,0.2390175164528851,-1.9404130227387808,-0.5441580412119107,-1.1965514666724426,"[np.float64(-2.056812887706623), np.float64(-0.4185603069928124), np.float64(-1.6093884645411243), np.float64(-0.584798747128506), np.float64(0.010657802066983652), np.float64(-0.348940812204624), np.float64(-1.1751393027860062), np.float64(-1.1837123327881494), np.float64(1.9259675930367102), np.float64(4.278553469596532), np.float64(0.2390175164528851), np.float64(-1.9404130227387808), np.float64(-0.5441580412119107), np.float64(-1.1965514666724426)]",0,-4.939095980177293,-1.34375097893761
S1039,6.7,95.1,69.5,5.2,0.2,3.25,1,High School,1.65,44.5,Fail,F,Medium Risk,0,0,3,2,9.03,4.92,0.01,6.37,-1.3984304416697853,1.1442502826669096,0.141782691915993,-1.2727972731620427,-1.0319532697031704,0.6338372537761647,0.8509629433967631,-1.1837123327881494,0.3432380195204811,0.0872490477390998,-0.764687864180045,-1.1871548055425576,-1.336741442157799,-0.2800751594784764,"[np.float64(-1.3984304416697853), np.float64(1.1442502826669096), np.float64(0.14178269191599305), np.float64(-1.2727972731620427), np.float64(-1.0319532697031704), np.float64(0.6338372537761647), np.float64(0.8509629433967631), np.float64(-1.1837123327881494), np.float64(0.34323801952048116), np.float64(0.08724904773909985), np.float64(-0.764687864180045), np.float64(-1.1871548055425576), np.float64(-1.336741442157799), np.float64(-0.28007515947847644)]",0,-1.6498504689293456,-1.0922624993520176
S1040,22.0,71.3,85.9,3.2124999999999986,3.4,1.98,1,High School,1.56,58.2,Pass,D,Medium Risk,0,1,2,2,3.73,0.99,0.98,15.69,0.20049835584825,-0.6354096232613867,0.9914633713803936,-2.640194343653698,0.203733926468864,-1.0996740570510593,0.8509629433967631,-1.1837123327881494,-0.1660799367415718,-0.3897803868945435,0.5509799996225796,-0.0305869992379777,-1.5596555236738296,0.91570821276508,"[np.float64(0.20049835584825007), np.float64(-0.6354096232613867), np.float64(0.9914633713803935), np.float64(-2.640194343653698), np.float64(0.20373392646886404), np.float64(-1.0996740570510593), np.float64(0.8509629433967631), np.float64(-1.1837123327881494), np.float64(-0.16607993674157182), np.float64(-0.38978038689454353), np.float64(0.5509799996225796), np.float64(-0.03058699923797778), np.float64(-1.5596555236738296), np.float64(0.9157082127650799)]",0,-0.16381870113264432,0.7437392343922694
S1041,27.4,92.5,98.7,7.0,0.8,2.78,1,Bachelor,2.58,53.5,Pass,D,Medium Risk,1,1,2,2,3.48,1.74,0.06,25.34,0.7648261667369682,0.9498336542881888,1.654628779742852,-0.0343999263016767,-0.8002619204209138,-0.0076984281835169,0.8509629433967631,-0.0774391245749257,-0.1901043686407252,-0.2987442352469016,-0.6968699330561983,1.166932242268374,0.9667040668411886,0.5054759609734947,"[np.float64(0.7648261667369682), np.float64(0.9498336542881887), np.float64(1.654628779742852), np.float64(-0.034399926301676716), np.float64(-0.8002619204209138), np.float64(-0.007698428183516904), np.float64(0.8509629433967631), np.float64(-0.07743912457492572), np.float64(-0.19010436864072525), np.float64(-0.29874423524690163), np.float64(-0.6968699330561983), np.float64(1.1669322422683739), np.float64(0.9667040668411886), np.float64(0.5054759609734947)]",0,1.9886917324922115,-1.5213758403925117
S1042,21.7,63.1,55.8,9.7,3.8,2.66,0,Bachelor,2.22,48.9,Fail,F,Medium Risk,1,0,3,2,2.46,3.03,1.4,13.69,0.1691468107988767,-1.248569758917354,-0.5680115342219512,1.823196093988872,0.3581948259903683,-0.1714947725136478,-1.1751393027860062,-0.0774391245749257,-0.2881240507892713,-0.1421620544129576,1.120650621062891,-0.2787775156123512,0.0750477407770648,0.1039720549647093,"[np.float64(0.16914681079887675), np.float64(-1.2485697589173541), np.float64(-0.5680115342219512), np.float64(1.8231960939888718), np.float64(0.35819482599036834), np.float64(-0.17149477251364784), np.float64(-1.1751393027860062), np.float64(-0.07743912457492572), np.float64(-0.2881240507892713), np.float64(-0.14216205441295768), np.float64(1.120650621062891), np.float64(-0.2787775156123512), np.float64(0.07504774077706486), np.float64(0.10397205496470933)]",0,-0.07868351279229237,1.3454250905542715
S1043,18.8,87.9,86.6,9.5,5.2,2.98,1,Master,2.64,69.6,Pass,C,Low Risk,2,1,1,1,4.37,3.41,0.63,16.53,-0.1339181246783977,0.6058657733104511,1.0277302296502149,1.685596388782165,0.8988079743156335,0.265295479033369,0.8509629433967631,1.028834083638298,-0.1045773910797389,-0.0960370709114857,0.0762544817556532,0.0736530176392592,1.1153134545185428,1.9107396320042425,"[np.float64(-0.13391812467839775), np.float64(0.6058657733104511), np.float64(1.0277302296502149), np.float64(1.685596388782165), np.float64(0.8988079743156335), np.float64(0.26529547903336903), np.float64(0.8509629433967631), np.float64(1.0288340836382979), np.float64(-0.10457739107973897), np.float64(-0.09603707091148576), np.float64(0.0762544817556532), np.float64(0.07365301763925924), np.float64(1.1153134545185428), np.float64(1.9107396320042425)]",0,1.2745906714702508,-1.0556110461762358
S1044,17.0,100.0,64.2,6.3,4.9,2.5,1,High School,2.57,51.3,Pass,D,Medium Risk,0,1,2,2,3.57,2.49,0.0,17.0,-0.3220273949746373,1.5106508515345007,-0.1328092349840873,-0.5159988945251526,0.7829622996745054,-0.3898898982871566,0.8509629433967631,-1.1837123327881494,-0.18145557315703,-0.2077080835992598,-0.7782514504048142,0.1319777889872368,0.9419358355616292,0.3134523537519015,"[np.float64(-0.3220273949746373), np.float64(1.5106508515345007), np.float64(-0.13280923498408737), np.float64(-0.5159988945251526), np.float64(0.7829622996745054), np.float64(-0.3898898982871566), np.float64(0.8509629433967631), np.float64(-1.1837123327881494), np.float64(-0.18145557315703), np.float64(-0.2077080835992598), np.float64(-0.7782514504048142), np.float64(0.13197778898723686), np.float64(0.9419358355616291), np.float64(0.3134523537519015)]",0,0.7413876804525074,-0.9569413528002079
S1045,5.2,42.925,61.5,6.1,2.4,2.69,0,High School,1.11,32.7,Fail,F,High Risk,0,0,3,0,9.92,7.24,1.37,2.23,-1.5551881669166514,-2.7571680195099337,-0.2726956883105436,-0.65359859973186,-0.1824183223348967,-0.1305456864311152,-1.1751393027860062,-1.1837123327881494,0.4287649970814675,0.3688542101691388,1.079959862388583,-1.7009091744375109,-2.6742259312539844,-1.3100199618488382,"[np.float64(-1.5551881669166514), np.float64(-2.7571680195099337), np.float64(-0.27269568831054364), np.float64(-0.65359859973186), np.float64(-0.18241832233489674), np.float64(-0.13054568643111525), np.float64(-1.1751393027860062), np.float64(-1.1837123327881494), np.float64(0.4287649970814675), np.float64(0.3688542101691388), np.float64(1.0799598623885833), np.float64(-1.7009091744375107), np.float64(-2.6742259312539844), np.float64(-1.3100199618488382)]",0,-3.721721906341905,2.1368218084845516
S1046,12.8,68.0,82.7,7.7,2.2,3.46,1,PhD,1.48,46.8,Fail,F,Medium Risk,3,0,3,2,5.99,3.99,0.7,8.7,-0.7609490256658625,-0.8821691900497638,0.8256720192897787,0.4471990419217991,-0.2596487720956488,0.9204808563538944,0.8509629433967631,2.1351072918515213,0.0511009276267753,-0.025635780303976,0.1711995853290384,-0.8980128539664128,-1.7578013739103018,-0.079323206474084,"[np.float64(-0.7609490256658625), np.float64(-0.8821691900497638), np.float64(0.8256720192897787), np.float64(0.4471990419217991), np.float64(-0.2596487720956488), np.float64(0.9204808563538945), np.float64(0.8509629433967631), np.float64(2.1351072918515213), np.float64(0.051100927626775365), np.float64(-0.02563578030397604), np.float64(0.17119958532903842), np.float64(-0.8980128539664128), np.float64(-1.7578013739103018), np.float64(-0.07932320647408404)]",0,-1.5313624139780526,0.48346892555419285
S1047,15.4,88.7,78.0,5.5,0.5,2.45,1,High School,2.5,37.9,Fail,F,High Risk,0,0,3,0,4.76,2.39,0.06,13.66,-0.4892356352379611,0.6656862743500574,0.5821659709066883,-1.0663977153519817,-0.9161075950620422,-0.4581383750913777,0.8509629433967631,-1.1837123327881494,-0.0670992773170596,-0.2198462371522787,-0.6968699330561983,-0.2825003733579667,0.7685582166047165,-0.8561459811432554,"[np.float64(-0.48923563523796115), np.float64(0.6656862743500574), np.float64(0.5821659709066883), np.float64(-1.0663977153519817), np.float64(-0.9161075950620422), np.float64(-0.4581383750913777), np.float64(0.8509629433967631), np.float64(-1.1837123327881494), np.float64(-0.06709927731705963), np.float64(-0.21984623715227872), np.float64(-0.6968699330561983), np.float64(-0.2825003733579667), np.float64(0.7685582166047165), np.float64(-0.8561459811432554)]",0,-0.04501423609439005,-0.9955400966548934
S1048,30.6,77.0,33.5,7.5,4.5,1.51,1,Bachelor,1.74,55.7,Pass,D,Medium Risk,1,1,2,2,1.06,1.68,1.03,23.56,1.0992426472636163,-0.2091885533541894,-1.723370019103422,0.3095993367150916,0.6285014001530009,-1.7412097390107406,0.8509629433967631,-0.0774391245749257,-0.4226608694245305,-0.306027127378713,0.6187979307464262,0.9460426826951814,-1.1138273606417677,0.6974995681950878,"[np.float64(1.0992426472636163), np.float64(-0.20918855335418943), np.float64(-1.723370019103422), np.float64(0.30959933671509166), np.float64(0.6285014001530009), np.float64(-1.7412097390107406), np.float64(0.8509629433967631), np.float64(-0.07743912457492572), np.float64(-0.42266086942453057), np.float64(-0.30602712737871307), np.float64(0.6187979307464262), np.float64(0.9460426826951814), np.float64(-1.1138273606417677), np.float64(0.6974995681950878)]",0,0.9008314356989563,1.5343088373723681
S1049,23.4,85.6,94.5,8.1,0.9,4.0,1,Bachelor,2.13,55.7,Pass,D,Medium Risk,1,1,2,2,3.87,2.35,0.13,20.03,0.3468055660786583,0.4338818328215812,1.4370276301239202,0.7223984523352134,-0.7616466955405379,1.6575644058394858,0.8509629433967631,-0.0774391245749257,-0.1526262548780458,-0.2247014985734862,-0.601924829482813,0.5079864212944127,-0.1478663407389669,0.6974995681950878,"[np.float64(0.34680556607865837), np.float64(0.4338818328215812), np.float64(1.4370276301239202), np.float64(0.7223984523352134), np.float64(-0.7616466955405379), np.float64(1.6575644058394858), np.float64(0.8509629433967631), np.float64(-0.07743912457492572), np.float64(-0.15262625487804585), np.float64(-0.22470149857348629), np.float64(-0.601924829482813), np.float64(0.5079864212944127), np.float64(-0.1478663407389669), np.float64(0.6974995681950878)]",0,1.076609902629134,-1.0501951181898785
S1050,2.4,70.9,92.6,8.8,2.1,3.91,0,Bachelor,2.2,48.7,Fail,F,Medium Risk,1,0,3,2,27.24,19.87,0.61,1.7,-1.8478025873774684,-0.6653198737811894,1.3385890148201174,1.20399742055869,-0.2982639969760249,1.5347171475918877,-1.1751393027860062,-0.0774391245749257,2.0931776390548182,1.901903003915428,0.0491273093061145,-1.7666796612767195,0.0255112782179468,0.0865153633991103,"[np.float64(-1.8478025873774684), np.float64(-0.6653198737811894), np.float64(1.3385890148201174), np.float64(1.2039974205586899), np.float64(-0.2982639969760249), np.float64(1.5347171475918875), np.float64(-1.1751393027860062), np.float64(-0.07743912457492572), np.float64(2.0931776390548182), np.float64(1.901903003915428), np.float64(0.04912730930611454), np.float64(-1.7666796612767197), np.float64(0.02551127821794681), np.float64(0.08651536339911035)]",0,-3.0325735873154542,-1.9834458633245449
S1051,23.2,81.3,52.5,6.8,1.0,1.77,0,High School,2.33,35.4,Fail,F,High Risk,0,0,3,0,2.17,1.99,0.19,18.86,0.3259045360457429,0.1123466397336959,-0.7389838660653975,-0.1719996315083841,-0.7230314706601618,-1.3863176596287892,-1.1751393027860062,-1.1837123327881494,-0.3159923917922893,-0.2683988513643544,-0.5205433121341971,0.362794969215404,0.3474982848522135,-1.0743546257132472,"[np.float64(0.32590453604574293), np.float64(0.1123466397336959), np.float64(-0.7389838660653975), np.float64(-0.17199963150838418), np.float64(-0.7230314706601618), np.float64(-1.3863176596287892), np.float64(-1.1751393027860062), np.float64(-1.1837123327881494), np.float64(-0.31599239179228933), np.float64(-0.2683988513643544), np.float64(-0.5205433121341971), np.float64(0.36279496921540405), np.float64(0.34749828485221357), np.float64(-1.0743546257132472)]",0,0.38175768644760094,0.10944800252609416
S1052,16.1,77.7,72.9,6.7,0.4,3.35,1,High School,2.2,39.0,Fail,F,High Risk,0,0,3,0,4.26,2.79,0.09,12.51,-0.4160820301227568,-0.1568456149445334,0.3179360035122714,-0.2407994841117376,-0.9547228199424184,0.7703342073846077,0.8509629433967631,-1.1837123327881494,-0.1151481411153665,-0.171293622940203,-0.6561791743818904,-0.4252099202732314,0.0255112782179468,-0.7601341775324587,"[np.float64(-0.41608203012275685), np.float64(-0.15684561494453342), np.float64(0.3179360035122714), np.float64(-0.2407994841117376), np.float64(-0.9547228199424184), np.float64(0.7703342073846077), np.float64(0.8509629433967631), np.float64(-1.1837123327881494), np.float64(-0.11514814111536652), np.float64(-0.17129362294020306), np.float64(-0.6561791743818904), np.float64(-0.42520992027323146), np.float64(0.02551127821794681), np.float64(-0.7601341775324587)]",0,-0.3664142509859698,-0.40493049771939527
S1053,13.2,97.5,74.9,5.7,3.0,2.4,0,High School,2.09,60.2,Pass,D,Low Risk,0,1,2,1,5.27,2.87,0.08,12.87,-0.7191469656000317,1.32371178578573,0.4215555985689056,-0.9287980101452744,0.0492730269473597,-0.5263868518955995,-1.1751393027860062,-1.1837123327881494,-0.0180894362427866,-0.1615831000977879,-0.6697427606066597,-0.3805356273258443,-0.246939265857203,1.0902751284210734,"[np.float64(-0.7191469656000317), np.float64(1.32371178578573), np.float64(0.4215555985689056), np.float64(-0.9287980101452743), np.float64(0.049273026947359765), np.float64(-0.5263868518955995), np.float64(-1.1751393027860062), np.float64(-1.1837123327881494), np.float64(-0.018089436242786618), np.float64(-0.16158310009778792), np.float64(-0.6697427606066597), np.float64(-0.3805356273258443), np.float64(-0.246939265857203), np.float64(1.0902751284210734)]",0,0.08134871487191073,-1.2202192388173367
S1054,26.1,83.8,70.2,5.8,0.2,3.01,1,Bachelor,2.37,51.5,Pass,D,Medium Risk,1,1,2,2,2.59,1.51,0.03,21.87,0.6289694715230179,0.2992857054824666,0.1780495501858151,-0.8599981575419209,-1.0319532697031704,0.3062445651159016,0.8509629433967631,-0.0774391245749257,-0.2756313462017115,-0.3266619884188452,-0.7375606917305063,0.7363216963588362,0.4465712099704496,0.3309090453175011,"[np.float64(0.6289694715230179), np.float64(0.2992857054824666), np.float64(0.17804955018581517), np.float64(-0.8599981575419209), np.float64(-1.0319532697031704), np.float64(0.3062445651159016), np.float64(0.8509629433967631), np.float64(-0.07743912457492572), np.float64(-0.27563134620171154), np.float64(-0.3266619884188452), np.float64(-0.7375606917305063), np.float64(0.7363216963588362), np.float64(0.44657120997044963), np.float64(0.3309090453175011)]",0,1.30261558494763,-0.666796596837787
S1055,30.3,85.1,54.0,6.7,4.1,3.04,1,Bachelor,2.25,62.7,Pass,D,Low Risk,1,1,2,1,1.73,1.51,0.61,25.79,1.067891102214243,0.396494019671827,-0.6612691697729218,-0.2407994841117376,0.4740405006314965,0.3471936511984347,0.8509629433967631,-0.0774391245749257,-0.3582753919347993,-0.3266619884188452,0.0491273093061145,1.2227751084526075,0.1493524346157413,1.3084837729910654,"[np.float64(1.067891102214243), np.float64(0.39649401967182707), np.float64(-0.6612691697729218), np.float64(-0.2407994841117376), np.float64(0.4740405006314965), np.float64(0.34719365119843476), np.float64(0.8509629433967631), np.float64(-0.07743912457492572), np.float64(-0.35827539193479935), np.float64(-0.3266619884188452), np.float64(0.04912730930611454), np.float64(1.2227751084526077), np.float64(0.14935243461574138), np.float64(1.3084837729910654)]",0,1.820233921177162,0.2732142133873204
S1056,29.3,73.8,51.6,7.6,1.1,2.61,1,High School,1.83,49.7,Fail,F,Medium Risk,0,0,3,2,1.7,1.77,0.29,21.62,0.9633859520496656,-0.4484705575126161,-0.7856126838408827,0.3783991893184451,-0.6844162457797857,-0.2397432493178696,0.8509629433967631,-1.1837123327881494,-0.3611583237626977,-0.295102789180996,-0.3849074498865039,0.7052978818120396,-0.8909132791257365,0.1737988212271071,"[np.float64(0.9633859520496656), np.float64(-0.4484705575126161), np.float64(-0.7856126838408827), np.float64(0.3783991893184451), np.float64(-0.6844162457797857), np.float64(-0.2397432493178696), np.float64(0.8509629433967631), np.float64(-1.1837123327881494), np.float64(-0.36115832376269774), np.float64(-0.29510278918099603), np.float64(-0.3849074498865039), np.float64(0.7052978818120396), np.float64(-0.8909132791257365), np.float64(0.17379882122710713)]",0,0.8722331979821436,0.531603687024794
S1057,11.6,72.7,64.5,8.4,0.0,2.17,1,Bachelor,1.76,29.7,Fail,F,High Risk,1,0,3,0,5.12,4.78,0.0,8.43,-0.8863552058633556,-0.5307237464420748,-0.1172662957255923,0.928798010145275,-1.1091837194639227,-0.840329845195018,0.8509629433967631,-0.0774391245749257,-0.0325040953822786,0.0702556327648734,-0.7782514504048142,-0.9315185736769532,-1.0642908980826498,-1.571870335332829,"[np.float64(-0.8863552058633556), np.float64(-0.5307237464420748), np.float64(-0.11726629572559238), np.float64(0.928798010145275), np.float64(-1.1091837194639227), np.float64(-0.840329845195018), np.float64(0.8509629433967631), np.float64(-0.07743912457492572), np.float64(-0.032504095382278636), np.float64(0.0702556327648734), np.float64(-0.7782514504048142), np.float64(-0.9315185736769531), np.float64(-1.0642908980826498), np.float64(-1.571870335332829)]",0,-1.5966443784975117,-0.049588114839021834
S1058,16.9,73.5,88.5,5.8,2.1,2.25,0,Master,2.33,57.3,Pass,D,Medium Risk,2,1,2,2,4.94,2.31,0.56,12.42,-0.3324779099910951,-0.4709032454024683,1.1261688449540177,-0.8599981575419209,-0.2982639969760249,-0.7311322823082637,-1.1751393027860062,1.028834083638298,-0.049801686349669,-0.2295567599946938,-0.0186906218177319,-0.4363784935100782,0.3474982848522135,0.8371531007198822,"[np.float64(-0.33247790999109517), np.float64(-0.47090324540246836), np.float64(1.1261688449540177), np.float64(-0.8599981575419209), np.float64(-0.2982639969760249), np.float64(-0.7311322823082637), np.float64(-1.1751393027860062), np.float64(1.0288340836382979), np.float64(-0.04980168634966909), np.float64(-0.22955675999469385), np.float64(-0.018690621817731998), np.float64(-0.43637849351007824), np.float64(0.34749828485221357), np.float64(0.8371531007198822)]",0,0.05806028054405883,-0.46827889427783703
S1059,23.3,85.9,75.9,9.2,0.1,2.07,0,High School,2.54,52.6,Pass,D,Medium Risk,0,1,2,2,3.12,2.68,0.01,20.01,0.3363550510622008,0.4563145207114346,0.4733653960972227,1.4791968309721035,-1.0705684945835463,-0.976826798803461,-1.1751393027860062,-1.1837123327881494,-0.2246995505755062,-0.1846455918485238,-0.764687864180045,0.505504516130669,0.8676311417229525,0.4269208489282977,"[np.float64(0.33635505106220087), np.float64(0.4563145207114346), np.float64(0.4733653960972227), np.float64(1.4791968309721035), np.float64(-1.0705684945835465), np.float64(-0.976826798803461), np.float64(-1.1751393027860062), np.float64(-1.1837123327881494), np.float64(-0.2246995505755062), np.float64(-0.18464559184852386), np.float64(-0.764687864180045), np.float64(0.505504516130669), np.float64(0.8676311417229525), np.float64(0.4269208489282977)]",0,1.4017712800816307,-1.2799536586189468
S1060,29.8,73.7,57.6,6.6,1.0,2.13,0,Bachelor,2.26,56.9,Pass,D,Medium Risk,1,1,2,2,1.87,1.51,0.26,21.96,1.0156385271319543,-0.4559481201425664,-0.4747538986709802,-0.3095993367150916,-0.7230314706601618,-0.8949286266383952,-1.1751393027860062,-0.0774391245749257,-0.3448217100712734,-0.3266619884188452,-0.4255982085608118,0.747490269595683,0.1741206658952998,0.8022397175886836,"[np.float64(1.0156385271319543), np.float64(-0.45594812014256647), np.float64(-0.4747538986709802), np.float64(-0.30959933671509166), np.float64(-0.7230314706601618), np.float64(-0.8949286266383952), np.float64(-1.1751393027860062), np.float64(-0.07743912457492572), np.float64(-0.34482171007127344), np.float64(-0.3266619884188452), np.float64(-0.4255982085608118), np.float64(0.747490269595683), np.float64(0.17412066589529984), np.float64(0.8022397175886836)]",0,1.4022166161396152,0.04247942588450559
S1061,15.2,84.3,80.4,7.0,3.7,2.75,1,Bachelor,1.95,49.4,Fail,F,Medium Risk,1,0,3,2,4.96,3.08,0.58,12.81,-0.5101366652708768,0.3366735186322206,0.7065094849746496,-0.0343999263016767,0.3195796011099924,-0.0486475142660494,0.8509629433967631,-0.0774391245749257,-0.0478797317977368,-0.1360929776364482,0.0084365506318065,-0.3879813428170753,-0.5936945037710287,0.1476137838787077,"[np.float64(-0.5101366652708768), np.float64(0.33667351863222067), np.float64(0.7065094849746496), np.float64(-0.034399926301676716), np.float64(0.3195796011099924), np.float64(-0.048647514266049484), np.float64(0.8509629433967631), np.float64(-0.07743912457492572), np.float64(-0.04787973179773685), np.float64(-0.1360929776364482), np.float64(0.008436550631806525), np.float64(-0.38798134281707536), np.float64(-0.5936945037710287), np.float64(0.14761378387870772)]",0,-0.4297463868971492,-0.16159078449254277
S1062,18.1,100.0,12.250000000000009,5.9,0.2,2.23,0,High School,1.79,25.0,Fail,F,High Risk,0,0,3,0,0.64,2.2,0.0,18.1,-0.2070717297936019,1.5106508515345007,-2.82432821658016,-0.7911983049385668,-1.0319532697031704,-0.7584316730299523,-1.1751393027860062,-1.1837123327881494,-0.4630219150151084,-0.2429087289030146,-0.7782514504048142,0.2684825729931424,-0.9899862042439724,-1.9821025871244136,"[np.float64(-0.2070717297936019), np.float64(1.5106508515345007), np.float64(-2.82432821658016), np.float64(-0.7911983049385668), np.float64(-1.0319532697031704), np.float64(-0.7584316730299523), np.float64(-1.1751393027860062), np.float64(-1.1837123327881494), np.float64(-0.4630219150151084), np.float64(-0.24290872890301465), np.float64(-0.7782514504048142), np.float64(0.2684825729931424), np.float64(-0.9899862042439725), np.float64(-1.9821025871244138)]",0,-0.5962143353911554,0.5684106409599538
S1063,8.9,93.1,88.0,3.4,5.5,3.35,0,Bachelor,1.53,46.3,Fail,F,Medium Risk,1,0,3,2,8.89,2.48,0.38,8.29,-1.168519111307715,0.9946990300678932,1.1002639461898591,-2.511194620022409,1.0146536489567617,0.7703342073846077,-1.1751393027860062,-0.0774391245749257,0.3297843376569553,-0.2089218989545617,-0.2628351738635799,-0.9488919098231594,-1.6339602175125068,-0.1229649353880824,"[np.float64(-1.1685191113077147), np.float64(0.9946990300678932), np.float64(1.1002639461898591), np.float64(-2.511194620022409), np.float64(1.0146536489567617), np.float64(0.7703342073846077), np.float64(-1.1751393027860062), np.float64(-0.07743912457492572), np.float64(0.32978433765695536), np.float64(-0.2089218989545617), np.float64(-0.2628351738635799), np.float64(-0.9488919098231594), np.float64(-1.6339602175125068), np.float64(-0.12296493538808244)]",0,-1.7117299769780308,-0.14106149502315063
S1064,8.0,75.1,30.2,8.3,0.0,3.99,1,Bachelor,1.88,51.7,Pass,D,Medium Risk,1,1,2,2,3.36,6.68,0.0,6.01,-1.2625737464558344,-0.3512622433232555,-1.894342350946868,0.8599981575419215,-1.1091837194639227,1.643914710478642,0.8509629433967631,-0.0774391245749257,-0.2016360959523189,0.3008805502722327,-0.7782514504048142,-1.231829098489945,-0.7670721227279419,0.3483657368831007,"[np.float64(-1.2625737464558344), np.float64(-0.35126224332325556), np.float64(-1.8943423509468682), np.float64(0.8599981575419215), np.float64(-1.1091837194639227), np.float64(1.643914710478642), np.float64(0.8509629433967631), np.float64(-0.07743912457492572), np.float64(-0.2016360959523189), np.float64(0.30088055027223276), np.float64(-0.7782514504048142), np.float64(-1.231829098489945), np.float64(-0.7670721227279419), np.float64(0.34836573688310074)]",0,-1.2631629105710207,-0.15957577139935208
S1065,28.1,98.0,57.8,8.1,0.9,2.34,1,Master,2.93,60.5,Pass,D,Low Risk,2,1,2,1,1.99,1.97,0.02,27.54,0.8379797718521728,1.3610995989354842,-0.464391939165317,0.7223984523352134,-0.7616466955405379,-0.6082850240606653,0.8509629433967631,1.028834083638298,-0.3332899827596797,-0.2708264820749582,-0.7511242779552756,1.4399418102801846,1.8335921616257536,1.1164601657694722,"[np.float64(0.8379797718521728), np.float64(1.3610995989354842), np.float64(-0.464391939165317), np.float64(0.7223984523352134), np.float64(-0.7616466955405379), np.float64(-0.6082850240606653), np.float64(0.8509629433967631), np.float64(1.0288340836382979), np.float64(-0.33328998275967975), np.float64(-0.2708264820749582), np.float64(-0.7511242779552756), np.float64(1.4399418102801846), np.float64(1.8335921616257538), np.float64(1.1164601657694722)]",0,2.655396802256891,-1.44661302500564
S1066,33.6,73.9,42.6,6.6,4.1,2.99,0,Master,1.77,47.3,Fail,F,Medium Risk,2,0,3,2,1.23,1.35,1.07,24.83,1.4127580977573488,-0.4409929948826646,-1.2519008615957363,-0.3095993367150916,0.4740405006314965,0.2789451743942136,-1.1751393027860062,1.028834083638298,-0.4063242557331062,-0.3460830341036754,0.6730522756455036,1.1036436605929083,-1.0395226668030906,-0.0356814775600856,"[np.float64(1.4127580977573488), np.float64(-0.44099299488266464), np.float64(-1.2519008615957365), np.float64(-0.30959933671509166), np.float64(0.4740405006314965), np.float64(0.2789451743942136), np.float64(-1.1751393027860062), np.float64(1.0288340836382979), np.float64(-0.4063242557331062), np.float64(-0.34608303410367547), np.float64(0.6730522756455036), np.float64(1.1036436605929085), np.float64(-1.0395226668030906), np.float64(-0.035681477560085655)]",0,0.751127066378935,1.8760113280186468
S1067,19.3,49.4,39.1,7.1,1.1,3.2,0,Bachelor,1.56,44.7,Fail,F,Medium Risk,1,0,3,2,1.93,2.48,0.56,9.53,-0.081665549596109,-2.2729958392206178,-1.4332351529448464,0.0343999263016767,-0.6844162457797857,0.5655887769719435,-1.1751393027860062,-0.0774391245749257,-0.3390558464154766,-0.2089218989545617,-0.0186906218177319,-0.7950137896710479,-1.5596555236738296,-0.2626184679128768,"[np.float64(-0.08166554959610901), np.float64(-2.2729958392206178), np.float64(-1.4332351529448464), np.float64(0.034399926301676716), np.float64(-0.6844162457797857), np.float64(0.5655887769719435), np.float64(-1.1751393027860062), np.float64(-0.07743912457492572), np.float64(-0.33905584641547665), np.float64(-0.2089218989545617), np.float64(-0.018690621817731998), np.float64(-0.7950137896710479), np.float64(-1.5596555236738296), np.float64(-0.2626184679128768)]",0,-1.1944153765642072,1.7791065243702597
S1068,30.0,64.9,88.2,7.8,0.3,3.18,1,Master,2.63,60.5,Pass,D,Low Risk,2,1,2,1,2.85,1.78,0.11,19.47,1.03653955716487,-1.113973631578239,1.1106259056955228,0.5159988945251526,-0.9933380448227944,0.5382893862502549,0.8509629433967631,1.028834083638298,-0.2506459370265919,-0.293888973825694,-0.6290520019323518,0.4384930767095878,1.0905452232389832,1.1164601657694722,"[np.float64(1.03653955716487), np.float64(-1.113973631578239), np.float64(1.1106259056955228), np.float64(0.5159988945251526), np.float64(-0.9933380448227944), np.float64(0.5382893862502549), np.float64(0.8509629433967631), np.float64(1.0288340836382979), np.float64(-0.25064593702659194), np.float64(-0.29388897382569407), np.float64(-0.6290520019323518), np.float64(0.43849307670958787), np.float64(1.0905452232389832), np.float64(1.1164601657694722)]",0,1.747805482255873,-0.7092391034571096
S1069,23.6,51.9,55.6,4.7,1.3,2.86,0,Bachelor,2.24,42.8,Fail,F,Medium Risk,1,0,3,2,2.26,1.35,0.63,12.25,0.3677065961115741,-2.086056773471847,-0.5783734937276144,-1.616796536178811,-0.6071857960190336,0.1014991347032374,-1.1751393027860062,-0.0774391245749257,-0.3073435963085941,-0.3460830341036754,0.0762544817556532,-0.4574746874018999,0.1245842033361829,-0.4284570377860712,"[np.float64(0.36770659611157414), np.float64(-2.086056773471847), np.float64(-0.5783734937276144), np.float64(-1.616796536178811), np.float64(-0.6071857960190336), np.float64(0.10149913470323746), np.float64(-1.1751393027860062), np.float64(-0.07743912457492572), np.float64(-0.3073435963085941), np.float64(-0.34608303410367547), np.float64(0.0762544817556532), np.float64(-0.45747468740189995), np.float64(0.1245842033361829), np.float64(-0.4284570377860712)]",0,-0.33583679892412627,1.3198570378140484
S1070,13.5,74.7,71.9,6.2,0.9,3.39,0,Bachelor,1.99,36.6,Fail,F,High Risk,1,0,3,0,4.96,3.06,0.23,10.08,-0.6877954205506583,-0.3811724938430582,0.2661262059839543,-0.584798747128506,-0.7616466955405379,0.8249329888279848,-1.1751393027860062,-0.0774391245749257,-0.0478797317977368,-0.138520608347052,-0.4662889672351198,-0.7267613976680951,-0.4946215786527926,-0.9696144763196508,"[np.float64(-0.6877954205506583), np.float64(-0.38117249384305824), np.float64(0.26612620598395437), np.float64(-0.584798747128506), np.float64(-0.7616466955405379), np.float64(0.8249329888279848), np.float64(-1.1751393027860062), np.float64(-0.07743912457492572), np.float64(-0.04787973179773685), np.float64(-0.138520608347052), np.float64(-0.4662889672351198), np.float64(-0.7267613976680951), np.float64(-0.49462157865279266), np.float64(-0.9696144763196509)]",0,-1.1075314458663645,0.027340569644389353
S1071,23.6,80.3,64.1,8.2,5.5,3.19,0,Bachelor,2.1,50.9,Pass,D,Medium Risk,1,1,2,2,2.61,2.36,1.08,18.95,0.3677065961115741,0.0375710134341876,-0.1379902147369195,0.7911983049385668,1.0146536489567617,0.551939081611099,-1.1751393027860062,-0.0774391245749257,-0.2737093916497792,-0.2234876832181844,0.6866158618702729,0.3739635424522508,-0.2221710345776434,0.2785389706207029,"[np.float64(0.36770659611157414), np.float64(0.03757101343418763), np.float64(-0.1379902147369195), np.float64(0.7911983049385668), np.float64(1.0146536489567617), np.float64(0.551939081611099), np.float64(-1.1751393027860062), np.float64(-0.07743912457492572), np.float64(-0.27370939164977925), np.float64(-0.2234876832181844), np.float64(0.6866158618702729), np.float64(0.37396354245225083), np.float64(-0.22217103457764342), np.float64(0.27853897062070293)]",0,0.42700880314076256,0.8883520490063876
S1072,35.4,100.0,74.5,5.1,1.1,1.81,1,High School,2.05,71.1,Pass,C,Low Risk,0,1,1,1,2.05,0.99,0.0,35.4,1.600867368053588,1.5106508515345007,0.4008316795575785,-1.3415971257653967,-0.6844162457797857,-1.331718878185412,0.8509629433967631,-1.1837123327881494,-0.3275241191038829,-0.3897803868945435,-0.7782514504048142,2.415330539631472,-0.346012190975439,2.041664818746238,"[np.float64(1.6008673680535879), np.float64(1.5106508515345007), np.float64(0.4008316795575785), np.float64(-1.3415971257653967), np.float64(-0.6844162457797857), np.float64(-1.3317188781854121), np.float64(0.8509629433967631), np.float64(-1.1837123327881494), np.float64(-0.32752411910388296), np.float64(-0.38978038689454353), np.float64(-0.7782514504048142), np.float64(2.415330539631472), np.float64(-0.34601219097543906), np.float64(2.041664818746238)]",0,3.1146720169973987,-1.212228190739163
S1073,19.6,84.9,66.5,7.4,4.7,3.5,0,Master,2.34,41.4,Fail,F,Medium Risk,2,0,3,2,3.23,2.55,0.71,16.64,-0.0503140045467357,0.3815388944119263,-0.0136467006689582,0.2407994841117382,0.7057318499137532,0.9750796377972718,-1.1751393027860062,1.028834083638298,-0.2141288005398787,-0.2004251914674484,0.1847631715538077,0.0873034960398497,0.372266516131772,-0.5506538787452666,"[np.float64(-0.0503140045467357), np.float64(0.3815388944119263), np.float64(-0.013646700668958208), np.float64(0.2407994841117382), np.float64(0.7057318499137532), np.float64(0.9750796377972718), np.float64(-1.1751393027860062), np.float64(1.0288340836382979), np.float64(-0.2141288005398787), np.float64(-0.20042519146744847), np.float64(0.18476317155380775), np.float64(0.08730349603984972), np.float64(0.37226651613177203), np.float64(-0.5506538787452666)]",0,0.01849418900468017,0.4170706197999731
S1074,35.6,76.7,39.3,5.0,6.7,3.51,1,Bachelor,2.83,57.0,Pass,D,Medium Risk,1,1,2,2,1.07,0.96,1.56,27.31,1.6217683980865036,-0.2316212412440417,-1.4228731934391832,-1.4103969783687502,1.4780363475212748,0.9887293331581156,0.8509629433967631,-0.0774391245749257,-0.4216998921485644,-0.3934218329604492,1.3376680006592006,1.4113999008971316,1.5859098488301635,0.8109680633714834,"[np.float64(1.6217683980865036), np.float64(-0.2316212412440417), np.float64(-1.4228731934391832), np.float64(-1.4103969783687502), np.float64(1.4780363475212748), np.float64(0.9887293331581157), np.float64(0.8509629433967631), np.float64(-0.07743912457492572), np.float64(-0.42169989214856446), np.float64(-0.39342183296044925), np.float64(1.3376680006592006), np.float64(1.4113999008971316), np.float64(1.5859098488301637), np.float64(0.8109680633714834)]",0,2.0712702767642357,1.6711658750242404
S1075,0.0,92.4,84.9,7.7,1.7,2.19,1,Bachelor,2.14,44.3,Fail,F,Medium Risk,1,0,3,2,84.9,77.0,0.13,0.0,-2.0986149477724543,0.9423560916582384,0.9396535738520764,0.4471990419217991,-0.4527248964975293,-0.8130304544733294,0.8509629433967631,-0.0774391245749257,7.634172612275569,8.836430128755135,-0.601924829482813,-1.977641600194937,-0.1230981094594073,-0.297531851044076,"[np.float64(-2.0986149477724543), np.float64(0.9423560916582383), np.float64(0.9396535738520765), np.float64(0.4471990419217991), np.float64(-0.4527248964975293), np.float64(-0.8130304544733294), np.float64(0.8509629433967631), np.float64(-0.07743912457492572), np.float64(7.634172612275569), np.float64(8.836430128755135), np.float64(-0.601924829482813), np.float64(-1.977641600194937), np.float64(-0.12309810945940733), np.float64(-0.29753185104407603)]",1,-7.64895714331944,-7.325165192270278
S1076,28.2,46.8,55.1,6.9,7.2,2.83,1,PhD,1.88,33.4,Fail,F,High Risk,3,0,3,0,1.89,1.67,3.83,13.2,0.8484302868686303,-2.467412467599339,-0.604278392491773,-0.1031997789050301,1.6711124719231554,0.0605500486207048,0.8509629433967631,2.1351072918515213,-0.3428997555193412,-0.3072409427340149,4.416602073681837,-0.3395841921240727,-0.7670721227279419,-1.248921541369241,"[np.float64(0.8484302868686303), np.float64(-2.467412467599339), np.float64(-0.604278392491773), np.float64(-0.10319977890503014), np.float64(1.6711124719231554), np.float64(0.06055004862070488), np.float64(0.8509629433967631), np.float64(2.1351072918515213), np.float64(-0.3428997555193412), np.float64(-0.3072409427340149), np.float64(4.416602073681837), np.float64(-0.3395841921240727), np.float64(-0.7670721227279419), np.float64(-1.248921541369241)]",0,-1.3568835748355543,4.745328257980427
S1077,20.9,83.5,33.9,4.6,1.4,3.35,0,High School,2.09,48.2,Fail,F,Medium Risk,0,0,3,2,1.55,1.49,0.23,17.45,0.0855426906672147,0.2768530175926142,-1.7026461000920954,-1.685596388782165,-0.5685705711386575,0.7703342073846077,-1.1751393027860062,-1.1837123327881494,-0.3755729829021899,-0.3290896191294489,-0.4662889672351198,0.1878206551714707,-0.246939265857203,0.0428736344851119,"[np.float64(0.0855426906672147), np.float64(0.27685301759261427), np.float64(-1.7026461000920954), np.float64(-1.685596388782165), np.float64(-0.5685705711386575), np.float64(0.7703342073846077), np.float64(-1.1751393027860062), np.float64(-1.1837123327881494), np.float64(-0.3755729829021899), np.float64(-0.32908961912944895), np.float64(-0.4662889672351198), np.float64(0.18782065517147079), np.float64(-0.246939265857203), np.float64(0.04287363448511195)]",0,0.235595482441268,0.43907493719747565
S1078,17.0,91.6,56.4,8.7,9.15,2.63,1,Bachelor,2.12,40.6,Fail,F,Medium Risk,1,0,3,2,3.13,3.44,0.77,15.57,-0.3220273949746373,0.8825355906186308,-0.5369256557049609,1.1351975679553352,2.424109357090489,-0.212443858596181,0.8509629433967631,-0.0774391245749257,-0.22373857329954,-0.0923956248455801,0.2661446889024237,-0.04547843022044,-0.1726345720185253,-0.6204806450076638,"[np.float64(-0.3220273949746373), np.float64(0.8825355906186308), np.float64(-0.5369256557049609), np.float64(1.1351975679553352), np.float64(2.424109357090489), np.float64(-0.21244385859618103), np.float64(0.8509629433967631), np.float64(-0.07743912457492572), np.float64(-0.22373857329954008), np.float64(-0.09239562484558012), np.float64(0.26614468890242376), np.float64(-0.04547843022044009), np.float64(-0.17263457201852536), np.float64(-0.6204806450076638)]",0,-0.35578957241910997,0.8610916150363457
S1079,20.9,57.8,95.0,5.9,0.3,3.66,1,High School,2.07,58.3,Pass,D,Medium Risk,0,1,2,2,4.34,1.91,0.13,12.08,0.0855426906672147,-1.6448805783047484,1.4629325288880788,-0.7911983049385668,-0.9933380448227944,1.1934747635707803,0.8509629433967631,-1.1837123327881494,-0.1074603229076374,-0.2781093742067695,-0.601924829482813,-0.4785708812937216,-0.296475728416321,0.924436558547879,"[np.float64(0.0855426906672147), np.float64(-1.6448805783047484), np.float64(1.4629325288880788), np.float64(-0.7911983049385668), np.float64(-0.9933380448227944), np.float64(1.1934747635707805), np.float64(0.8509629433967631), np.float64(-1.1837123327881494), np.float64(-0.1074603229076374), np.float64(-0.2781093742067695), np.float64(-0.601924829482813), np.float64(-0.47857088129372166), np.float64(-0.296475728416321), np.float64(0.924436558547879)]",0,0.199494377748973,-0.3495550976267753
S1080,0.1,97.2,82.0,5.8,3.5,4.0,1,Master,2.42,40.2,Fail,F,Medium Risk,2,0,3,2,74.55,50.75,0.1,0.1,-2.0881644327559963,1.3012790978958777,0.7894051610199566,-0.8599981575419209,0.2423491513492401,1.6575644058394858,0.8509629433967631,1.028834083638298,6.639561131650615,5.650164821087669,-0.642615588157121,-1.9652320743762184,0.5704123663682442,-0.6553940281388624,"[np.float64(-2.0881644327559963), np.float64(1.3012790978958777), np.float64(0.7894051610199566), np.float64(-0.8599981575419209), np.float64(0.24234915134924015), np.float64(1.6575644058394858), np.float64(0.8509629433967631), np.float64(1.0288340836382979), np.float64(6.639561131650615), np.float64(5.650164821087669), np.float64(-0.642615588157121), np.float64(-1.9652320743762184), np.float64(0.5704123663682442), np.float64(-0.6553940281388624)]",-1,-6.193791371060558,-5.624381086996247
S1081,17.8,85.1,58.0,7.3,2.0,2.17,1,Master,2.17,46.2,Fail,F,Medium Risk,2,0,3,2,3.09,2.76,0.3,15.15,-0.2384232748429752,0.396494019671827,-0.4540299796596534,0.1719996315083841,-0.336879221856401,-0.840329845195018,0.8509629433967631,1.028834083638298,-0.2275824824034046,-0.1749350690061087,-0.3713438636617345,-0.0975984386590585,-0.0487934156207308,-0.1316932811708816,"[np.float64(-0.2384232748429752), np.float64(0.39649401967182707), np.float64(-0.4540299796596534), np.float64(0.17199963150838418), np.float64(-0.336879221856401), np.float64(-0.840329845195018), np.float64(0.8509629433967631), np.float64(1.0288340836382979), np.float64(-0.22758248240340465), np.float64(-0.17493506900610875), np.float64(-0.37134386366173455), np.float64(-0.0975984386590585), np.float64(-0.04879341562073081), np.float64(-0.13169328117088164)]",0,0.011100293847238292,-0.18746293185597912
S1082,23.6,73.8,58.0,8.7,1.5,1.7,1,Bachelor,2.12,53.2,Pass,D,Medium Risk,1,1,2,2,2.36,2.51,0.39,17.42,0.3677065961115741,-0.4484705575126161,-0.4540299796596534,1.1351975679553352,-0.5299553462582814,-1.4818655271546992,0.8509629433967631,-0.0774391245749257,-0.2977338235489327,-0.205280452888656,-0.2492715876388105,0.1840977974258554,-0.1726345720185253,0.4792909236250959,"[np.float64(0.36770659611157414), np.float64(-0.4484705575126161), np.float64(-0.4540299796596534), np.float64(1.1351975679553352), np.float64(-0.5299553462582814), np.float64(-1.4818655271546992), np.float64(0.8509629433967631), np.float64(-0.07743912457492572), np.float64(-0.2977338235489327), np.float64(-0.20528045288865607), np.float64(-0.24927158763881058), np.float64(0.18409779742585547), np.float64(-0.17263457201852536), np.float64(0.4792909236250959)]",0,0.6562907782613117,0.04567589370483251
S1083,34.8,89.5,58.6,5.5,3.0,3.04,1,Bachelor,2.21,57.8,Pass,D,Medium Risk,1,1,2,2,1.64,1.08,0.32,31.15,1.5381642779548412,0.7255067753896639,-0.4229441011426631,-1.0663977153519817,0.0492730269473597,0.3471936511984347,0.8509629433967631,-0.0774391245749257,-0.3669241874184946,-0.3788560486968265,-0.3442166912121959,1.8879256923359284,0.0502795094975052,0.8807948296338807,"[np.float64(1.5381642779548412), np.float64(0.7255067753896639), np.float64(-0.4229441011426631), np.float64(-1.0663977153519817), np.float64(0.049273026947359765), np.float64(0.34719365119843476), np.float64(0.8509629433967631), np.float64(-0.07743912457492572), np.float64(-0.36692418741849464), np.float64(-0.37885604869682654), np.float64(-0.3442166912121959), np.float64(1.8879256923359284), np.float64(0.05027950949750529), np.float64(0.8807948296338807)]",0,2.2695802971721037,0.04996136079478244
S1084,14.8,100.0,100.0,7.1,3.7,3.38,1,Bachelor,3.01,41.1,Fail,F,Medium Risk,1,0,3,2,6.33,3.21,0.0,14.8,-0.5519387253367076,1.5106508515345007,1.721981516529664,0.0343999263016767,0.3195796011099924,0.8112832934671402,0.8509629433967631,-0.0774391245749257,0.083774155009624,-0.1203133780175236,-0.7782514504048142,-0.1410317790245737,2.031738011862225,-0.5768389160936653,"[np.float64(-0.5519387253367076), np.float64(1.5106508515345007), np.float64(1.7219815165296641), np.float64(0.034399926301676716), np.float64(0.3195796011099924), np.float64(0.8112832934671402), np.float64(0.8509629433967631), np.float64(-0.07743912457492572), np.float64(0.08377415500962404), np.float64(-0.12031337801752362), np.float64(-0.7782514504048142), np.float64(-0.14103177902457378), np.float64(2.031738011862225), np.float64(-0.5768389160936653)]",0,0.5639538410607691,-1.8154328028714986
S1085,11.9,82.7,72.6,7.6,0.0,2.62,1,Master,2.36,39.0,Fail,F,High Risk,2,0,3,0,5.63,4.22,0.0,9.84,-0.8550036608139823,0.2170325165530079,0.3023930642537757,0.3783991893184451,-1.1091837194639227,-0.226093553957025,0.8509629433967631,1.028834083638298,0.0165057456919943,0.0022819728679674,-0.7782514504048142,-0.75654425963302,0.42180297869089,-0.7601341775324587,"[np.float64(-0.8550036608139823), np.float64(0.2170325165530079), np.float64(0.3023930642537757), np.float64(0.3783991893184451), np.float64(-1.1091837194639227), np.float64(-0.22609355395702502), np.float64(0.8509629433967631), np.float64(1.0288340836382979), np.float64(0.016505745691994374), np.float64(0.002281972867967413), np.float64(-0.7782514504048142), np.float64(-0.75654425963302), np.float64(0.42180297869089006), np.float64(-0.7601341775324587)]",0,-0.6674573981525448,-0.974076949466298
S1086,15.0,83.7,73.6,8.0,0.5,3.96,0,Bachelor,2.22,57.7,Pass,D,Medium Risk,1,1,2,2,4.6,3.57,0.08,12.56,-0.5310376953037922,0.2918081428525161,0.3542028617820928,0.65359859973186,-0.9161075950620422,1.6029656243961088,-1.1751393027860062,-0.0774391245749257,-0.0824749137325178,-0.0766160252266555,-0.6697427606066597,-0.419005157363872,0.0750477407770648,0.8720664838510814,"[np.float64(-0.5310376953037922), np.float64(0.29180814285251616), np.float64(0.3542028617820928), np.float64(0.65359859973186), np.float64(-0.9161075950620422), np.float64(1.6029656243961088), np.float64(-1.1751393027860062), np.float64(-0.07743912457492572), np.float64(-0.08247491373251785), np.float64(-0.07661602522665553), np.float64(-0.6697427606066597), np.float64(-0.419005157363872), np.float64(0.07504774077706486), np.float64(0.8720664838510814)]",0,0.17093397769927374,-1.0652779167773159
S1087,29.2,73.1,85.6,7.3,3.7,1.73,0,Bachelor,2.67,55.6,Pass,D,Medium Risk,1,1,2,2,2.83,1.71,1.0,21.35,0.9529354370332076,-0.5008134959222721,0.9759204321218978,0.1719996315083841,0.3195796011099924,-1.4409164410721664,-1.1751393027860062,-0.0774391245749257,-0.2525678915785242,-0.3023856813128073,0.5781071720721183,0.6717921621014992,1.1896181483572192,0.688771222412288,"[np.float64(0.9529354370332077), np.float64(-0.5008134959222721), np.float64(0.9759204321218978), np.float64(0.17199963150838418), np.float64(0.3195796011099924), np.float64(-1.4409164410721664), np.float64(-1.1751393027860062), np.float64(-0.07743912457492572), np.float64(-0.2525678915785242), np.float64(-0.30238568131280735), np.float64(0.5781071720721183), np.float64(0.6717921621014992), np.float64(1.1896181483572192), np.float64(0.688771222412288)]",0,1.5208571718560593,0.0998794980227958
S1088,23.3,67.3,69.8,6.4,3.3,3.35,0,PhD,2.05,43.4,Fail,F,Medium Risk,3,0,3,2,2.87,1.87,1.08,15.68,0.3363550510622008,-0.9345121284594198,0.157325631174488,-0.4471990419217985,0.1651187015884879,0.7703342073846077,-1.1751393027860062,2.1351072918515213,-0.2487239824746596,-0.2829646356279771,0.6866158618702729,-0.0318279518198496,-0.346012190975439,-0.376086963089273,"[np.float64(0.33635505106220087), np.float64(-0.9345121284594198), np.float64(0.15732563117448803), np.float64(-0.4471990419217985), np.float64(0.16511870158848793), np.float64(0.7703342073846077), np.float64(-1.1751393027860062), np.float64(2.1351072918515213), np.float64(-0.24872398247465966), np.float64(-0.2829646356279771), np.float64(0.6866158618702729), np.float64(-0.03182795181984962), np.float64(-0.34601219097543906), np.float64(-0.37608696308927303)]",0,-0.27836633111011494,1.2579950008677914
S1089,14.7,92.5,59.8,5.8,9.15,2.32,1,High School,1.75,29.3,Fail,F,High Risk,0,0,3,0,3.81,2.64,0.69,13.6,-0.5623892403531655,0.9498336542881888,-0.3607723441086828,-0.8599981575419209,2.424109357090489,-0.6355844147823538,0.8509629433967631,-1.1837123327881494,-0.1583921185338427,-0.1895008532697314,0.1576359991042691,-0.289946088849198,-1.0890591293622087,-1.6067837184640277,"[np.float64(-0.5623892403531655), np.float64(0.9498336542881887), np.float64(-0.3607723441086828), np.float64(-0.8599981575419209), np.float64(2.424109357090489), np.float64(-0.6355844147823538), np.float64(0.8509629433967631), np.float64(-1.1837123327881494), np.float64(-0.1583921185338427), np.float64(-0.18950085326973143), np.float64(0.1576359991042691), np.float64(-0.289946088849198), np.float64(-1.0890591293622087), np.float64(-1.6067837184640275)]",0,-1.3110173885102436,1.2717020156029615
S1090,25.1,67.2,61.1,7.1,4.3,4.0,1,High School,2.01,37.8,Fail,F,High Risk,0,0,3,0,2.34,1.93,1.41,16.87,0.5244643213584403,-0.9419896910893704,-0.2934196073218704,0.0343999263016767,0.5512709503922487,1.6575644058394858,0.8509629433967631,-1.1837123327881494,-0.2996557781008649,-0.2756817434961657,1.1342142072876604,0.1158454054229027,-0.4450851160936752,-0.8648743269260551,"[np.float64(0.5244643213584403), np.float64(-0.9419896910893703), np.float64(-0.2934196073218704), np.float64(0.034399926301676716), np.float64(0.5512709503922487), np.float64(1.6575644058394858), np.float64(0.8509629433967631), np.float64(-1.1837123327881494), np.float64(-0.29965577810086497), np.float64(-0.27568174349616575), np.float64(1.1342142072876604), np.float64(0.11584540542290271), np.float64(-0.4450851160936752), np.float64(-0.8648743269260551)]",0,-0.21979157062951504,1.8496262299322266
S1091,21.0,81.1,63.6,5.4,9.0,4.0,1,Bachelor,1.67,26.7,Fail,F,High Risk,1,0,3,0,2.89,1.74,1.7,17.03,0.0959932056836726,0.097391514473794,-0.1638951135010777,-1.1351975679553352,2.3661865197699243,1.6575644058394858,0.8509629433967631,-0.0774391245749257,-0.2468020279227273,-0.2987442352469016,1.5275582078059708,0.1357006467328526,-1.2872049795986809,-1.8337207088168197,"[np.float64(0.0959932056836726), np.float64(0.09739151447379403), np.float64(-0.1638951135010777), np.float64(-1.1351975679553352), np.float64(2.3661865197699243), np.float64(1.6575644058394858), np.float64(0.8509629433967631), np.float64(-0.07743912457492572), np.float64(-0.24680202792272737), np.float64(-0.29874423524690163), np.float64(1.5275582078059708), np.float64(0.1357006467328526), np.float64(-1.2872049795986809), np.float64(-1.8337207088168193)]",0,-1.2270774349531697,2.633363085339771
S1092,29.7,72.8,64.3,3.2124999999999986,3.6,2.19,1,PhD,2.25,47.2,Fail,F,Medium Risk,3,0,3,2,2.09,0.74,0.98,21.62,1.0051880121154966,-0.5232461838121244,-0.1276282552312559,-2.640194343653698,0.2809643762296163,-0.8130304544733294,0.8509629433967631,2.1351072918515213,-0.3236802100000184,-0.4201257707770908,0.5509799996225796,0.7052978818120396,0.1493524346157413,-0.0444098233428848,"[np.float64(1.0051880121154966), np.float64(-0.5232461838121244), np.float64(-0.12762825523125595), np.float64(-2.640194343653698), np.float64(0.2809643762296163), np.float64(-0.8130304544733294), np.float64(0.8509629433967631), np.float64(2.1351072918515213), np.float64(-0.3236802100000184), np.float64(-0.42012577077709085), np.float64(0.5509799996225796), np.float64(0.7052978818120396), np.float64(0.14935243461574138), np.float64(-0.04440982334288484)]",0,0.6786703364855473,1.158750958867076
S1093,13.0,87.2,79.6,7.7,1.1,2.36,1,Bachelor,1.7,45.8,Fail,F,Medium Risk,1,0,3,2,5.69,3.93,0.14,11.34,-0.7400479956329471,0.5535228349007951,0.6650616469519953,0.4471990419217991,-0.6844162457797857,-0.5809856333389767,0.8509629433967631,-0.0774391245749257,0.0222716093477912,-0.0329186724357873,-0.5883612432580437,-0.5704013723522399,-1.2129002857600035,-0.1666066643020808,"[np.float64(-0.7400479956329471), np.float64(0.5535228349007951), np.float64(0.6650616469519953), np.float64(0.4471990419217991), np.float64(-0.6844162457797857), np.float64(-0.5809856333389767), np.float64(0.8509629433967631), np.float64(-0.07743912457492572), np.float64(0.02227160934779125), np.float64(-0.032918672435787395), np.float64(-0.5883612432580437), np.float64(-0.5704013723522399), np.float64(-1.2129002857600037), np.float64(-0.16660666430208085)]",0,-0.7970779007616169,-0.7375698146539402
S1094,16.7,85.0,66.0,8.4,0.3,3.49,1,High School,1.97,42.3,Fail,F,Medium Risk,0,0,3,2,3.73,3.38,0.04,14.2,-0.3533789400240105,0.3890164570418767,-0.0395515994331167,0.928798010145275,-0.9933380448227944,0.9614299424364278,0.8509629433967631,-1.1837123327881494,-0.1660799367415718,-0.0996785169773914,-0.7239971055057369,-0.2154889339368859,-0.5441580412119107,-0.4720987667000696,"[np.float64(-0.35337894002401055), np.float64(0.3890164570418767), np.float64(-0.03955159943311675), np.float64(0.928798010145275), np.float64(-0.9933380448227944), np.float64(0.9614299424364278), np.float64(0.8509629433967631), np.float64(-1.1837123327881494), np.float64(-0.16607993674157182), np.float64(-0.09967851697739147), np.float64(-0.7239971055057369), np.float64(-0.21548893393688598), np.float64(-0.5441580412119107), np.float64(-0.4720987667000696)]",0,-0.18813456646028726,-0.5392266472254962
S1095,16.1,95.6,79.7,3.5,4.6,2.49,0,Bachelor,1.6,47.7,Fail,F,Medium Risk,1,0,3,2,4.66,1.46,0.2,15.39,-0.4160820301227568,1.181638095816664,0.6702426267048275,-2.442394767419055,0.6671166250333769,-0.4035395936480005,-1.1751393027860062,-0.0774391245749257,-0.0767090500767209,-0.3327310651953546,-0.5069797259094277,-0.0678155766941336,-1.4605825985555936,-0.0007680944288864,"[np.float64(-0.41608203012275685), np.float64(1.181638095816664), np.float64(0.6702426267048275), np.float64(-2.442394767419055), np.float64(0.6671166250333769), np.float64(-0.40353959364800057), np.float64(-1.1751393027860062), np.float64(-0.07743912457492572), np.float64(-0.07670905007672096), np.float64(-0.33273106519535467), np.float64(-0.5069797259094277), np.float64(-0.06781557669413366), np.float64(-1.4605825985555936), np.float64(-0.0007680944288864422)]",0,-0.5757481397031373,-0.11433080902195081
S1096,5.4,72.3,63.4,5.5,3.1,2.76,1,Bachelor,1.73,38.9,Fail,F,High Risk,1,0,3,0,9.91,6.31,0.86,3.9,-1.534287136883736,-0.5606339969618784,-0.1742570730067412,-1.0663977153519817,0.0878882518277358,-0.0349978189052054,0.8509629433967631,-0.0774391245749257,0.4278040198055013,0.2559693821260627,0.3882169649253477,-1.4936700932649087,-1.1385955919213266,-0.7688625233152585,"[np.float64(-1.5342871368837359), np.float64(-0.5606339969618784), np.float64(-0.17425707300674126), np.float64(-1.0663977153519817), np.float64(0.08788825182773588), np.float64(-0.034997818905205494), np.float64(0.8509629433967631), np.float64(-0.07743912457492572), np.float64(0.42780401980550137), np.float64(0.25596938212606274), np.float64(0.3882169649253477), np.float64(-1.4936700932649087), np.float64(-1.1385955919213266), np.float64(-0.7688625233152585)]",0,-2.541815475379355,0.5165214102325644
S1097,23.0,76.0,66.6,7.9,0.1,2.82,0,High School,2.25,68.5,Pass,C,Low Risk,0,1,1,1,2.78,2.33,0.02,17.48,0.3050035060128275,-0.2839641796536977,-0.0084657209161267,0.5847987471285065,-1.0705684945835463,0.0469003532598602,-1.1751393027860062,-1.1837123327881494,-0.2573727779583549,-0.22712912928409,-0.7511242779552756,0.1915435129170865,0.1493524346157413,1.8147278283934465,"[np.float64(0.30500350601282755), np.float64(-0.2839641796536977), np.float64(-0.008465720916126792), np.float64(0.5847987471285065), np.float64(-1.0705684945835465), np.float64(0.04690035325986028), np.float64(-1.1751393027860062), np.float64(-1.1837123327881494), np.float64(-0.2573727779583549), np.float64(-0.22712912928409007), np.float64(-0.7511242779552756), np.float64(0.19154351291708652), np.float64(0.14935243461574138), np.float64(1.8147278283934465)]",0,1.3112141602709468,-0.9151583425252885
S1098,22.6,65.3,25.0,10.1,1.3,1.26,0,Bachelor,1.65,27.9,Fail,F,High Risk,1,0,3,0,1.06,3.03,0.45,14.76,0.2632014459469967,-1.0840633810584364,-2.163753298094117,2.098395504402287,-0.6071857960190336,-2.082452123031848,-1.1751393027860062,-0.0774391245749257,-0.4226608694245305,-0.1421620544129576,-0.1678900702901946,-0.1459955893520613,-1.336741442157799,-1.7289805594232233,"[np.float64(0.2632014459469967), np.float64(-1.0840633810584364), np.float64(-2.163753298094117), np.float64(2.098395504402287), np.float64(-0.6071857960190336), np.float64(-2.082452123031848), np.float64(-1.1751393027860062), np.float64(-0.07743912457492572), np.float64(-0.42266086942453057), np.float64(-0.14216205441295768), np.float64(-0.16789007029019462), np.float64(-0.14599558935206136), np.float64(-1.336741442157799), np.float64(-1.7289805594232233)]",0,-0.8631995765698915,1.6554872370629012
S1099,20.1,73.3,83.3,7.0,9.15,2.79,0,PhD,1.88,56.1,Pass,D,Medium Risk,3,1,2,2,3.95,2.36,2.44,14.73,0.001938570535553,-0.4858583706623702,0.8567578978067687,-0.0343999263016767,2.424109357090489,0.0059512671773276,-1.1751393027860062,2.1351072918515213,-0.1449384366703167,-0.2234876832181844,2.531263588438901,-0.1497184470976769,-0.7670721227279419,0.7324129513262865,"[np.float64(0.001938570535553035), np.float64(-0.4858583706623702), np.float64(0.8567578978067687), np.float64(-0.034399926301676716), np.float64(2.424109357090489), np.float64(0.005951267177327695), np.float64(-1.1751393027860062), np.float64(2.1351072918515213), np.float64(-0.14493843667031675), np.float64(-0.2234876832181844), np.float64(2.531263588438901), np.float64(-0.1497184470976769), np.float64(-0.7670721227279419), np.float64(0.7324129513262865)]",0,-0.5590191192386221,2.1014705738188235
S1100,17.7,85.7,71.9,5.9,2.1,2.25,0,Bachelor,1.83,56.7,Pass,D,Medium Risk,1,1,2,2,3.84,2.24,0.3,15.17,-0.2488737898594331,0.4413593954515327,0.2661262059839543,-0.7911983049385668,-0.2982639969760249,-0.7311322823082637,-1.1751393027860062,-0.0774391245749257,-0.1555091867059443,-0.238053467481807,-0.3713438636617345,-0.0951165334953148,-0.8909132791257365,0.7847830260230847,"[np.float64(-0.2488737898594331), np.float64(0.4413593954515327), np.float64(0.26612620598395437), np.float64(-0.7911983049385668), np.float64(-0.2982639969760249), np.float64(-0.7311322823082637), np.float64(-1.1751393027860062), np.float64(-0.07743912457492572), np.float64(-0.1555091867059443), np.float64(-0.23805346748180709), np.float64(-0.37134386366173455), np.float64(-0.0951165334953148), np.float64(-0.8909132791257365), np.float64(0.7847830260230847)]",0,0.019815434754264612,-0.37492951424851134
S1101,5.8,91.4,85.0,6.7,1.7,2.41,1,Bachelor,2.29,41.1,Fail,F,Medium Risk,1,0,3,2,12.5,7.22,0.15,5.3,-1.4924850768179048,0.86758046535873,0.944834553604908,-0.2407994841117376,-0.4527248964975293,-0.5127371565347549,0.8509629433967631,-0.0774391245749257,0.6766971342807311,0.3664265794585349,-0.5747976570332743,-1.3199367318028474,0.2484253597339774,-0.5768389160936653,"[np.float64(-1.4924850768179048), np.float64(0.86758046535873), np.float64(0.9448345536049079), np.float64(-0.2407994841117376), np.float64(-0.4527248964975293), np.float64(-0.5127371565347549), np.float64(0.8509629433967631), np.float64(-0.07743912457492572), np.float64(0.6766971342807311), np.float64(0.3664265794585349), np.float64(-0.5747976570332743), np.float64(-1.3199367318028474), np.float64(0.24842535973397747), np.float64(-0.5768389160936653)]",0,-1.550419644354822,-1.6080944655578078
S1102,15.8,66.2,12.250000000000009,9.1,1.8,3.95,1,Bachelor,1.54,32.2,Fail,F,High Risk,1,0,3,0,0.73,3.86,0.61,10.46,-0.4474335751721301,-1.0167653173888784,-2.82432821658016,1.4103969783687502,-0.4141096716171532,1.5893159290352648,0.8509629433967631,-0.0774391245749257,-0.4543731195314131,-0.0414153799229006,0.0491273093061145,-0.6796051995569641,-1.6091919862329476,-1.3536616907628367,"[np.float64(-0.4474335751721301), np.float64(-1.0167653173888784), np.float64(-2.82432821658016), np.float64(1.4103969783687502), np.float64(-0.4141096716171532), np.float64(1.5893159290352648), np.float64(0.8509629433967631), np.float64(-0.07743912457492572), np.float64(-0.4543731195314131), np.float64(-0.041415379922900675), np.float64(0.04912730930611454), np.float64(-0.6796051995569641), np.float64(-1.6091919862329476), np.float64(-1.3536616907628367)]",0,-1.5489176734421248,1.9831052893337642
S1103,16.6,93.0,100.0,6.0,0.7,1.79,0,High School,2.53,54.2,Pass,D,Medium Risk,0,1,2,2,5.68,2.43,0.05,15.44,-0.3638294550404681,0.9872214674379428,1.721981516529664,-0.7223984523352134,-0.8388771453012902,-1.3590182689071006,-1.1751393027860062,-1.1837123327881494,0.021310632071825,-0.2149909757310711,-0.7104335192809677,-0.0616108137847744,0.8428629104433929,0.5665743814530927,"[np.float64(-0.3638294550404681), np.float64(0.9872214674379428), np.float64(1.7219815165296641), np.float64(-0.7223984523352134), np.float64(-0.8388771453012902), np.float64(-1.3590182689071006), np.float64(-1.1751393027860062), np.float64(-1.1837123327881494), np.float64(0.021310632071825045), np.float64(-0.21499097573107115), np.float64(-0.7104335192809677), np.float64(-0.061610813784774454), np.float64(0.8428629104433929), np.float64(0.5665743814530927)]",0,0.7175842048470092,-1.8830977534723374
S1104,12.0,100.0,62.2,5.8,1.4,3.45,1,Master,1.99,47.9,Fail,F,Medium Risk,2,0,3,2,4.78,3.2,0.0,12.0,-0.8445531457975246,1.5106508515345007,-0.2364288300407215,-0.8599981575419209,-0.5685705711386575,0.9068311609930506,0.8509629433967631,1.028834083638298,-0.0651773227651273,-0.1215271933728254,-0.7782514504048142,-0.4884985019486966,-0.4946215786527926,0.0166885971367125,"[np.float64(-0.8445531457975246), np.float64(1.5106508515345007), np.float64(-0.23642883004072154), np.float64(-0.8599981575419209), np.float64(-0.5685705711386575), np.float64(0.9068311609930506), np.float64(0.8509629433967631), np.float64(1.0288340836382979), np.float64(-0.0651773227651273), np.float64(-0.12152719337282548), np.float64(-0.7782514504048142), np.float64(-0.48849850194869665), np.float64(-0.49462157865279266), np.float64(0.016688597136712544)]",0,-0.5078098974074191,-0.9297617271982203
S1105,18.4,86.2,87.2,6.3,1.4,2.58,1,Bachelor,2.43,66.2,Pass,C,Low Risk,1,1,1,1,4.49,2.31,0.19,15.86,-0.1757201847442289,0.4787472086012868,1.0588161081672056,-0.5159988945251526,-0.5685705711386575,-0.2806923354004022,0.8509629433967631,-0.0774391245749257,-0.0930456637681453,-0.2295567599946938,-0.5205433121341971,-0.009490805346156,0.5951805976478038,1.613975875389054,"[np.float64(-0.17572018474422896), np.float64(0.47874720860128683), np.float64(1.0588161081672056), np.float64(-0.5159988945251526), np.float64(-0.5685705711386575), np.float64(-0.2806923354004022), np.float64(0.8509629433967631), np.float64(-0.07743912457492572), np.float64(-0.09304566376814531), np.float64(-0.22955675999469385), np.float64(-0.5205433121341971), np.float64(-0.009490805346156051), np.float64(0.5951805976478038), np.float64(1.613975875389054)]",0,1.0209030946324489,-1.4213123606450404
S1106,24.0,100.0,44.2,5.6,0.2,2.58,0,Bachelor,2.67,54.4,Pass,D,Medium Risk,1,1,2,2,1.77,1.59,0.0,24.0,0.409508656177405,1.5106508515345007,-1.169005185550429,-0.9975978627486284,-1.0319532697031704,-0.2806923354004022,-1.1751393027860062,-0.0774391245749257,-0.3544314828309348,-0.31695146557643,-0.7782514504048142,1.0006445962975437,1.1896181483572192,0.5840310730186917,"[np.float64(0.409508656177405), np.float64(1.5106508515345007), np.float64(-1.169005185550429), np.float64(-0.9975978627486284), np.float64(-1.0319532697031704), np.float64(-0.2806923354004022), np.float64(-1.1751393027860062), np.float64(-0.07743912457492572), np.float64(-0.3544314828309348), np.float64(-0.31695146557643006), np.float64(-0.7782514504048142), np.float64(1.0006445962975437), np.float64(1.1896181483572192), np.float64(0.5840310730186917)]",0,1.7264956262830433,-1.0182648432995205
S1107,38.9,68.4,77.3,7.2,4.4,3.43,1,Bachelor,2.78,62.8,Pass,D,Low Risk,1,1,2,1,1.94,1.27,1.39,26.61,1.966635393629609,-0.8522589395299601,0.5458991126368662,0.1031997789050307,0.589886175272625,0.879531770271362,0.8509629433967631,-0.0774391245749257,-0.3380948691395105,-0.3557935569460906,1.107087034838122,1.3245332201661009,1.462068692432368,1.3172121187738646,"[np.float64(1.966635393629609), np.float64(-0.8522589395299601), np.float64(0.5458991126368662), np.float64(0.10319977890503075), np.float64(0.589886175272625), np.float64(0.879531770271362), np.float64(0.8509629433967631), np.float64(-0.07743912457492572), np.float64(-0.3380948691395105), np.float64(-0.3557935569460906), np.float64(1.1070870348381219), np.float64(1.3245332201661009), np.float64(1.462068692432368), np.float64(1.3172121187738646)]",0,2.534103055930087,0.7655524509886118
S1108,21.7,61.3,43.9,9.4,1.6,3.07,0,Bachelor,1.87,39.2,Fail,F,High Risk,1,0,3,0,1.93,2.94,0.62,13.3,0.1691468107988767,-1.3831658862564693,-1.1845481248089245,1.6167965361788117,-0.4913401213779053,0.3881427372809674,-1.1751393027860062,-0.0774391245749257,-0.3390558464154766,-0.1530863926106747,0.0626908955308838,-0.3271746663053538,-0.7918403540075004,-0.7426774859668591,"[np.float64(0.16914681079887675), np.float64(-1.3831658862564693), np.float64(-1.1845481248089245), np.float64(1.6167965361788117), np.float64(-0.4913401213779053), np.float64(0.3881427372809674), np.float64(-1.1751393027860062), np.float64(-0.07743912457492572), np.float64(-0.33905584641547665), np.float64(-0.1530863926106747), np.float64(0.06269089553088388), np.float64(-0.32717466630535386), np.float64(-0.7918403540075004), np.float64(-0.7426774859668591)]",0,-0.554977657134732,1.3150455040838578
S1109,22.6,53.3,52.5,7.5,5.2,3.26,1,Bachelor,1.99,27.9,Fail,F,High Risk,1,0,3,0,2.22,2.25,2.43,12.05,0.2632014459469967,-1.981370896652536,-0.7389838660653975,0.3095993367150916,0.8988079743156335,0.6474869491370087,0.8509629433967631,-0.0774391245749257,-0.3111875054124586,-0.2368396521265052,2.517700002214132,-0.4822937390393372,-0.4946215786527926,-1.7289805594232233,"[np.float64(0.2632014459469967), np.float64(-1.9813708966525356), np.float64(-0.7389838660653975), np.float64(0.30959933671509166), np.float64(0.8988079743156335), np.float64(0.6474869491370087), np.float64(0.8509629433967631), np.float64(-0.07743912457492572), np.float64(-0.3111875054124586), np.float64(-0.2368396521265052), np.float64(2.517700002214132), np.float64(-0.4822937390393372), np.float64(-0.49462157865279266), np.float64(-1.7289805594232233)]",0,-1.3420088518984734,3.315542521087453
S1110,19.3,100.0,100.0,6.6,5.7,3.57,1,High School,2.61,56.3,Pass,D,Medium Risk,0,1,2,2,4.93,2.31,0.0,19.3,-0.081665549596109,1.5106508515345007,1.721981516529664,-0.3095993367150916,1.091884098717514,1.0706275053231815,0.8509629433967631,-1.1837123327881494,-0.0507626636256352,-0.2295567599946938,-0.7782514504048142,0.4173968828177663,1.041008760679865,0.7498696428918854,"[np.float64(-0.08166554959610901), np.float64(1.5106508515345007), np.float64(1.7219815165296641), np.float64(-0.30959933671509166), np.float64(1.091884098717514), np.float64(1.0706275053231815), np.float64(0.8509629433967631), np.float64(-1.1837123327881494), np.float64(-0.050762663625635286), np.float64(-0.22955675999469385), np.float64(-0.7782514504048142), np.float64(0.4173968828177663), np.float64(1.041008760679865), np.float64(0.7498696428918854)]",0,1.2375075738581727,-1.4992675183514963
S1111,0.8,89.8,61.2,6.6,0.7,2.53,0,Master,1.87,48.4,Fail,F,Medium Risk,2,0,3,2,34.0,30.8,0.07,0.72,-2.015010827640792,0.7479394632795161,-0.2882386275690386,-0.3095993367150916,-0.8388771453012902,-0.348940812204624,-1.1751393027860062,1.028834083638298,2.7427982776079274,3.228603187260396,-0.6833063468314289,-1.8882930143001624,-0.7918403540075004,0.0603303260507109,"[np.float64(-2.015010827640792), np.float64(0.7479394632795161), np.float64(-0.2882386275690386), np.float64(-0.30959933671509166), np.float64(-0.8388771453012902), np.float64(-0.348940812204624), np.float64(-1.1751393027860062), np.float64(1.0288340836382979), np.float64(2.7427982776079274), np.float64(3.2286031872603957), np.float64(-0.6833063468314289), np.float64(-1.8882930143001624), np.float64(-0.7918403540075004), np.float64(0.06033032605071094)]",0,-4.10638946461735,-3.0666748158398978
S1112,19.7,79.2,69.3,4.7,3.2,2.31,0,PhD,1.99,34.2,Fail,F,High Risk,3,0,3,0,3.35,1.61,0.67,15.6,-0.0398634895302781,-0.044682175495271,0.1314207324103294,-1.616796536178811,0.126503476708112,-0.6492341101431979,-1.1751393027860062,2.1351072918515213,-0.202597073228285,-0.3145238348658262,0.1305088266547305,-0.0417555724748245,-0.4946215786527926,-1.179094775106843,"[np.float64(-0.03986348953027817), np.float64(-0.04468217549527103), np.float64(0.13142073241032948), np.float64(-1.616796536178811), np.float64(0.126503476708112), np.float64(-0.6492341101431979), np.float64(-1.1751393027860062), np.float64(2.1351072918515213), np.float64(-0.20259707322828502), np.float64(-0.31452383486582625), np.float64(0.13050882665473057), np.float64(-0.041755572474824566), np.float64(-0.49462157865279266), np.float64(-1.179094775106843)]",0,-0.6948422457793354,0.8272002595368866
S1113,20.6,84.2,82.4,8.3,1.9,1.93,1,Bachelor,2.31,46.7,Fail,F,Medium Risk,1,0,3,2,3.81,2.73,0.3,17.35,0.0541911456178417,0.3291959560022703,0.8101290800312838,0.8599981575419215,-0.3754944467367771,-1.1679225338552808,0.8509629433967631,-0.0774391245749257,-0.1583921185338427,-0.1785765150720144,-0.3713438636617345,0.1754111293527523,0.2979618222930955,-0.0880515522568832,"[np.float64(0.05419114561784177), np.float64(0.3291959560022703), np.float64(0.8101290800312838), np.float64(0.8599981575419215), np.float64(-0.3754944467367771), np.float64(-1.1679225338552808), np.float64(0.8509629433967631), np.float64(-0.07743912457492572), np.float64(-0.1583921185338427), np.float64(-0.1785765150720144), np.float64(-0.37134386366173455), np.float64(0.17541112935275238), np.float64(0.29796182229309554), np.float64(-0.08805155225688323)]",0,0.5607361861783595,-0.6964075446175869
S1114,44.6,63.1,74.9,6.9,6.4,2.14,1,PhD,2.54,59.9,Pass,D,Medium Risk,3,1,2,2,1.64,1.07,2.36,28.14,2.562314749567701,-1.248569758917354,0.4215555985689056,-0.1031997789050301,1.3621906728801465,-0.8812789312775506,0.8509629433967631,2.1351072918515213,-0.3669241874184946,-0.3800698640521284,2.422754898640746,1.5143989651924967,0.8676311417229525,1.064090091072674,"[np.float64(2.562314749567701), np.float64(-1.2485697589173541), np.float64(0.4215555985689056), np.float64(-0.10319977890503014), np.float64(1.3621906728801465), np.float64(-0.8812789312775506), np.float64(0.8509629433967631), np.float64(2.1351072918515213), np.float64(-0.36692418741849464), np.float64(-0.3800698640521284), np.float64(2.422754898640746), np.float64(1.5143989651924967), np.float64(0.8676311417229525), np.float64(1.064090091072674)]",0,2.253882182734468,2.15398990909014
S1115,18.1,100.0,68.0,6.7,0.7,4.0,0,High School,2.22,44.8,Fail,F,Medium Risk,0,0,3,2,3.56,2.49,0.0,18.1,-0.2070717297936019,1.5106508515345007,0.0640679956235174,-0.2407994841117376,-0.8388771453012902,1.6575644058394858,-1.1751393027860062,-1.1837123327881494,-0.1824165504329961,-0.2077080835992598,-0.7782514504048142,0.2684825729931424,0.0750477407770648,-0.2538901221300776,"[np.float64(-0.2070717297936019), np.float64(1.5106508515345007), np.float64(0.06406799562351742), np.float64(-0.2407994841117376), np.float64(-0.8388771453012902), np.float64(1.6575644058394858), np.float64(-1.1751393027860062), np.float64(-1.1837123327881494), np.float64(-0.18241655043299615), np.float64(-0.2077080835992598), np.float64(-0.7782514504048142), np.float64(0.2684825729931424), np.float64(0.07504774077706486), np.float64(-0.2538901221300776)]",0,0.4553992396951551,-1.0075835868173328
S1116,23.0,81.9,72.3,10.9125,3.4,3.8,1,Bachelor,2.28,49.1,Fail,F,Medium Risk,1,0,3,2,3.01,3.22,0.62,18.84,0.3050035060128275,0.1572120155134015,0.2868501249952807,2.6573943068045365,0.203733926468864,1.3845704986226,0.8509629433967631,-0.0774391245749257,-0.2352703006111337,-0.1190995626622217,0.0626908955308838,0.3603130640516603,0.2236571284544179,0.1214287465303089,"[np.float64(0.30500350601282755), np.float64(0.1572120155134015), np.float64(0.28685012499528073), np.float64(2.6573943068045365), np.float64(0.20373392646886404), np.float64(1.3845704986226), np.float64(0.8509629433967631), np.float64(-0.07743912457492572), np.float64(-0.23527030061113374), np.float64(-0.1190995626622217), np.float64(0.06269089553088388), np.float64(0.36031306405166036), np.float64(0.2236571284544179), np.float64(0.12142874653030894)]",0,0.7921300656656644,-0.0667271654351752
S1117,19.7,81.6,100.0,7.4,2.8,1.72,1,Bachelor,1.97,53.7,Pass,D,Medium Risk,1,1,2,2,4.83,2.54,0.52,16.08,-0.0398634895302781,0.1347793276235481,1.721981516529664,0.2407994841117382,-0.0279574228133924,-1.4545661364330107,0.8509629433967631,-0.0774391245749257,-0.0603724363852966,-0.2016390068227503,-0.0729449667168093,0.0178101514550248,-0.5441580412119107,0.5229326525390943,"[np.float64(-0.03986348953027817), np.float64(0.13477932762354816), np.float64(1.7219815165296641), np.float64(0.2407994841117382), np.float64(-0.02795742281339246), np.float64(-1.4545661364330107), np.float64(0.8509629433967631), np.float64(-0.07743912457492572), np.float64(-0.060372436385296636), np.float64(-0.20163900682275035), np.float64(-0.07294496671680935), np.float64(0.017810151455024882), np.float64(-0.5441580412119107), np.float64(0.5229326525390943)]",0,0.2665091139421714,-0.6066478674833469
S1118,8.3,90.9,63.8,5.9,1.0,1.74,1,Bachelor,1.46,32.3,Fail,F,High Risk,1,0,3,0,6.86,4.59,0.09,7.54,-1.231222201406461,0.8301926522089759,-0.1535331539954144,-0.7911983049385668,-0.7230314706601618,-1.4272667457113222,0.8509629433967631,-0.0774391245749257,0.1347059506358293,0.0471931410141374,-0.6561791743818904,-1.0419633534635495,-1.80733783646942,-1.3449333449800376,"[np.float64(-1.231222201406461), np.float64(0.8301926522089759), np.float64(-0.15353315399541448), np.float64(-0.7911983049385668), np.float64(-0.7230314706601618), np.float64(-1.4272667457113222), np.float64(0.8509629433967631), np.float64(-0.07743912457492572), np.float64(0.13470595063582938), np.float64(0.047193141014137414), np.float64(-0.6561791743818904), np.float64(-1.0419633534635495), np.float64(-1.8073378364694197), np.float64(-1.3449333449800376)]",0,-2.038054016872798,-0.30183256450996987
S1119,31.4,87.2,69.0,6.4,0.4,3.19,1,Bachelor,2.21,50.3,Pass,D,Medium Risk,1,1,2,2,2.13,1.4,0.05,27.38,1.182846767395278,0.5535228349007951,0.1158777931518345,-0.4471990419217985,-0.9547228199424184,0.551939081611099,0.8509629433967631,-0.0774391245749257,-0.3198363008961538,-0.340013957327166,-0.7104335192809677,1.4200865689702349,0.0502795094975052,0.2261688959239047,"[np.float64(1.182846767395278), np.float64(0.5535228349007951), np.float64(0.11587779315183451), np.float64(-0.4471990419217985), np.float64(-0.9547228199424184), np.float64(0.551939081611099), np.float64(0.8509629433967631), np.float64(-0.07743912457492572), np.float64(-0.31983630089615384), np.float64(-0.340013957327166), np.float64(-0.7104335192809677), np.float64(1.4200865689702347), np.float64(0.05027950949750529), np.float64(0.2261688959239047)]",0,1.7887024790405057,-0.4718872651401419
S1120,27.5,83.4,86.0,8.7,3.2,3.24,1,Bachelor,2.69,65.0,Pass,D,Low Risk,1,1,2,1,3.02,2.16,0.53,22.94,0.7752766817534261,0.2693754549626639,0.996644351133225,1.1351975679553352,0.126503476708112,0.6201875584153207,0.8509629433967631,-0.0774391245749257,-0.2343093233351675,-0.2477639903242222,-0.05938138049204,0.869103622619126,1.2391546109163374,1.509235725995458,"[np.float64(0.7752766817534261), np.float64(0.2693754549626639), np.float64(0.996644351133225), np.float64(1.1351975679553352), np.float64(0.126503476708112), np.float64(0.6201875584153207), np.float64(0.8509629433967631), np.float64(-0.07743912457492572), np.float64(-0.23430932333516757), np.float64(-0.24776399032422222), np.float64(-0.05938138049204001), np.float64(0.869103622619126), np.float64(1.2391546109163374), np.float64(1.5092357259954579)]",0,2.1101164386220033,-0.8541858130716502
S1121,27.9,68.1,87.1,7.2,4.0,3.24,1,High School,2.18,44.5,Fail,F,Medium Risk,0,0,3,2,3.01,1.76,1.28,19.0,0.817078741819257,-0.8746916274198134,1.0536351284143737,0.1031997789050307,0.4354252757511205,0.6201875584153207,0.8509629433967631,-1.1837123327881494,-0.2352703006111337,-0.2963166045362979,0.9578875863656594,0.3801683053616102,-0.0240251843411712,-0.2800751594784764,"[np.float64(0.817078741819257), np.float64(-0.8746916274198134), np.float64(1.0536351284143735), np.float64(0.10319977890503075), np.float64(0.43542527575112056), np.float64(0.6201875584153207), np.float64(0.8509629433967631), np.float64(-1.1837123327881494), np.float64(-0.23527030061113374), np.float64(-0.29631660453629793), np.float64(0.9578875863656594), np.float64(0.3801683053616102), np.float64(-0.024025184341171235), np.float64(-0.28007515947847644)]",0,0.513997900786486,1.0249913490569977
S1122,10.9,87.1,88.7,4.8,1.1,2.6,1,Bachelor,2.36,36.4,Fail,F,High Risk,1,0,3,0,7.45,2.9,0.14,9.49,-0.9595088109785598,0.5460452722708437,1.1365308044596814,-1.5479966835754575,-0.6844162457797857,-0.2533929446787136,0.8509629433967631,-0.0774391245749257,0.1914036099178314,-0.1579416540318822,-0.5883612432580437,-0.7999775999985352,0.42180297869089,-0.9870711678852504,"[np.float64(-0.9595088109785598), np.float64(0.5460452722708437), np.float64(1.1365308044596814), np.float64(-1.5479966835754575), np.float64(-0.6844162457797857), np.float64(-0.2533929446787136), np.float64(0.8509629433967631), np.float64(-0.07743912457492572), np.float64(0.19140360991783148), np.float64(-0.15794165403188226), np.float64(-0.5883612432580437), np.float64(-0.7999775999985352), np.float64(0.42180297869089006), np.float64(-0.9870711678852505)]",0,-0.8888219472678465,-1.0064797410384405
S1123,34.0,100.0,77.8,8.4,3.1,2.7,0,High School,2.82,59.2,Pass,D,Medium Risk,0,1,2,2,2.22,1.69,0.0,34.0,1.4545601578231795,1.5106508515345007,0.5718040114010248,0.928798010145275,0.0878882518277358,-0.1168959910702706,-1.1751393027860062,-1.1837123327881494,-0.3111875054124586,-0.3048133120234111,-0.7782514504048142,2.241597178169411,1.561141617550604,1.0029916705930766,"[np.float64(1.4545601578231797), np.float64(1.5106508515345007), np.float64(0.5718040114010248), np.float64(0.928798010145275), np.float64(0.08788825182773588), np.float64(-0.11689599107027066), np.float64(-1.1751393027860062), np.float64(-1.1837123327881494), np.float64(-0.3111875054124586), np.float64(-0.30481331202341116), np.float64(-0.7782514504048142), np.float64(2.241597178169411), np.float64(1.561141617550604), np.float64(1.0029916705930766)]",0,3.2889477109136003,-1.3587632757757542
S1124,6.0,100.0,42.1,6.0,1.5,3.06,0,Master,1.35,43.9,Fail,F,Medium Risk,2,0,3,2,6.01,6.27,0.0,6.0,-1.4715840467849894,1.5106508515345007,-1.2778057603598951,-0.7223984523352134,-0.5299553462582814,0.3744930419201234,-1.1751393027860062,1.028834083638298,0.0530228821787076,0.2511141207048551,-0.7782514504048142,-1.2330700510718169,-2.0797883805445685,-0.3324452341752746,"[np.float64(-1.4715840467849894), np.float64(1.5106508515345007), np.float64(-1.2778057603598951), np.float64(-0.7223984523352134), np.float64(-0.5299553462582814), np.float64(0.3744930419201234), np.float64(-1.1751393027860062), np.float64(1.0288340836382979), np.float64(0.053022882178707605), np.float64(0.25111412070485517), np.float64(-0.7782514504048142), np.float64(-1.2330700510718169), np.float64(-2.0797883805445685), np.float64(-0.3324452341752746)]",0,-2.093190393465211,-0.39886554054947704
S1125,25.9,100.0,97.7,9.8,3.7,2.87,0,High School,3.06,63.7,Pass,D,Low Risk,0,1,2,1,3.63,2.58,0.0,25.9,0.6080684414901021,1.5106508515345007,1.6028189822145351,1.8919959465922265,0.3195796011099924,0.115148830064082,-1.1751393027860062,-1.1837123327881494,-0.1756897095012332,-0.1967837454015427,-0.7782514504048142,1.2364255868531984,2.1555791682600205,1.3957672308190625,"[np.float64(0.6080684414901021), np.float64(1.5106508515345007), np.float64(1.6028189822145351), np.float64(1.8919959465922265), np.float64(0.3195796011099924), np.float64(0.11514883006408205), np.float64(-1.1751393027860062), np.float64(-1.1837123327881494), np.float64(-0.1756897095012332), np.float64(-0.19678374540154278), np.float64(-0.7782514504048142), np.float64(1.2364255868531984), np.float64(2.1555791682600205), np.float64(1.3957672308190623)]",0,2.782030683320176,-2.13939886970136
S1126,41.9,72.3,42.1,8.6,0.7,1.02,1,High School,2.52,52.4,Pass,D,Medium Risk,0,1,2,2,0.98,1.41,0.19,30.29,2.2801508441233413,-0.5606339969618784,-1.2778057603598951,1.0663977153519817,-0.8388771453012902,-2.4100448116921105,0.8509629433967631,-1.1837123327881494,-0.4303486876322596,-0.3388001419718641,-0.5205433121341971,1.781203770294948,0.8180946791638345,0.4094641573626981,"[np.float64(2.2801508441233413), np.float64(-0.5606339969618784), np.float64(-1.2778057603598951), np.float64(1.0663977153519817), np.float64(-0.8388771453012902), np.float64(-2.4100448116921105), np.float64(0.8509629433967631), np.float64(-1.1837123327881494), np.float64(-0.43034868763225964), np.float64(-0.3388001419718641), np.float64(-0.5205433121341971), np.float64(1.781203770294948), np.float64(0.8180946791638345), np.float64(0.4094641573626981)]",0,2.765622906929151,0.2386603484616728
S1127,10.1,65.2,71.1,6.3,6.6,2.62,1,Bachelor,1.51,37.9,Fail,F,High Risk,1,0,3,0,6.41,4.08,2.3,6.59,-1.043112931110222,-1.0915409436883867,0.2246783679613,-0.5159988945251526,1.4394211226408984,-0.226093553957025,0.8509629433967631,-0.0774391245749257,0.0914619732173531,-0.014711442106259,2.3413733812921302,-1.1598538487413768,-1.683496680071625,-0.8561459811432554,"[np.float64(-1.0431129311102219), np.float64(-1.0915409436883867), np.float64(0.22467836796130009), np.float64(-0.5159988945251526), np.float64(1.4394211226408984), np.float64(-0.22609355395702502), np.float64(0.8509629433967631), np.float64(-0.07743912457492572), np.float64(0.09146197321735315), np.float64(-0.014711442106259031), np.float64(2.3413733812921302), np.float64(-1.1598538487413768), np.float64(-1.6834966800716247), np.float64(-0.8561459811432554)]",0,-2.4971538428826223,2.3981013899690415
S1128,14.3,78.1,49.9,8.9,1.0,2.12,0,Bachelor,2.09,29.2,Fail,F,High Risk,1,0,3,0,3.26,4.15,0.22,11.17,-0.6041913004189964,-0.1269353644247307,-0.873689339639022,1.2727972731620434,-0.7230314706601618,-0.9085783219992392,-1.1751393027860062,-0.0774391245749257,-0.2112458687119803,-0.0062147346191457,-0.4798525534598891,-0.5914975662440616,-0.246939265857203,-1.6155120642468273,"[np.float64(-0.6041913004189964), np.float64(-0.12693536442473077), np.float64(-0.873689339639022), np.float64(1.2727972731620434), np.float64(-0.7230314706601618), np.float64(-0.9085783219992392), np.float64(-1.1751393027860062), np.float64(-0.07743912457492572), np.float64(-0.2112458687119803), np.float64(-0.006214734619145755), np.float64(-0.47985255345988914), np.float64(-0.5914975662440616), np.float64(-0.246939265857203), np.float64(-1.6155120642468273)]",0,-1.020295026386605,0.22601313239438653
S1129,21.0,80.8,63.7,7.1,1.4,2.94,1,Master,1.99,53.3,Pass,D,Medium Risk,2,1,2,2,2.9,2.29,0.27,16.97,0.0959932056836726,0.0749588265839417,-0.1587141337482459,0.0343999263016767,-0.5685705711386575,0.2106966975899918,0.8509629433967631,1.028834083638298,-0.2458410506467612,-0.2319843907052976,-0.4120346223360425,0.1282549312416211,-0.4946215786527926,0.4880192694078951,"[np.float64(0.0959932056836726), np.float64(0.07495882658394176), np.float64(-0.1587141337482459), np.float64(0.034399926301676716), np.float64(-0.5685705711386575), np.float64(0.21069669758999182), np.float64(0.8509629433967631), np.float64(1.0288340836382979), np.float64(-0.24584105064676126), np.float64(-0.23198439070529764), np.float64(-0.4120346223360425), np.float64(0.1282549312416211), np.float64(-0.49462157865279266), np.float64(0.4880192694078951)]",0,0.3524091508833954,-0.15161577272134696
S1130,15.0,96.4,71.6,8.3,0.2,4.0,1,Bachelor,2.54,55.8,Pass,D,Medium Risk,1,1,2,2,4.47,3.7,0.01,14.46,-0.5310376953037922,1.2414585968562712,0.2505832667254586,0.8599981575419215,-1.0319532697031704,1.6575644058394858,0.8509629433967631,-0.0774391245749257,-0.0949676183200776,-0.0608364256077309,-0.764687864180045,-0.1832241668082172,0.8676311417229525,0.7062279139778871,"[np.float64(-0.5310376953037922), np.float64(1.2414585968562712), np.float64(0.25058326672545866), np.float64(0.8599981575419215), np.float64(-1.0319532697031704), np.float64(1.6575644058394858), np.float64(0.8509629433967631), np.float64(-0.07743912457492572), np.float64(-0.09496761832007762), np.float64(-0.0608364256077309), np.float64(-0.764687864180045), np.float64(-0.18322416680821724), np.float64(0.8676311417229525), np.float64(0.7062279139778871)]",0,0.683476761413309,-1.6825197842864261
S1131,4.5,54.6,71.4,7.7,0.4,3.09,0,Bachelor,1.39,34.3,Fail,F,High Risk,1,0,3,0,12.98,10.37,0.18,2.46,-1.6283417720318556,-1.8841625824631745,0.2402213072197958,0.4471990419217991,-0.9547228199424184,0.4154421280026559,-1.1751393027860062,-0.0774391245749257,0.7228240435271057,0.7487784163786307,-0.5341068983589664,-1.6723672650544577,-1.9807154554263329,-1.170366429324044,"[np.float64(-1.6283417720318556), np.float64(-1.8841625824631745), np.float64(0.24022130721979582), np.float64(0.4471990419217991), np.float64(-0.9547228199424184), np.float64(0.41544212800265595), np.float64(-1.1751393027860062), np.float64(-0.07743912457492572), np.float64(0.7228240435271057), np.float64(0.7487784163786307), np.float64(-0.5341068983589664), np.float64(-1.6723672650544577), np.float64(-1.9807154554263329), np.float64(-1.1703664293240439)]",0,-3.2590507210285713,0.13344622922122065
S1132,20.7,100.0,73.4,5.7,2.2,2.55,1,Master,1.88,61.8,Pass,D,Low Risk,2,1,2,1,3.38,1.86,0.0,20.7,0.0646416606342993,1.5106508515345007,0.34384090227643,-0.9287980101452744,-0.2596487720956488,-0.3216414214829354,0.8509629433967631,1.028834083638298,-0.1997141414003866,-0.2841784509832789,-0.7782514504048142,0.5911302442798275,-0.7670721227279419,1.2299286609458675,"[np.float64(0.0646416606342993), np.float64(1.5106508515345007), np.float64(0.34384090227643), np.float64(-0.9287980101452743), np.float64(-0.2596487720956488), np.float64(-0.3216414214829354), np.float64(0.8509629433967631), np.float64(1.0288340836382979), np.float64(-0.19971414140038662), np.float64(-0.28417845098327893), np.float64(-0.7782514504048142), np.float64(0.5911302442798275), np.float64(-0.7670721227279419), np.float64(1.2299286609458677)]",0,0.9012063564701979,-1.0388917130680901
S1133,9.4,77.6,97.3,6.0,0.9,3.54,0,Bachelor,2.17,40.7,Fail,F,Medium Risk,1,0,3,2,9.36,4.16,0.2,7.29,-1.116266536225426,-0.1643231775744849,1.5820950632032078,-0.7223984523352134,-0.7616466955405379,1.029678419240649,-1.1751393027860062,-0.0774391245749257,0.3749502696273637,-0.0050009192638438,-0.5069797259094277,-1.072987168010346,-0.0487934156207308,-0.611752299224864,"[np.float64(-1.116266536225426), np.float64(-0.1643231775744849), np.float64(1.5820950632032078), np.float64(-0.7223984523352134), np.float64(-0.7616466955405379), np.float64(1.029678419240649), np.float64(-1.1751393027860062), np.float64(-0.07743912457492572), np.float64(0.3749502696273637), np.float64(-0.00500091926384389), np.float64(-0.5069797259094277), np.float64(-1.072987168010346), np.float64(-0.04879341562073081), np.float64(-0.611752299224864)]",0,-1.2937813601668418,-0.9376638357088951
S1134,24.7,73.6,74.1,8.5,5.4,3.19,0,High School,2.32,60.2,Pass,D,Low Risk,0,1,2,1,2.88,2.34,1.43,18.18,0.4826622612926091,-0.4634256827725179,0.3801077605462513,0.9975978627486284,0.9760384240763856,0.551939081611099,-1.1751393027860062,-1.1837123327881494,-0.2477630051986935,-0.2259153139287882,1.1613413797371992,0.2784101936481171,0.322730053572654,1.0902751284210734,"[np.float64(0.48266226129260914), np.float64(-0.46342568277251794), np.float64(0.38010776054625134), np.float64(0.9975978627486284), np.float64(0.9760384240763857), np.float64(0.551939081611099), np.float64(-1.1751393027860062), np.float64(-1.1837123327881494), np.float64(-0.24776300519869351), np.float64(-0.2259153139287882), np.float64(1.1613413797371992), np.float64(0.27841019364811714), np.float64(0.322730053572654), np.float64(1.0902751284210734)]",0,0.8712185846952047,0.7666824602582862
S1135,10.8,64.8,60.1,6.5,0.0,3.14,1,Bachelor,1.76,40.9,Fail,F,Medium Risk,1,0,3,2,5.09,3.96,0.0,7.0,-0.9699593259950174,-1.1214511942081904,-0.3452294048501875,-0.3783991893184451,-1.1091837194639227,0.4836906048068777,0.8509629433967631,-0.0774391245749257,-0.035387027210177,-0.0292772263698817,-0.7782514504048142,-1.10897479288463,-1.0642908980826498,-0.594295607659265,"[np.float64(-0.9699593259950174), np.float64(-1.1214511942081904), np.float64(-0.3452294048501875), np.float64(-0.3783991893184451), np.float64(-1.1091837194639227), np.float64(0.48369060480687776), np.float64(0.8509629433967631), np.float64(-0.07743912457492572), np.float64(-0.03538702721017707), np.float64(-0.029277226369881743), np.float64(-0.7782514504048142), np.float64(-1.10897479288463), np.float64(-1.0642908980826498), np.float64(-0.594295607659265)]",0,-1.5342194315855482,0.13931038214808078
S1136,35.5,55.2,84.3,6.4,1.4,3.29,1,PhD,2.1,54.5,Pass,D,Medium Risk,3,1,2,2,2.31,1.24,0.63,19.6,1.611317883070046,-1.8392972066834692,0.9085676953350856,-0.4471990419217985,-0.5685705711386575,0.6884360352195419,0.8509629433967631,2.1351072918515213,-0.3025387099287633,-0.3594350030119962,0.0762544817556532,0.4546254602739224,-0.2221710345776434,0.5927594188014915,"[np.float64(1.6113178830700459), np.float64(-1.8392972066834694), np.float64(0.9085676953350857), np.float64(-0.4471990419217985), np.float64(-0.5685705711386575), np.float64(0.6884360352195419), np.float64(0.8509629433967631), np.float64(2.1351072918515213), np.float64(-0.30253870992876336), np.float64(-0.35943500301199627), np.float64(0.0762544817556532), np.float64(0.4546254602739224), np.float64(-0.22217103457764342), np.float64(0.5927594188014915)]",0,1.0851071002930746,0.8052563298604134
S1137,12.2,92.3,88.8,5.6,1.2,4.0,0,Bachelor,2.33,51.5,Pass,D,Medium Risk,1,1,2,2,6.73,3.04,0.09,11.26,-0.8236521157646092,0.9348785290282868,1.1417117842125126,-0.9975978627486284,-0.6458010208994097,1.6575644058394858,-1.1751393027860062,-0.0774391245749257,0.1222132460482695,-0.1409482390576557,-0.6561791743818904,-0.5803289930072149,0.3474982848522135,0.3309090453175011,"[np.float64(-0.8236521157646092), np.float64(0.9348785290282868), np.float64(1.1417117842125126), np.float64(-0.9975978627486284), np.float64(-0.6458010208994097), np.float64(1.6575644058394858), np.float64(-1.1751393027860062), np.float64(-0.07743912457492572), np.float64(0.12221324604826958), np.float64(-0.14094823905765577), np.float64(-0.6561791743818904), np.float64(-0.5803289930072149), np.float64(0.34749828485221357), np.float64(0.3309090453175011)]",0,-0.21342557446297677,-1.392594691042033
S1138,16.8,81.1,40.4,7.6,0.1,1.9,1,High School,1.99,41.5,Fail,F,Medium Risk,0,0,3,2,2.27,3.04,0.02,13.62,-0.3429284250075526,0.097391514473794,-1.3658824161580343,0.3783991893184451,-1.0705684945835463,-1.2088716199378138,0.8509629433967631,-1.1837123327881494,-0.3063826190326279,-0.1409482390576557,-0.7511242779552756,-0.2874641836854543,-0.4946215786527926,-0.5419255329624668,"[np.float64(-0.34292842500755266), np.float64(0.09739151447379403), np.float64(-1.3658824161580343), np.float64(0.3783991893184451), np.float64(-1.0705684945835465), np.float64(-1.2088716199378138), np.float64(0.8509629433967631), np.float64(-1.1837123327881494), np.float64(-0.3063826190326279), np.float64(-0.14094823905765577), np.float64(-0.7511242779552756), np.float64(-0.2874641836854543), np.float64(-0.49462157865279266), np.float64(-0.5419255329624668)]",0,-0.2953334689571063,-0.05958384538192327
S1139,28.1,60.7,76.9,10.1,0.4,3.18,1,High School,2.42,65.7,Pass,C,Low Risk,0,1,1,1,2.64,2.45,0.16,17.06,0.8379797718521728,-1.428031262036174,0.5251751936255398,2.098395504402287,-0.9547228199424184,0.5382893862502549,0.8509629433967631,-1.1837123327881494,-0.2708264598218808,-0.2125633450204673,-0.5612340708085051,0.1394235044784679,0.5704123663682442,1.5703341464750558,"[np.float64(0.8379797718521728), np.float64(-1.428031262036174), np.float64(0.5251751936255398), np.float64(2.098395504402287), np.float64(-0.9547228199424184), np.float64(0.5382893862502549), np.float64(0.8509629433967631), np.float64(-1.1837123327881494), np.float64(-0.2708264598218808), np.float64(-0.21256334502046736), np.float64(-0.5612340708085051), np.float64(0.1394235044784679), np.float64(0.5704123663682442), np.float64(1.5703341464750558)]",0,1.5985124777076867,-0.5502000344199535
S1140,7.7,60.6,79.0,5.4,1.6,2.06,0,High School,1.81,31.2,Fail,F,High Risk,0,0,3,0,9.08,4.5,0.63,4.67,-1.2939252915052075,-1.435508824666125,0.6339757684350054,-1.1351975679553352,-0.4913401213779053,-0.9904764941643048,-1.1751393027860062,-1.1837123327881494,0.3480429059003119,0.0362688028164204,0.0762544817556532,-1.3981167444607752,-0.9404497416848544,-1.4409451485908338,"[np.float64(-1.2939252915052077), np.float64(-1.435508824666125), np.float64(0.6339757684350054), np.float64(-1.1351975679553352), np.float64(-0.4913401213779053), np.float64(-0.9904764941643049), np.float64(-1.1751393027860062), np.float64(-1.1837123327881494), np.float64(0.34804290590031195), np.float64(0.036268802816420406), np.float64(0.0762544817556532), np.float64(-1.3981167444607752), np.float64(-0.9404497416848545), np.float64(-1.4409451485908338)]",0,-2.4205449134788433,0.5359995096577813
S1141,22.3,75.0,59.0,7.0,2.0,3.24,0,Bachelor,2.0,41.2,Fail,F,Medium Risk,1,0,3,2,2.53,2.13,0.5,16.73,0.2318499008976234,-0.358739805953206,-0.4022201821313363,-0.0343999263016767,-0.336879221856401,0.6201875584153207,-1.1751393027860062,-0.0774391245749257,-0.2813972098575084,-0.2514054363901279,-0.100072139166348,0.0984720692766965,-0.4698533473732336,-0.5681105703108655,"[np.float64(0.2318499008976234), np.float64(-0.358739805953206), np.float64(-0.40222018213133637), np.float64(-0.034399926301676716), np.float64(-0.336879221856401), np.float64(0.6201875584153207), np.float64(-1.1751393027860062), np.float64(-0.07743912457492572), np.float64(-0.2813972098575084), np.float64(-0.2514054363901279), np.float64(-0.10007213916634802), np.float64(0.0984720692766965), np.float64(-0.46985334737323364), np.float64(-0.5681105703108655)]",0,-0.07608437827262782,0.6557761829322217
S1142,33.1,100.0,92.5,9.1,1.6,2.07,1,Bachelor,3.24,77.2,Pass,B,Low Risk,1,1,0,1,2.71,1.88,0.0,33.1,1.36050552267506,1.5106508515345007,1.333408035067286,1.4103969783687502,-0.4913401213779053,-0.976826798803461,0.8509629433967631,-0.0774391245749257,-0.2640996188901178,-0.2817508202726752,-0.7782514504048142,2.1299114458009427,2.601407331292083,2.5740939114970187,"[np.float64(1.36050552267506), np.float64(1.5106508515345007), np.float64(1.3334080350672861), np.float64(1.4103969783687502), np.float64(-0.4913401213779053), np.float64(-0.976826798803461), np.float64(0.8509629433967631), np.float64(-0.07743912457492572), np.float64(-0.26409961889011785), np.float64(-0.28175082027267523), np.float64(-0.7782514504048142), np.float64(2.1299114458009427), np.float64(2.601407331292083), np.float64(2.5740939114970187)]",0,4.205604696454007,-2.5600465916641206
S1143,3.9,76.1,62.0,6.9,2.3,2.47,0,High School,1.43,32.4,Fail,F,High Risk,0,0,3,0,12.65,10.5,0.55,2.97,-1.6910448621306022,-0.2764866170237472,-0.2467907895463851,-0.1031997789050301,-0.2210335472152728,-0.4308389843696891,-1.1751393027860062,-1.1837123327881494,0.6911117934202232,0.7645580159975554,-0.0322542080425013,-1.6090786833789923,-1.8816425303080968,-1.3362049991972378,"[np.float64(-1.6910448621306022), np.float64(-0.27648661702374727), np.float64(-0.2467907895463851), np.float64(-0.10319977890503014), np.float64(-0.22103354721527285), np.float64(-0.43083898436968915), np.float64(-1.1751393027860062), np.float64(-1.1837123327881494), np.float64(0.6911117934202232), np.float64(0.7645580159975554), np.float64(-0.032254208042501335), np.float64(-1.6090786833789925), np.float64(-1.8816425303080968), np.float64(-1.3362049991972378)]",0,-3.21459606632067,0.10109367331718773
S1144,21.8,57.5,67.5,7.7,2.7,2.56,1,PhD,2.17,52.9,Pass,D,Medium Risk,3,1,2,2,2.96,2.4,1.15,12.54,0.1795973258153346,-1.6673132661946006,0.0381630968593588,0.4471990419217991,-0.0665726476937684,-0.3079917261220908,0.8509629433967631,2.1351072918515213,-0.2400751869909644,-0.2186324217969768,0.781560965443658,-0.4214870625276159,-0.0487934156207308,0.4531058862766965,"[np.float64(0.17959732581533466), np.float64(-1.6673132661946006), np.float64(0.038163096859358876), np.float64(0.4471990419217991), np.float64(-0.0665726476937684), np.float64(-0.3079917261220908), np.float64(0.8509629433967631), np.float64(2.1351072918515213), np.float64(-0.24007518699096442), np.float64(-0.21863242179697684), np.float64(0.781560965443658), np.float64(-0.4214870625276159), np.float64(-0.04879341562073081), np.float64(0.4531058862766965)]",0,-0.14750553846391934,1.0749016123606159
S1145,22.6,76.3,61.5,5.4,0.0,3.58,1,Master,2.6,61.9,Pass,D,Low Risk,2,1,2,1,2.61,1.62,0.0,17.24,0.2632014459469967,-0.2615314917638454,-0.2726956883105436,-1.1351975679553352,-1.1091837194639227,1.0842772006840262,0.8509629433967631,1.028834083638298,-0.2737093916497792,-0.3133100195105244,-0.7782514504048142,0.1617606509521614,1.0162405294003067,1.2386570067286675,"[np.float64(0.2632014459469967), np.float64(-0.26153149176384544), np.float64(-0.27269568831054364), np.float64(-1.1351975679553352), np.float64(-1.1091837194639227), np.float64(1.0842772006840262), np.float64(0.8509629433967631), np.float64(1.0288340836382979), np.float64(-0.27370939164977925), np.float64(-0.3133100195105244), np.float64(-0.7782514504048142), np.float64(0.16176065095216147), np.float64(1.0162405294003067), np.float64(1.2386570067286675)]",0,1.2078245471313398,-0.750045804898297
S1146,27.8,75.9,65.3,7.6,1.9,3.53,1,Bachelor,2.56,49.6,Fail,F,Medium Risk,1,0,3,2,2.27,1.87,0.46,21.1,0.8066282268027994,-0.2914417422836481,-0.0758184577029388,0.3783991893184451,-0.3754944467367771,1.0160287238798045,0.8509629433967631,-0.0774391245749257,-0.3063826190326279,-0.2829646356279771,-0.1543264840654253,0.6407683475547025,0.9171676042820706,0.1650704754443073,"[np.float64(0.8066282268027994), np.float64(-0.2914417422836481), np.float64(-0.07581845770293885), np.float64(0.3783991893184451), np.float64(-0.3754944467367771), np.float64(1.0160287238798043), np.float64(0.8509629433967631), np.float64(-0.07743912457492572), np.float64(-0.3063826190326279), np.float64(-0.2829646356279771), np.float64(-0.1543264840654253), np.float64(0.6407683475547025), np.float64(0.9171676042820706), np.float64(0.16507047544430734)]",0,1.3148657350609136,0.027186272074200837
S1147,7.6,42.925,43.1,6.7,9.15,1.8,0,Master,1.1,27.5,Fail,F,High Risk,2,0,3,0,5.01,5.65,5.22,3.26,-1.3043758065216655,-2.7571680195099337,-1.225995962831578,-0.2407994841117376,2.424109357090489,-1.3453685735462564,-1.1751393027860062,1.028834083638298,-0.0430748454179061,0.175857568676138,6.301940558924773,-1.5730910585047084,-2.6989941625335434,-1.7638939425544218,"[np.float64(-1.3043758065216655), np.float64(-2.7571680195099337), np.float64(-1.225995962831578), np.float64(-0.2407994841117376), np.float64(2.424109357090489), np.float64(-1.3453685735462564), np.float64(-1.1751393027860062), np.float64(1.0288340836382979), np.float64(-0.04307484541790618), np.float64(0.175857568676138), np.float64(6.301940558924773), np.float64(-1.5730910585047084), np.float64(-2.6989941625335434), np.float64(-1.7638939425544218)]",-1,-4.44079347885363,6.140052272147279
S1148,6.8,79.2,36.2,8.5,2.2,2.84,1,High School,1.6,25.2,Fail,F,High Risk,0,0,3,0,4.64,7.93,0.46,5.39,-1.3879799266533273,-0.044682175495271,-1.5834835657769657,0.9975978627486284,-0.2596487720956488,0.0741997439815488,0.8509629433967631,-1.1837123327881494,-0.0786310046286532,0.4526074696849692,-0.1543264840654253,-1.3087681585660007,-1.4605825985555936,-1.9646458955588144,"[np.float64(-1.3879799266533273), np.float64(-0.04468217549527103), np.float64(-1.5834835657769657), np.float64(0.9975978627486284), np.float64(-0.2596487720956488), np.float64(0.07419974398154887), np.float64(0.8509629433967631), np.float64(-1.1837123327881494), np.float64(-0.07863100462865329), np.float64(0.45260746968496923), np.float64(-0.1543264840654253), np.float64(-1.3087681585660007), np.float64(-1.4605825985555936), np.float64(-1.9646458955588144)]",0,-2.5340894638835776,0.7705678658437328
S1149,25.2,76.5,96.9,8.8,3.4,2.23,1,Bachelor,2.83,65.3,Pass,C,Low Risk,1,1,1,1,3.7,2.38,0.8,19.28,0.5349148363748979,-0.2465763665039435,1.5613711441918816,1.20399742055869,0.203733926468864,-0.7584316730299523,0.8509629433967631,-0.0774391245749257,-0.1689628685694702,-0.2210600525075806,0.3068354475767318,0.4149149776540227,1.5859098488301635,1.5354207633438566,"[np.float64(0.5349148363748979), np.float64(-0.24657636650394357), np.float64(1.5613711441918816), np.float64(1.2039974205586899), np.float64(0.20373392646886404), np.float64(-0.7584316730299523), np.float64(0.8509629433967631), np.float64(-0.07743912457492572), np.float64(-0.1689628685694702), np.float64(-0.22106005250758062), np.float64(0.3068354475767318), np.float64(0.4149149776540227), np.float64(1.5859098488301637), np.float64(1.5354207633438566)]",0,1.8050517165475322,-0.8567886816480439
S1150,23.0,90.4,48.1,10.9,1.1,1.79,0,Bachelor,1.85,53.5,Pass,D,Medium Risk,1,1,2,2,2.0,3.22,0.11,20.79,0.3050035060128275,0.7928048390592217,-0.9669469751899924,2.6487943252291166,-0.6844162457797857,-1.3590182689071006,-1.1751393027860062,-0.0774391245749257,-0.3323290054837136,-0.1190995626622217,-0.6290520019323518,0.6022988175166744,-0.8413768165666184,0.5054759609734947,"[np.float64(0.30500350601282755), np.float64(0.7928048390592217), np.float64(-0.9669469751899925), np.float64(2.6487943252291166), np.float64(-0.6844162457797857), np.float64(-1.3590182689071006), np.float64(-1.1751393027860062), np.float64(-0.07743912457492572), np.float64(-0.33232900548371364), np.float64(-0.1190995626622217), np.float64(-0.6290520019323518), np.float64(0.6022988175166744), np.float64(-0.8413768165666184), np.float64(0.5054759609734947)]",0,0.8527546445992964,-0.42935820796519003
S1151,22.5,100.0,45.2,7.9,4.5,2.63,0,Master,1.99,51.8,Pass,D,Medium Risk,2,1,2,2,1.92,2.38,0.0,22.5,0.2527509309305388,1.5106508515345007,-1.117195388022112,0.5847987471285065,0.6285014001530009,-0.212443858596181,-1.1751393027860062,1.028834083638298,-0.3400168236914427,-0.2210600525075806,-0.7782514504048142,0.8145017090167637,-0.4946215786527926,0.3570940826658998,"[np.float64(0.2527509309305388), np.float64(1.5106508515345007), np.float64(-1.117195388022112), np.float64(0.5847987471285065), np.float64(0.6285014001530009), np.float64(-0.21244385859618103), np.float64(-1.1751393027860062), np.float64(1.0288340836382979), np.float64(-0.34001682369144276), np.float64(-0.22106005250758062), np.float64(-0.7782514504048142), np.float64(0.8145017090167637), np.float64(-0.49462157865279266), np.float64(0.35709408266589987)]",0,0.8317621604227523,-0.1677058774422557
S1152,23.5,96.9,21.9,7.5,4.4,2.55,0,Master,1.94,36.7,Fail,F,High Risk,2,0,3,0,0.89,2.17,0.14,22.77,0.3572560810951162,1.2788464100060255,-2.3243636704319,0.3095993367150916,0.589886175272625,-0.3216414214829354,-1.1751393027860062,1.028834083638298,-0.438997483115955,-0.2465501749689203,-0.5883612432580437,0.8480074287273041,-0.6184627350505878,-0.9608861305368512,"[np.float64(0.35725608109511625), np.float64(1.2788464100060255), np.float64(-2.3243636704319), np.float64(0.30959933671509166), np.float64(0.589886175272625), np.float64(-0.3216414214829354), np.float64(-1.1751393027860062), np.float64(1.0288340836382979), np.float64(-0.438997483115955), np.float64(-0.24655017496892034), np.float64(-0.5883612432580437), np.float64(0.8480074287273041), np.float64(-0.6184627350505878), np.float64(-0.9608861305368511)]",0,0.2852419417603167,0.8193349256567186
S1153,13.2,76.0,52.2,7.3,2.2,4.0,1,High School,2.43,27.3,Fail,F,High Risk,0,0,3,0,3.68,3.68,0.53,10.03,-0.7191469656000317,-0.2839641796536977,-0.7545268053238924,0.1719996315083841,-0.2596487720956488,1.6575644058394858,0.8509629433967631,-1.1837123327881494,-0.1708848231214024,-0.0632640563183346,-0.05938138049204,-0.7329661605774545,0.5951805976478038,-1.7813506341200211,"[np.float64(-0.7191469656000317), np.float64(-0.2839641796536977), np.float64(-0.7545268053238924), np.float64(0.17199963150838418), np.float64(-0.2596487720956488), np.float64(1.6575644058394858), np.float64(0.8509629433967631), np.float64(-1.1837123327881494), np.float64(-0.17088482312140246), np.float64(-0.06326405631833469), np.float64(-0.05938138049204001), np.float64(-0.7329661605774545), np.float64(0.5951805976478038), np.float64(-1.7813506341200211)]",0,-1.026043941081675,0.532346070867405
S1154,22.3,63.4,38.5,6.5,9.15,3.15,1,PhD,1.88,37.3,Fail,F,High Risk,3,0,3,0,1.65,1.98,3.35,14.14,0.2318499008976234,-1.226137071027502,-1.464321031461837,-0.3783991893184451,2.424109357090489,0.4973403001677217,0.8509629433967631,2.1351072918515213,-0.3659632101425285,-0.2696126667196563,3.7655499348929102,-0.222934649428117,-0.7670721227279419,-0.9085160558400536,"[np.float64(0.2318499008976234), np.float64(-1.226137071027502), np.float64(-1.4643210314618367), np.float64(-0.3783991893184451), np.float64(2.424109357090489), np.float64(0.49734030016772174), np.float64(0.8509629433967631), np.float64(2.1351072918515213), np.float64(-0.3659632101425285), np.float64(-0.2696126667196563), np.float64(3.7655499348929102), np.float64(-0.22293464942811703), np.float64(-0.7670721227279419), np.float64(-0.9085160558400536)]",0,-1.3594038043406225,4.265942900770297
S1155,22.9,100.0,97.8,7.5,0.4,1.7,0,High School,2.36,47.3,Fail,F,Medium Risk,0,0,3,2,4.09,2.22,0.0,22.9,0.2945529909963696,1.5106508515345007,1.6079999619673664,0.3095993367150916,-0.9547228199424184,-1.4818655271546992,-1.1751393027860062,-1.1837123327881494,-0.1314847548067908,-0.2404810981924108,-0.7782514504048142,0.8641398122916382,0.42180297869089,-0.0356814775600856,"[np.float64(0.2945529909963696), np.float64(1.5106508515345007), np.float64(1.6079999619673664), np.float64(0.30959933671509166), np.float64(-0.9547228199424184), np.float64(-1.4818655271546992), np.float64(-1.1751393027860062), np.float64(-1.1837123327881494), np.float64(-0.13148475480679087), np.float64(-0.24048109819241087), np.float64(-0.7782514504048142), np.float64(0.8641398122916382), np.float64(0.42180297869089006), np.float64(-0.035681477560085655)]",0,1.3338852868353683,-1.7293437887791219
S1156,12.9,80.9,85.2,6.6,0.1,2.35,1,Master,2.11,47.9,Fail,F,Medium Risk,2,0,3,2,6.13,3.4,0.02,10.44,-0.7504985106494049,0.0824363892138932,0.9551965131105714,-0.3095993367150916,-1.0705684945835463,-0.5946353286998207,0.8509629433967631,1.028834083638298,0.0645546094903012,-0.0972508862667876,-0.7511242779552756,-0.682087104720708,-0.1974028032980849,0.0166885971367125,"[np.float64(-0.7504985106494049), np.float64(0.08243638921389324), np.float64(0.9551965131105714), np.float64(-0.30959933671509166), np.float64(-1.0705684945835465), np.float64(-0.5946353286998207), np.float64(0.8509629433967631), np.float64(1.0288340836382979), np.float64(0.06455460949030127), np.float64(-0.09725088626678768), np.float64(-0.7511242779552756), np.float64(-0.682087104720708), np.float64(-0.19740280329808496), np.float64(0.016688597136712544)]",0,-0.5324820510628183,-1.0777405338705142
S1157,38.7,80.2,51.2,7.3,4.4,3.62,0,PhD,2.35,62.1,Pass,D,Low Risk,3,1,2,1,1.29,1.3,0.87,31.04,1.945734363596694,0.0300934508042372,-0.8063366028522094,0.1719996315083841,0.589886175272625,1.1388759821274033,-1.1751393027860062,2.1351072918515213,-0.4005583920773094,-0.3521521108801849,0.401780551150117,1.874275213935338,0.3970347474113316,1.2561136982942671,"[np.float64(1.945734363596694), np.float64(0.030093450804237233), np.float64(-0.8063366028522094), np.float64(0.17199963150838418), np.float64(0.589886175272625), np.float64(1.1388759821274033), np.float64(-1.1751393027860062), np.float64(2.1351072918515213), np.float64(-0.4005583920773094), np.float64(-0.35215211088018494), np.float64(0.401780551150117), np.float64(1.874275213935338), np.float64(0.3970347474113316), np.float64(1.2561136982942671)]",0,2.4214648048130796,0.8760396819880598
S1158,24.7,79.6,100.0,9.0,4.9,4.0,1,High School,2.51,61.1,Pass,D,Low Risk,0,1,2,1,3.89,2.48,1.0,19.66,0.4826622612926091,-0.0147719249754683,1.721981516529664,1.3415971257653967,0.7829622996745054,1.6575644058394858,0.8509629433967631,-1.1837123327881494,-0.1507043003261136,-0.2089218989545617,0.5781071720721183,0.4620711757651535,0.7933264478842749,1.1688302404662705,"[np.float64(0.48266226129260914), np.float64(-0.014771924975468365), np.float64(1.7219815165296641), np.float64(1.3415971257653967), np.float64(0.7829622996745054), np.float64(1.6575644058394858), np.float64(0.8509629433967631), np.float64(-1.1837123327881494), np.float64(-0.1507043003261136), np.float64(-0.2089218989545617), np.float64(0.5781071720721183), np.float64(0.4620711757651535), np.float64(0.7933264478842749), np.float64(1.1688302404662705)]",0,1.3926160673075714,-0.3289968206449266
S1159,8.1,83.0,84.6,5.5,0.4,1.53,0,Master,2.29,62.4,Pass,D,Low Risk,2,1,2,1,9.3,4.38,0.07,6.72,-1.2521232314393766,0.2394652044428601,0.9241106345935808,-1.0663977153519817,-0.9547228199424184,-1.713910348289052,-1.1751393027860062,1.028834083638298,0.369184405971567,0.0217030185527976,-0.6833063468314289,-1.1437214651770424,0.2484253597339774,1.282298735642666,"[np.float64(-1.2521232314393766), np.float64(0.23946520444286015), np.float64(0.9241106345935808), np.float64(-1.0663977153519817), np.float64(-0.9547228199424184), np.float64(-1.713910348289052), np.float64(-1.1751393027860062), np.float64(1.0288340836382979), np.float64(0.36918440597156704), np.float64(0.021703018552797698), np.float64(-0.6833063468314289), np.float64(-1.1437214651770424), np.float64(0.24842535973397747), np.float64(1.282298735642666)]",0,-0.6270411829420162,-1.7363126187443254
S1160,26.6,77.8,58.5,8.7,0.9,1.3,1,High School,1.77,60.6,Pass,D,Low Risk,0,1,2,1,2.12,2.23,0.2,20.69,0.6812220466053066,-0.149368052314583,-0.4281250808954949,1.1351975679553352,-0.7616466955405379,-2.0278533415884703,0.8509629433967631,-1.1837123327881494,-0.32079727817212,-0.239267282837109,-0.5069797259094277,0.5898892916979559,-1.0395226668030906,1.125188511552272,"[np.float64(0.6812220466053066), np.float64(-0.14936805231458303), np.float64(-0.4281250808954949), np.float64(1.1351975679553352), np.float64(-0.7616466955405379), np.float64(-2.0278533415884703), np.float64(0.8509629433967631), np.float64(-1.1837123327881494), np.float64(-0.32079727817212), np.float64(-0.239267282837109), np.float64(-0.5069797259094277), np.float64(0.5898892916979559), np.float64(-1.0395226668030906), np.float64(1.125188511552272)]",0,1.0908608737440952,-0.19207794580891208
S1161,10.3,71.4,15.0,9.0,0.1,4.0,1,Bachelor,2.22,26.2,Fail,F,High Risk,1,0,3,0,1.33,5.73,0.03,7.35,-1.0222119010773063,-0.6279320606314353,-2.6818512733772883,1.3415971257653967,-1.0705684945835463,1.6575644058394858,0.8509629433967631,-0.0774391245749257,-0.3967144829734448,0.1855680915185531,-0.7375606917305063,-1.065541452519115,0.0750477407770648,-1.8773624377308176,"[np.float64(-1.0222119010773063), np.float64(-0.6279320606314353), np.float64(-2.6818512733772883), np.float64(1.3415971257653967), np.float64(-1.0705684945835465), np.float64(1.6575644058394858), np.float64(0.8509629433967631), np.float64(-0.07743912457492572), np.float64(-0.39671448297344486), np.float64(0.18556809151855314), np.float64(-0.7375606917305063), np.float64(-1.065541452519115), np.float64(0.07504774077706486), np.float64(-1.8773624377308178)]",0,-1.5182784924546355,0.7172611159871088
S1162,27.9,71.8,100.0,6.8,1.0,3.11,1,Bachelor,2.85,60.9,Pass,D,Low Risk,1,1,2,1,3.46,1.66,0.28,20.03,0.817078741819257,-0.5980218101116326,1.721981516529664,-0.1719996315083841,-0.7230314706601618,0.4427415187243445,0.8509629433967631,-0.0774391245749257,-0.1920263231926575,-0.3084547580893168,-0.3984710361112731,0.5079864212944127,1.6354463113892816,1.151373548900671,"[np.float64(0.817078741819257), np.float64(-0.5980218101116326), np.float64(1.7219815165296641), np.float64(-0.17199963150838418), np.float64(-0.7230314706601618), np.float64(0.44274151872434453), np.float64(0.8509629433967631), np.float64(-0.07743912457492572), np.float64(-0.19202632319265753), np.float64(-0.3084547580893168), np.float64(-0.39847103611127316), np.float64(0.5079864212944127), np.float64(1.6354463113892816), np.float64(1.151373548900671)]",0,1.9077155343779888,-1.0850266914174658
S1163,31.6,79.5,37.2,3.8,4.5,2.11,0,Bachelor,2.33,43.4,Fail,F,Medium Risk,1,0,3,2,1.14,0.82,0.92,25.12,1.2037477974281938,-0.0222494876054187,-1.5316737682486488,-2.235995209608994,0.6285014001530009,-0.9222280173600838,-1.1751393027860062,-0.0774391245749257,-0.4149730512168015,-0.4104152479346757,0.4695984822739636,1.139631285467193,0.3474982848522135,-0.376086963089273,"[np.float64(1.2037477974281938), np.float64(-0.022249487605418766), np.float64(-1.5316737682486488), np.float64(-2.235995209608994), np.float64(0.6285014001530009), np.float64(-0.9222280173600838), np.float64(-1.1751393027860062), np.float64(-0.07743912457492572), np.float64(-0.4149730512168015), np.float64(-0.41041524793467576), np.float64(0.46959848227396367), np.float64(1.139631285467193), np.float64(0.34749828485221357), np.float64(-0.37608696308927303)]",0,1.0059604719276054,1.503156345817944
S1164,11.8,71.8,32.1,6.1,2.2,3.23,0,PhD,1.57,20.2,Fail,F,High Risk,3,0,3,0,2.51,3.42,0.62,8.47,-0.86545417583044,-0.5980218101116326,-1.7959037356430658,-0.65359859973186,-0.2596487720956488,0.6065378630544761,-1.1751393027860062,2.1351072918515213,-0.2833191644094406,-0.0948232555561839,0.0626908955308838,-0.9265547633494656,-1.5348872923942705,-2.401063184698798,"[np.float64(-0.86545417583044), np.float64(-0.5980218101116326), np.float64(-1.7959037356430658), np.float64(-0.65359859973186), np.float64(-0.2596487720956488), np.float64(0.6065378630544761), np.float64(-1.1751393027860062), np.float64(2.1351072918515213), np.float64(-0.28331916440944066), np.float64(-0.0948232555561839), np.float64(0.06269089553088388), np.float64(-0.9265547633494656), np.float64(-1.5348872923942705), np.float64(-2.4010631846987986)]",0,-2.431964220055624,1.8637154531556541
S1165,29.6,69.3,85.5,8.9,1.3,0.7499999999999998,1,Bachelor,2.27,51.5,Pass,D,Medium Risk,1,1,2,2,2.79,2.06,0.4,20.51,0.9947374970990388,-0.7849608758604033,0.9707394523690664,1.2727972731620434,-0.6071857960190336,-2.778586586434906,0.8509629433967631,-0.0774391245749257,-0.2564118006823888,-0.2599021438772411,-0.2357080014140412,0.5675521452242623,0.1988888971748594,0.3309090453175011,"[np.float64(0.9947374970990389), np.float64(-0.7849608758604033), np.float64(0.9707394523690664), np.float64(1.2727972731620434), np.float64(-0.6071857960190336), np.float64(-2.7785865864349066), np.float64(0.8509629433967631), np.float64(-0.07743912457492572), np.float64(-0.2564118006823888), np.float64(-0.25990214387724114), np.float64(-0.23570800141404125), np.float64(0.5675521452242623), np.float64(0.1988888971748594), np.float64(0.3309090453175011)]",0,1.2794368963020637,-0.2696361055829611
S1166,24.1,81.6,100.0,7.0,1.4,2.8,0,Bachelor,2.16,55.8,Pass,D,Medium Risk,1,1,2,2,3.98,1.98,0.26,19.67,0.4199591711938629,0.1347793276235481,1.721981516529664,-0.0343999263016767,-0.5685705711386575,0.0196009625381716,-1.1751393027860062,-0.0774391245749257,-0.1420555048424183,-0.2696126667196563,-0.4255982085608118,0.4633121283470255,-0.0735616469002892,0.7062279139778871,"[np.float64(0.4199591711938629), np.float64(0.13477932762354816), np.float64(1.7219815165296641), np.float64(-0.034399926301676716), np.float64(-0.5685705711386575), np.float64(0.019600962538171687), np.float64(-1.1751393027860062), np.float64(-0.07743912457492572), np.float64(-0.14205550484241836), np.float64(-0.2696126667196563), np.float64(-0.4255982085608118), np.float64(0.46331212834702556), np.float64(-0.07356164690028928), np.float64(0.7062279139778871)]",0,0.986789390439369,-0.8715635635468609
S1167,28.2,76.2,92.7,5.5,0.0,3.06,0,Master,2.4,43.2,Fail,F,Medium Risk,2,0,3,2,3.17,1.33,0.0,21.49,0.8484302868686303,-0.2690090543937958,1.3437699945729495,-1.0663977153519817,-1.1091837194639227,0.3744930419201234,-1.1751393027860062,1.028834083638298,-0.2198946641956755,-0.3485106648142792,-0.7782514504048142,0.6891654982477049,0.5208759038091262,-0.393543654654872,"[np.float64(0.8484302868686303), np.float64(-0.26900905439379585), np.float64(1.3437699945729495), np.float64(-1.0663977153519817), np.float64(-1.1091837194639227), np.float64(0.3744930419201234), np.float64(-1.1751393027860062), np.float64(1.0288340836382979), np.float64(-0.21989466419567552), np.float64(-0.3485106648142792), np.float64(-0.7782514504048142), np.float64(0.6891654982477049), np.float64(0.5208759038091262), np.float64(-0.393543654654872)]",0,1.0453232459047697,-0.5711009411926827
S1168,39.0,100.0,76.3,6.2,1.1,3.54,0,PhD,3.08,66.6,Pass,C,Low Risk,3,1,1,1,1.91,1.09,0.0,39.0,1.977085908646067,1.5106508515345007,0.4940893151085491,-0.584798747128506,-0.6844162457797857,1.029678419240649,-1.1751393027860062,2.1351072918515213,-0.3409778009674089,-0.3776422333415246,-0.7782514504048142,2.862073469105344,2.205115630819139,1.648889258520252,"[np.float64(1.977085908646067), np.float64(1.5106508515345007), np.float64(0.4940893151085491), np.float64(-0.584798747128506), np.float64(-0.6844162457797857), np.float64(1.029678419240649), np.float64(-1.1751393027860062), np.float64(2.1351072918515213), np.float64(-0.3409778009674089), np.float64(-0.37764223334152464), np.float64(-0.7782514504048142), np.float64(2.862073469105344), np.float64(2.205115630819139), np.float64(1.6488892585202521)]",0,4.1089432305258695,-1.5722737737148467
S1169,17.5,42.925,76.9,8.3,3.1,1.99,1,High School,2.19,40.3,Fail,F,Medium Risk,0,0,3,2,4.16,3.19,1.77,7.51,-0.2697748198923485,-2.7571680195099337,0.5251751936255398,0.8599981575419215,0.0878882518277358,-1.086024361690215,0.8509629433967631,-1.1837123327881494,-0.1247579138750278,-0.1227410087281274,1.6225033113793563,-1.045686211209165,0.0007430469383872,-0.6466656823560631,"[np.float64(-0.2697748198923485), np.float64(-2.7571680195099337), np.float64(0.5251751936255398), np.float64(0.8599981575419215), np.float64(0.08788825182773588), np.float64(-1.086024361690215), np.float64(0.8509629433967631), np.float64(-1.1837123327881494), np.float64(-0.12475791387502785), np.float64(-0.1227410087281274), np.float64(1.6225033113793563), np.float64(-1.045686211209165), np.float64(0.0007430469383872382), np.float64(-0.6466656823560631)]",0,-1.1630800987844712,1.8133413968325898
S1170,12.5,96.4,82.1,7.8,9.15,2.87,1,PhD,1.94,32.9,Fail,F,High Risk,3,0,3,0,6.08,4.14,0.33,12.05,-0.7923005707152359,1.2414585968562712,0.794586140772788,0.5159988945251526,2.424109357090489,0.115148830064082,0.8509629433967631,2.1351072918515213,0.0597497231104705,-0.0074285499744477,-0.3306531049874265,-0.4822937390393372,-0.6184627350505878,-1.2925632702832393,"[np.float64(-0.7923005707152359), np.float64(1.2414585968562712), np.float64(0.794586140772788), np.float64(0.5159988945251526), np.float64(2.424109357090489), np.float64(0.11514883006408205), np.float64(0.8509629433967631), np.float64(2.1351072918515213), np.float64(0.059749723110470596), np.float64(-0.007428549974447729), np.float64(-0.3306531049874265), np.float64(-0.4822937390393372), np.float64(-0.6184627350505878), np.float64(-1.2925632702832393)]",0,-1.2467671096003814,0.2088683928859088
S1171,11.1,98.7,80.2,6.6,5.6,2.06,1,High School,2.09,51.3,Pass,D,Medium Risk,0,1,2,2,6.63,3.92,0.07,10.96,-0.9386077809456445,1.4134425373451402,0.6961475254689861,-0.3095993367150916,1.0532688738371376,-0.9904764941643048,0.8509629433967631,-1.1837123327881494,0.1126034732886081,-0.0341324877910893,-0.6833063468314289,-0.6175575704633707,-0.246939265857203,0.3134523537519015,"[np.float64(-0.9386077809456443), np.float64(1.4134425373451402), np.float64(0.6961475254689861), np.float64(-0.30959933671509166), np.float64(1.0532688738371376), np.float64(-0.9904764941643049), np.float64(0.8509629433967631), np.float64(-1.1837123327881494), np.float64(0.11260347328860816), np.float64(-0.034132487791089315), np.float64(-0.6833063468314289), np.float64(-0.6175575704633707), np.float64(-0.246939265857203), np.float64(0.3134523537519015)]",0,-0.45452350161890426,-1.0469467896857005
S1172,11.8,48.9,70.6,6.4,0.1,3.0,0,Master,1.76,45.3,Fail,F,Medium Risk,2,0,3,2,5.52,3.58,0.05,5.77,-0.86545417583044,-2.310383652370372,0.1987734691971415,-0.4471990419217985,-1.0705684945835463,0.2925948697550576,-1.1751393027860062,1.028834083638298,0.0059349956563668,-0.0754022098713536,-0.7104335192809677,-1.26161196045487,-1.0642908980826498,-0.2102483932160792,"[np.float64(-0.86545417583044), np.float64(-2.310383652370372), np.float64(0.19877346919714156), np.float64(-0.4471990419217985), np.float64(-1.0705684945835465), np.float64(0.2925948697550576), np.float64(-1.1751393027860062), np.float64(1.0288340836382979), np.float64(0.005934995656366828), np.float64(-0.07540220987135361), np.float64(-0.7104335192809677), np.float64(-1.26161196045487), np.float64(-1.0642908980826498), np.float64(-0.21024839321607924)]",0,-1.636628015497683,0.44753154080548496
S1173,19.2,74.9,67.1,6.4,6.9,2.08,0,High School,1.58,45.5,Fail,F,Medium Risk,0,0,3,2,3.32,2.25,1.73,14.38,-0.0921160646125669,-0.3662173685831563,0.0174391778480317,-0.4471990419217985,1.5552667972820269,-0.9631771034426164,-1.1751393027860062,-1.1837123327881494,-0.2054800050561834,-0.2368396521265052,1.568248966480279,-0.1931517874631922,-1.5101190611147115,-0.1927917016504796,"[np.float64(-0.09211606461256691), np.float64(-0.36621736858315634), np.float64(0.01743917784803175), np.float64(-0.4471990419217985), np.float64(1.5552667972820269), np.float64(-0.9631771034426164), np.float64(-1.1751393027860062), np.float64(-1.1837123327881494), np.float64(-0.20548000505618347), np.float64(-0.2368396521265052), np.float64(1.568248966480279), np.float64(-0.1931517874631922), np.float64(-1.5101190611147115), np.float64(-0.19279170165047962)]",0,-0.9206734863056187,1.9337946281546363
S1174,23.4,74.4,63.7,5.6,4.6,2.47,1,High School,2.27,43.5,Fail,F,Medium Risk,0,0,3,2,2.61,1.63,1.18,17.41,0.3468055660786583,-0.4036051817329105,-0.1587141337482459,-0.9975978627486284,0.6671166250333769,-0.4308389843696891,0.8509629433967631,-1.1837123327881494,-0.2737093916497792,-0.3120962041552225,0.822251724117966,0.1828568448439834,0.1988888971748594,-0.3673586173064732,"[np.float64(0.34680556607865837), np.float64(-0.4036051817329105), np.float64(-0.1587141337482459), np.float64(-0.9975978627486284), np.float64(0.6671166250333769), np.float64(-0.43083898436968915), np.float64(0.8509629433967631), np.float64(-1.1837123327881494), np.float64(-0.27370939164977925), np.float64(-0.3120962041552225), np.float64(0.822251724117966), np.float64(0.18285684484398343), np.float64(0.1988888971748594), np.float64(-0.3673586173064732)]",0,0.17455232358780862,1.1271039234221645
S1175,22.8,58.9,49.9,9.4,4.5,2.0,1,Bachelor,1.68,47.1,Fail,F,Medium Risk,1,0,3,2,2.1,2.8,1.85,13.43,0.2841024759799121,-1.562627389375289,-0.873689339639022,1.6167965361788117,0.6285014001530009,-1.0723746663293707,0.8509629433967631,-0.0774391245749257,-0.3227192327240522,-0.1700798075849011,1.731012001177511,-0.3110422827410197,-1.262436748319122,-0.0531381691256846,"[np.float64(0.2841024759799121), np.float64(-1.562627389375289), np.float64(-0.873689339639022), np.float64(1.6167965361788117), np.float64(0.6285014001530009), np.float64(-1.0723746663293707), np.float64(0.8509629433967631), np.float64(-0.07743912457492572), np.float64(-0.32271923272405223), np.float64(-0.17007980758490118), np.float64(1.731012001177511), np.float64(-0.3110422827410197), np.float64(-1.262436748319122), np.float64(-0.05313816912568464)]",0,-0.6557348048172902,2.313304616762049
S1176,28.3,68.3,59.4,6.5,1.8,3.32,0,Bachelor,2.19,54.7,Pass,D,Medium Risk,1,1,2,2,2.03,1.57,0.57,19.33,0.8588808018850882,-0.8597365021599116,-0.3814962631200096,-0.3783991893184451,-0.4141096716171532,0.7293851213020744,-1.1751393027860062,-0.0774391245749257,-0.3294460736558152,-0.3193790962870338,-0.0051270355929628,0.4211197405633816,0.0007430469383872,0.6102161103670911,"[np.float64(0.8588808018850882), np.float64(-0.8597365021599116), np.float64(-0.3814962631200096), np.float64(-0.3783991893184451), np.float64(-0.4141096716171532), np.float64(0.7293851213020744), np.float64(-1.1751393027860062), np.float64(-0.07743912457492572), np.float64(-0.32944607365581524), np.float64(-0.3193790962870338), np.float64(-0.005127035592962813), np.float64(0.42111974056338164), np.float64(0.0007430469383872382), np.float64(0.6102161103670911)]",0,0.8972742149044468,0.6029397521244436
S1177,20.1,63.3,31.1,8.8,1.5,3.49,1,Bachelor,1.77,41.0,Fail,F,Medium Risk,1,0,3,2,1.47,2.96,0.55,12.72,0.001938570535553,-1.233614633657453,-1.847713533171383,1.20399742055869,-0.5299553462582814,0.9614299424364278,0.8509629433967631,-0.0774391245749257,-0.3832608011099189,-0.1506587619000709,-0.0322542080425013,-0.3991499160539221,-1.0395226668030906,-0.5855672618764651,"[np.float64(0.001938570535553035), np.float64(-1.233614633657453), np.float64(-1.847713533171383), np.float64(1.2039974205586899), np.float64(-0.5299553462582814), np.float64(0.9614299424364278), np.float64(0.8509629433967631), np.float64(-0.07743912457492572), np.float64(-0.38326080110991895), np.float64(-0.1506587619000709), np.float64(-0.032254208042501335), np.float64(-0.39914991605392214), np.float64(-1.0395226668030906), np.float64(-0.5855672618764651)]",0,-0.6833948031213611,1.42514461627253
S1178,34.5,100.0,63.0,9.3,1.1,2.61,0,High School,2.51,56.3,Pass,D,Medium Risk,0,1,2,2,1.77,1.85,0.0,34.5,1.5068127329054684,1.5106508515345007,-0.194980992018068,1.5479966835754582,-0.6844162457797857,-0.2397432493178696,-1.1751393027860062,-1.1837123327881494,-0.3544314828309348,-0.2853922663385809,-0.7782514504048142,2.303644807263004,0.7933264478842749,0.7498696428918854,"[np.float64(1.5068127329054684), np.float64(1.5106508515345007), np.float64(-0.194980992018068), np.float64(1.5479966835754582), np.float64(-0.6844162457797857), np.float64(-0.2397432493178696), np.float64(-1.1751393027860062), np.float64(-1.1837123327881494), np.float64(-0.3544314828309348), np.float64(-0.2853922663385809), np.float64(-0.7782514504048142), np.float64(2.3036448072630042), np.float64(0.7933264478842749), np.float64(0.7498696428918854)]",0,3.0563163886423994,-1.1212393938696885
S1179,17.4,94.0,45.2,8.5,0.2,2.83,1,Bachelor,2.21,49.4,Fail,F,Medium Risk,1,0,3,2,2.46,3.29,0.01,16.36,-0.2802253349088064,1.061997093737451,-1.117195388022112,0.9975978627486284,-1.0319532697031704,0.0605500486207048,0.8509629433967631,-0.0774391245749257,-0.2881240507892713,-0.1106028551751084,-0.764687864180045,0.0525568237474372,0.0502795094975052,0.1476137838787077,"[np.float64(-0.2802253349088064), np.float64(1.061997093737451), np.float64(-1.117195388022112), np.float64(0.9975978627486284), np.float64(-1.0319532697031704), np.float64(0.06055004862070488), np.float64(0.8509629433967631), np.float64(-0.07743912457492572), np.float64(-0.2881240507892713), np.float64(-0.11060285517510847), np.float64(-0.764687864180045), np.float64(0.052556823747437295), np.float64(0.05027950949750529), np.float64(0.14761378387870772)]",0,0.440791372873115,-0.7908634353102582
S1180,46.375,99.1,42.9,6.4,0.8,1.64,0,PhD,2.58,72.4,Pass,C,Low Risk,3,1,1,1,0.91,0.95,0.01,45.96,2.747811391109826,1.4433527878649428,-1.2363579223372416,-0.4471990419217985,-0.8002619204209138,-1.563763699319765,-1.1751393027860062,2.1351072918515213,-0.4370755285640226,-0.3946356483157511,-0.764687864180045,3.725776466088164,0.9667040668411886,2.1551333139226343,"[np.float64(2.747811391109826), np.float64(1.4433527878649428), np.float64(-1.2363579223372416), np.float64(-0.4471990419217985), np.float64(-0.8002619204209138), np.float64(-1.563763699319765), np.float64(-1.1751393027860062), np.float64(2.1351072918515213), np.float64(-0.43707552856402265), np.float64(-0.3946356483157511), np.float64(-0.764687864180045), np.float64(3.725776466088164), np.float64(0.9667040668411886), np.float64(2.1551333139226343)]",0,4.607517774991217,-0.8173769320375365
S1181,26.3,90.8,68.6,7.6,0.8,2.56,1,Bachelor,2.37,51.7,Pass,D,Medium Risk,1,1,2,2,2.51,1.97,0.07,23.88,0.6498705015559333,0.8227150895790244,0.0951538741405073,0.3783991893184451,-0.8002619204209138,-0.3079917261220908,0.8509629433967631,-0.0774391245749257,-0.2833191644094406,-0.2708264820749582,-0.6833063468314289,0.9857531653150812,0.4465712099704496,0.3483657368831007,"[np.float64(0.6498705015559333), np.float64(0.8227150895790244), np.float64(0.09515387414050738), np.float64(0.3783991893184451), np.float64(-0.8002619204209138), np.float64(-0.3079917261220908), np.float64(0.8509629433967631), np.float64(-0.07743912457492572), np.float64(-0.28331916440944066), np.float64(-0.2708264820749582), np.float64(-0.6833063468314289), np.float64(0.9857531653150812), np.float64(0.44657120997044963), np.float64(0.34836573688310074)]",0,1.5595337161348926,-0.8617319396765727
S1182,11.4,63.1,92.8,7.0,2.0,2.76,1,High School,1.87,63.8,Pass,D,Low Risk,0,1,2,1,7.48,4.05,0.74,7.19,-0.907256235896271,-1.248569758917354,1.348950974325781,-0.0343999263016767,-0.336879221856401,-0.0349978189052054,0.8509629433967631,-1.1837123327881494,0.1942865417457299,-0.0183528881721647,0.2254539302281157,-1.0853966938290645,-0.7918403540075004,1.4044955766018614,"[np.float64(-0.907256235896271), np.float64(-1.2485697589173541), np.float64(1.348950974325781), np.float64(-0.034399926301676716), np.float64(-0.336879221856401), np.float64(-0.034997818905205494), np.float64(0.8509629433967631), np.float64(-1.1837123327881494), np.float64(0.19428654174572993), np.float64(-0.018352888172164735), np.float64(0.22545393022811577), np.float64(-1.0853966938290645), np.float64(-0.7918403540075004), np.float64(1.4044955766018614)]",0,-0.7969168230255554,-0.3354988554750061
S1183,9.3,72.1,83.4,5.6,4.1,4.0,1,Bachelor,2.2,38.4,Fail,F,High Risk,1,0,3,0,8.1,3.92,1.14,6.71,-1.1267170512418836,-0.5755891222217804,0.8619388775596009,-0.9975978627486284,0.4740405006314965,1.6575644058394858,0.8509629433967631,-0.0774391245749257,0.2538671328556304,-0.0341324877910893,0.7679973792188887,-1.1449624177589142,0.0255112782179468,-0.8125042522292569,"[np.float64(-1.1267170512418836), np.float64(-0.5755891222217804), np.float64(0.8619388775596009), np.float64(-0.9975978627486284), np.float64(0.4740405006314965), np.float64(1.6575644058394858), np.float64(0.8509629433967631), np.float64(-0.07743912457492572), np.float64(0.2538671328556304), np.float64(-0.034132487791089315), np.float64(0.7679973792188887), np.float64(-1.1449624177589142), np.float64(0.02551127821794681), np.float64(-0.8125042522292569)]",0,-1.6581175146232892,0.5350529982617014
S1184,24.8,87.3,33.6,7.5,1.9,1.91,0,High School,2.55,45.6,Fail,F,Medium Risk,0,0,3,2,1.3,2.06,0.24,21.65,0.493112776309067,0.5610003975307455,-1.7181890393505903,0.3095993367150916,-0.3754944467367771,-1.1952219245769693,-1.1751393027860062,-1.1837123327881494,-0.3995974148013433,-0.2599021438772411,-0.4527253810103505,0.7090207395576548,0.8923993730025109,-0.1840633558676798,"[np.float64(0.493112776309067), np.float64(0.5610003975307455), np.float64(-1.7181890393505903), np.float64(0.30959933671509166), np.float64(-0.3754944467367771), np.float64(-1.1952219245769693), np.float64(-1.1751393027860062), np.float64(-1.1837123327881494), np.float64(-0.3995974148013433), np.float64(-0.25990214387724114), np.float64(-0.4527253810103505), np.float64(0.7090207395576548), np.float64(0.8923993730025109), np.float64(-0.18406335586767983)]",0,1.1567082957242047,0.022870325561502147
S1185,17.8,61.7,45.2,5.2,0.2,3.97,1,Master,1.94,32.8,Fail,F,High Risk,2,0,3,0,2.4,1.97,0.08,10.98,-0.2384232748429752,-1.3532556357366656,-1.117195388022112,-1.2727972731620427,-1.0319532697031704,1.6166153197569533,0.8509629433967631,1.028834083638298,-0.2938899144450681,-0.2708264820749582,-0.6697427606066597,-0.615075665299627,-0.6184627350505878,-1.301291616066039,"[np.float64(-0.2384232748429752), np.float64(-1.3532556357366656), np.float64(-1.117195388022112), np.float64(-1.2727972731620427), np.float64(-1.0319532697031704), np.float64(1.6166153197569533), np.float64(0.8509629433967631), np.float64(1.0288340836382979), np.float64(-0.2938899144450681), np.float64(-0.2708264820749582), np.float64(-0.6697427606066597), np.float64(-0.615075665299627), np.float64(-0.6184627350505878), np.float64(-1.301291616066039)]",0,-1.0933026811186808,1.0361639607341138
S1186,27.1,90.7,83.8,8.8,9.15,3.6,1,Master,2.94,57.7,Pass,D,Medium Risk,2,1,2,2,2.98,2.22,0.85,24.58,0.7334746216875953,0.815237526949074,0.8826627965709273,1.20399742055869,2.424109357090489,1.1115765914057147,0.8509629433967631,1.028834083638298,-0.2381532324390321,-0.2404810981924108,0.3746533787005783,1.0726198460461118,1.8583603929053123,0.8720664838510814,"[np.float64(0.7334746216875953), np.float64(0.815237526949074), np.float64(0.8826627965709273), np.float64(1.2039974205586899), np.float64(2.424109357090489), np.float64(1.1115765914057147), np.float64(0.8509629433967631), np.float64(1.0288340836382979), np.float64(-0.23815323243903214), np.float64(-0.24048109819241087), np.float64(0.37465337870057835), np.float64(1.0726198460461118), np.float64(1.8583603929053123), np.float64(0.8720664838510814)]",0,1.9735346047817302,-0.08179306301847429
S1187,24.7,76.4,45.4,6.3,8.6,3.02,0,Bachelor,1.6,26.6,Fail,F,High Risk,1,0,3,0,1.77,1.74,2.03,18.87,0.4826622612926091,-0.2540539291338939,-1.1068334285164487,-0.5159988945251526,2.21172562024842,0.3198942604767462,-1.1751393027860062,-0.0774391245749257,-0.3544314828309348,-0.2987442352469016,1.9751565532233584,0.3640359217972761,-1.4605825985555936,-1.8424490545996188,"[np.float64(0.48266226129260914), np.float64(-0.25405392913389396), np.float64(-1.1068334285164487), np.float64(-0.5159988945251526), np.float64(2.2117256202484197), np.float64(0.3198942604767462), np.float64(-1.1751393027860062), np.float64(-0.07743912457492572), np.float64(-0.3544314828309348), np.float64(-0.29874423524690163), np.float64(1.9751565532233584), np.float64(0.3640359217972761), np.float64(-1.4605825985555936), np.float64(-1.8424490545996188)]",0,-1.091160746268811,3.30804122221422
S1188,19.3,74.4,60.5,7.3,4.6,4.0,1,Bachelor,2.24,39.9,Fail,F,High Risk,1,0,3,0,2.98,2.55,1.18,14.36,-0.081665549596109,-0.4036051817329105,-0.3245054858388607,0.1719996315083841,0.6671166250333769,1.6575644058394858,0.8509629433967631,-0.0774391245749257,-0.2381532324390321,-0.2004251914674484,0.822251724117966,-0.195633692626936,0.1245842033361829,-0.6815790654872618,"[np.float64(-0.08166554959610901), np.float64(-0.4036051817329105), np.float64(-0.32450548583886074), np.float64(0.17199963150838418), np.float64(0.6671166250333769), np.float64(1.6575644058394858), np.float64(0.8509629433967631), np.float64(-0.07743912457492572), np.float64(-0.23815323243903214), np.float64(-0.20042519146744847), np.float64(0.822251724117966), np.float64(-0.19563369262693608), np.float64(0.1245842033361829), np.float64(-0.6815790654872618)]",0,-0.37790444224681663,1.1977567771078177
S1189,11.5,90.7,76.0,7.4,9.15,3.1,1,Master,1.78,31.8,Fail,F,High Risk,2,0,3,0,6.08,4.25,0.85,10.43,-0.8968057208798134,0.815237526949074,0.4785463758500541,0.2407994841117382,2.424109357090489,0.4290918233635005,0.8509629433967631,1.028834083638298,0.0597497231104705,0.0059234189338731,0.3746533787005783,-0.6833280573025797,-1.0147544355235316,-1.3885750738940357,"[np.float64(-0.8968057208798134), np.float64(0.815237526949074), np.float64(0.4785463758500541), np.float64(0.2407994841117382), np.float64(2.424109357090489), np.float64(0.42909182336350055), np.float64(0.8509629433967631), np.float64(1.0288340836382979), np.float64(0.059749723110470596), np.float64(0.005923418933873118), np.float64(0.37465337870057835), np.float64(-0.6833280573025797), np.float64(-1.0147544355235316), np.float64(-1.3885750738940357)]",0,-1.709082527551204,0.9240075073938849
S1190,4.9,86.7,45.6,6.6,2.4,3.11,1,Bachelor,1.39,36.6,Fail,F,High Risk,1,0,3,0,7.73,8.25,0.32,4.25,-1.5865397119660245,0.516135021751041,-1.0964714690107853,-0.3095993367150916,-0.1824183223348967,0.4427415187243445,0.8509629433967631,-0.0774391245749257,0.2183109736448833,0.4914495610546298,-0.3442166912121959,-1.4502367528993936,-1.9807154554263329,-0.9696144763196508,"[np.float64(-1.5865397119660245), np.float64(0.516135021751041), np.float64(-1.0964714690107853), np.float64(-0.30959933671509166), np.float64(-0.18241832233489674), np.float64(0.44274151872434453), np.float64(0.8509629433967631), np.float64(-0.07743912457492572), np.float64(0.21831097364488336), np.float64(0.4914495610546298), np.float64(-0.3442166912121959), np.float64(-1.4502367528993936), np.float64(-1.9807154554263329), np.float64(-0.9696144763196509)]",0,-2.6677309898978434,0.1619614100821145
S1191,15.5,74.6,67.1,7.9,9.15,2.76,1,Master,1.78,48.7,Fail,F,Medium Risk,2,0,3,2,4.07,3.41,2.32,11.56,-0.4787851202215034,-0.3886500564730097,0.0174391778480317,0.5847987471285065,2.424109357090489,-0.0349978189052054,0.8509629433967631,1.028834083638298,-0.1334067093587231,-0.0960370709114857,2.368500553741669,-0.5431004155510587,-1.0147544355235316,0.0865153633991103,"[np.float64(-0.47878512022150344), np.float64(-0.3886500564730097), np.float64(0.01743917784803175), np.float64(0.5847987471285065), np.float64(2.424109357090489), np.float64(-0.034997818905205494), np.float64(0.8509629433967631), np.float64(1.0288340836382979), np.float64(-0.1334067093587231), np.float64(-0.09603707091148576), np.float64(2.368500553741669), np.float64(-0.5431004155510587), np.float64(-1.0147544355235316), np.float64(0.08651536339911035)]",0,-1.2219002925021965,2.2487246726189487
S1192,28.6,97.4,38.3,6.3,0.2,3.78,0,Bachelor,2.8,56.0,Pass,D,Medium Risk,1,1,2,2,1.29,1.51,0.01,27.86,0.8902323469344615,1.3162342231557795,-1.4746829909675,-0.5159988945251526,-1.0319532697031704,1.3572711079009114,-1.1751393027860062,-0.0774391245749257,-0.4005583920773094,-0.3266619884188452,-0.764687864180045,1.4796522929000844,1.511605154991486,0.7236846055434867,"[np.float64(0.8902323469344615), np.float64(1.3162342231557795), np.float64(-1.4746829909675), np.float64(-0.5159988945251526), np.float64(-1.0319532697031704), np.float64(1.3572711079009114), np.float64(-1.1751393027860062), np.float64(-0.07743912457492572), np.float64(-0.4005583920773094), np.float64(-0.3266619884188452), np.float64(-0.764687864180045), np.float64(1.4796522929000844), np.float64(1.511605154991486), np.float64(0.7236846055434867)]",0,2.342279464871663,-0.8170619108634025
S1193,22.1,63.8,53.0,8.3,1.4,3.68,1,Master,2.42,25.9,Fail,F,High Risk,2,0,3,0,2.29,2.55,0.51,14.1,0.2109488708647079,-1.196226820507699,-0.7130789673012389,0.8599981575419215,-0.5685705711386575,1.220774154292469,0.8509629433967631,1.028834083638298,-0.3044606644806956,-0.2004251914674484,-0.0865085529415786,-0.2278984597556046,0.5704123663682442,-1.9035474750792167,"[np.float64(0.21094887086470795), np.float64(-1.1962268205076987), np.float64(-0.7130789673012389), np.float64(0.8599981575419215), np.float64(-0.5685705711386575), np.float64(1.220774154292469), np.float64(0.8509629433967631), np.float64(1.0288340836382979), np.float64(-0.30446066448069564), np.float64(-0.20042519146744847), np.float64(-0.08650855294157868), np.float64(-0.2278984597556046), np.float64(0.5704123663682442), np.float64(-1.9035474750792167)]",0,-0.42435497797271565,1.0517528283635815
S1194,7.5,89.2,71.4,5.0,0.8,2.3,0,Bachelor,2.07,60.0,Pass,D,Medium Risk,1,1,2,2,8.4,4.27,0.09,6.69,-1.314826321538123,0.7030740874998116,0.2402213072197958,-1.4103969783687502,-0.8002619204209138,-0.6628838055040425,-1.1751393027860062,-0.0774391245749257,0.2826964511346146,0.0083510496444768,-0.6561791743818904,-1.147444322922658,-0.296475728416321,1.0728184368554738,"[np.float64(-1.314826321538123), np.float64(0.7030740874998116), np.float64(0.24022130721979582), np.float64(-1.4103969783687502), np.float64(-0.8002619204209138), np.float64(-0.6628838055040425), np.float64(-1.1751393027860062), np.float64(-0.07743912457492572), np.float64(0.2826964511346146), np.float64(0.00835104964447685), np.float64(-0.6561791743818904), np.float64(-1.1474443229226579), np.float64(-0.296475728416321), np.float64(1.0728184368554738)]",0,-0.8701802226949964,-1.3906614124903618
S1195,21.7,88.9,33.1,7.2,0.7,1.74,1,Bachelor,1.53,46.6,Fail,F,Medium Risk,1,0,3,2,1.46,2.25,0.08,19.29,0.1691468107988767,0.6806413996099594,-1.7440939381147489,0.1031997789050307,-0.8388771453012902,-1.4272667457113222,0.8509629433967631,-0.0774391245749257,-0.3842217783858851,-0.2368396521265052,-0.6697427606066597,0.4161559302358943,-1.6339602175125068,-0.096779898039683,"[np.float64(0.16914681079887675), np.float64(0.6806413996099594), np.float64(-1.7440939381147489), np.float64(0.10319977890503075), np.float64(-0.8388771453012902), np.float64(-1.4272667457113222), np.float64(0.8509629433967631), np.float64(-0.07743912457492572), np.float64(-0.3842217783858851), np.float64(-0.2368396521265052), np.float64(-0.6697427606066597), np.float64(0.4161559302358943), np.float64(-1.6339602175125068), np.float64(-0.09677989803968304)]",0,0.0747519689053677,0.2953896621007186
S1196,23.9,75.4,73.8,9.9,0.5,2.64,1,PhD,2.35,49.2,Fail,F,Medium Risk,3,0,3,2,2.96,2.82,0.12,18.02,0.3990581411609471,-0.3288295554334022,0.3645648212877563,1.96079579919558,-0.9161075950620422,-0.1987941632353364,0.8509629433967631,2.1351072918515213,-0.2400751869909644,-0.1676521768742974,-0.6154884157075824,0.2585549523381672,0.3970347474113316,0.1301570923131087,"[np.float64(0.3990581411609471), np.float64(-0.32882955543340225), np.float64(0.36456482128775636), np.float64(1.96079579919558), np.float64(-0.9161075950620422), np.float64(-0.19879416323533644), np.float64(0.8509629433967631), np.float64(2.1351072918515213), np.float64(-0.24007518699096442), np.float64(-0.1676521768742974), np.float64(-0.6154884157075824), np.float64(0.2585549523381672), np.float64(0.3970347474113316), np.float64(0.13015709231310874)]",0,0.8461560361384483,-0.5670707145856637
S1197,11.2,84.9,64.6,5.5,2.9,2.16,1,Bachelor,2.04,43.6,Fail,F,Medium Risk,1,0,3,2,5.3,3.24,0.44,9.51,-0.9281572659291868,0.3815388944119263,-0.1120853159727609,-1.0663977153519817,0.0106578020669836,-0.853979540555862,0.8509629433967631,-0.0774391245749257,-0.0152065044148881,-0.1166719319516179,-0.1814536565149639,-0.7974956948347915,-0.3707804222549976,-0.3586302715236734,"[np.float64(-0.9281572659291867), np.float64(0.3815388944119263), np.float64(-0.11208531597276096), np.float64(-1.0663977153519817), np.float64(0.010657802066983652), np.float64(-0.853979540555862), np.float64(0.8509629433967631), np.float64(-0.07743912457492572), np.float64(-0.01520650441488818), np.float64(-0.11667193195161792), np.float64(-0.18145365651496398), np.float64(-0.7974956948347915), np.float64(-0.3707804222549976), np.float64(-0.3586302715236734)]",0,-1.0165873748665482,-0.11435883319283957
S1198,21.5,61.2,76.0,6.0,4.6,2.75,0,Bachelor,2.12,47.1,Fail,F,Medium Risk,1,0,3,2,3.38,1.89,1.78,13.16,0.1482457807659613,-1.39064344888642,0.4785463758500541,-0.7223984523352134,0.6671166250333769,-0.0486475142660494,-1.1751393027860062,-0.0774391245749257,-0.1997141414003866,-0.2805370049173733,1.6360668976041255,-0.34454800245156,-0.1726345720185253,-0.0531381691256846,"[np.float64(0.14824578076596134), np.float64(-1.3906434488864199), np.float64(0.4785463758500541), np.float64(-0.7223984523352134), np.float64(0.6671166250333769), np.float64(-0.048647514266049484), np.float64(-1.1751393027860062), np.float64(-0.07743912457492572), np.float64(-0.19971414140038662), np.float64(-0.2805370049173733), np.float64(1.6360668976041257), np.float64(-0.34454800245156003), np.float64(-0.17263457201852536), np.float64(-0.05313816912568464)]",0,-0.48258518470048617,1.7066956174692087
S1199,20.6,93.9,69.5,7.8,2.6,3.79,0,High School,1.96,47.6,Fail,F,Medium Risk,0,0,3,2,3.22,2.56,0.16,19.34,0.0541911456178417,1.0545195311075006,0.141782691915993,0.5159988945251526,-0.1051878725741445,1.370920803261756,-1.1751393027860062,-1.1837123327881494,-0.2150897778158448,-0.1992113761121465,-0.5612340708085051,0.4223606931452537,-0.5689262724914698,-0.0094964402116862,"[np.float64(0.05419114561784177), np.float64(1.0545195311075006), np.float64(0.14178269191599305), np.float64(0.5159988945251526), np.float64(-0.10518787257414451), np.float64(1.3709208032617561), np.float64(-1.1751393027860062), np.float64(-1.1837123327881494), np.float64(-0.21508977781584482), np.float64(-0.19921137611214657), np.float64(-0.5612340708085051), np.float64(0.4223606931452537), np.float64(-0.5689262724914698), np.float64(-0.009496440211686245)]",0,0.456049280609432,-0.42491163942134696
S1200,8.6,77.2,92.3,7.3,0.5,2.43,1,Bachelor,1.89,50.9,Pass,D,Medium Risk,1,1,2,2,9.61,5.49,0.11,6.64,-1.199870656357088,-0.1942334280942875,1.3230460755616225,0.1719996315083841,-0.9161075950620422,-0.4854377658130663,0.8509629433967631,-0.0774391245749257,0.3989747015265172,0.1564365229913077,-0.6290520019323518,-1.1536490858320172,-0.7423038914483829,0.2785389706207029,"[np.float64(-1.199870656357088), np.float64(-0.19423342809428756), np.float64(1.3230460755616225), np.float64(0.17199963150838418), np.float64(-0.9161075950620422), np.float64(-0.48543776581306636), np.float64(0.8509629433967631), np.float64(-0.07743912457492572), np.float64(0.3989747015265172), np.float64(0.1564365229913077), np.float64(-0.6290520019323518), np.float64(-1.1536490858320172), np.float64(-0.7423038914483829), np.float64(0.27853897062070293)]",0,-1.2305830823995578,-1.2385771918477417
S1201,23.6,72.2,67.5,7.5,5.0,2.77,1,Bachelor,2.18,43.1,Fail,F,Medium Risk,1,0,3,2,2.74,2.16,1.39,17.04,0.3677065961115741,-0.5681115595918289,0.0381630968593588,0.3095993367150916,0.8215775245548813,-0.0213481235443608,0.8509629433967631,-0.0774391245749257,-0.2612166870622194,-0.2477639903242222,1.107087034838122,0.1369415993147242,-0.0240251843411712,-0.4022720004376718,"[np.float64(0.36770659611157414), np.float64(-0.5681115595918289), np.float64(0.038163096859358876), np.float64(0.30959933671509166), np.float64(0.8215775245548813), np.float64(-0.021348123544360897), np.float64(0.8509629433967631), np.float64(-0.07743912457492572), np.float64(-0.2612166870622194), np.float64(-0.24776399032422222), np.float64(1.1070870348381219), np.float64(0.13694159931472422), np.float64(-0.024025184341171235), np.float64(-0.4022720004376718)]",0,0.0424797396841625,1.3271490562551176
S1202,25.6,95.7,56.4,7.7,3.0,2.85,1,High School,2.58,49.4,Fail,F,Medium Risk,0,0,3,2,2.12,2.05,0.13,24.5,0.5767168964407291,1.1891156584466154,-0.5369256557049609,0.4471990419217991,0.0492730269473597,0.0878494393423934,0.8509629433967631,-1.1837123327881494,-0.32079727817212,-0.261115959232543,-0.601924829482813,1.062692225391137,0.9667040668411886,0.1476137838787077,"[np.float64(0.5767168964407291), np.float64(1.1891156584466154), np.float64(-0.5369256557049609), np.float64(0.4471990419217991), np.float64(0.049273026947359765), np.float64(0.08784943934239346), np.float64(0.8509629433967631), np.float64(-1.1837123327881494), np.float64(-0.32079727817212), np.float64(-0.26111595923254305), np.float64(-0.601924829482813), np.float64(1.062692225391137), np.float64(0.9667040668411886), np.float64(0.14761378387870772)]",0,1.663559475169949,-0.6128110943738315
S1203,30.8,69.4,67.4,8.0,1.5,3.48,1,High School,1.79,48.9,Fail,F,Medium Risk,0,0,3,2,2.12,1.78,0.46,21.38,1.120143677296532,-0.7774833132304518,0.0329821171065274,0.65359859973186,-0.5299553462582814,0.9477802470755832,0.8509629433967631,-1.1837123327881494,-0.32079727817212,-0.293888973825694,-0.1543264840654253,0.6755150198471145,-0.9899862042439724,0.1039720549647093,"[np.float64(1.1201436772965319), np.float64(-0.7774833132304518), np.float64(0.032982117106527466), np.float64(0.65359859973186), np.float64(-0.5299553462582814), np.float64(0.9477802470755832), np.float64(0.8509629433967631), np.float64(-1.1837123327881494), np.float64(-0.32079727817212), np.float64(-0.29388897382569407), np.float64(-0.1543264840654253), np.float64(0.6755150198471145), np.float64(-0.9899862042439725), np.float64(0.10397205496470933)]",0,0.8369234065198095,0.6668092619368547
S1204,30.5,58.9,75.9,8.7,3.4,1.0,1,Bachelor,2.1,42.1,Fail,F,Medium Risk,1,0,3,2,2.41,1.95,1.4,17.96,1.0887921322471583,-1.562627389375289,0.4733653960972227,1.1351975679553352,0.203733926468864,-2.437344202413799,0.8509629433967631,-0.0774391245749257,-0.2929289371691019,-0.2732541127855619,1.120650621062891,0.2511092368469362,-0.2221710345776434,-0.4895554582656686,"[np.float64(1.0887921322471585), np.float64(-1.562627389375289), np.float64(0.4733653960972227), np.float64(1.1351975679553352), np.float64(0.20373392646886404), np.float64(-2.437344202413799), np.float64(0.8509629433967631), np.float64(-0.07743912457492572), np.float64(-0.29292893716910196), np.float64(-0.27325411278556194), np.float64(1.120650621062891), np.float64(0.2511092368469362), np.float64(-0.22217103457764342), np.float64(-0.4895554582656686)]",0,0.3785008270068305,1.4679908133610264
S1205,6.2,56.7,66.0,7.6,0.9,2.31,0,Master,1.73,38.4,Fail,F,High Risk,2,0,3,0,9.17,7.71,0.39,3.52,-1.450683016752074,-1.727133767234207,-0.0395515994331167,0.3783991893184451,-0.7616466955405379,-0.6492341101431979,-1.1751393027860062,1.028834083638298,0.3566917013840072,0.4259035318683276,-0.2492715876388105,-1.5408262913760398,-1.1385955919213266,-0.8125042522292569,"[np.float64(-1.450683016752074), np.float64(-1.727133767234207), np.float64(-0.03955159943311675), np.float64(0.3783991893184451), np.float64(-0.7616466955405379), np.float64(-0.6492341101431979), np.float64(-1.1751393027860062), np.float64(1.0288340836382979), np.float64(0.3566917013840072), np.float64(0.42590353186832763), np.float64(-0.24927158763881058), np.float64(-1.5408262913760398), np.float64(-1.1385955919213266), np.float64(-0.8125042522292569)]",0,-2.5413688272364134,0.2976363340456227
S1206,10.6,89.1,65.8,6.6,1.3,2.97,0,Bachelor,2.38,49.8,Fail,F,Medium Risk,1,0,3,2,5.67,4.09,0.14,9.44,-0.9908603560279332,0.6955965248698601,-0.0499135589387803,-0.3095993367150916,-0.6071857960190336,0.251645783672525,-1.1751393027860062,-0.0774391245749257,0.0203496547958589,-0.0134976267509571,-0.5883612432580437,-0.8061823629078947,0.4713394412500081,0.1825271670099063,"[np.float64(-0.9908603560279331), np.float64(0.6955965248698601), np.float64(-0.049913558938780314), np.float64(-0.30959933671509166), np.float64(-0.6071857960190336), np.float64(0.251645783672525), np.float64(-1.1751393027860062), np.float64(-0.07743912457492572), np.float64(0.02034965479585893), np.float64(-0.013497626750957165), np.float64(-0.5883612432580437), np.float64(-0.8061823629078947), np.float64(0.47133944125000815), np.float64(0.18252716700990632)]",0,-0.4707893055902677,-1.0326975998849508
S1207,25.2,60.8,51.0,8.0,7.5,3.76,0,High School,2.27,45.4,Fail,F,Medium Risk,0,0,3,2,1.95,2.16,2.94,15.32,0.5349148363748979,-1.4205536994062236,-0.8166985623578731,0.65359859973186,1.7869581465642832,1.329971717179223,-1.1751393027860062,-1.1837123327881494,-0.3371338918635443,-0.2477639903242222,3.2094428996773674,-0.0765022447672367,0.1988888971748594,-0.2015200474332794,"[np.float64(0.5349148363748979), np.float64(-1.4205536994062236), np.float64(-0.8166985623578731), np.float64(0.65359859973186), np.float64(1.7869581465642832), np.float64(1.329971717179223), np.float64(-1.1751393027860062), np.float64(-1.1837123327881494), np.float64(-0.3371338918635443), np.float64(-0.24776399032422222), np.float64(3.2094428996773674), np.float64(-0.07650224476723676), np.float64(0.1988888971748594), np.float64(-0.20152004743327942)]",0,-0.2854171229317385,3.214563106711948
S1208,25.1,100.0,51.7,9.8,1.0,2.41,0,Bachelor,2.64,61.6,Pass,D,Low Risk,1,1,2,1,1.98,2.66,0.0,25.1,0.5244643213584403,1.5106508515345007,-0.780431704088051,1.8919959465922265,-0.7230314706601618,-0.5127371565347549,-1.1751393027860062,-0.0774391245749257,-0.3342509600356459,-0.1870732225591276,-0.7782514504048142,1.1371493803034494,1.1153134545185428,1.2124719693802688,"[np.float64(0.5244643213584403), np.float64(1.5106508515345007), np.float64(-0.780431704088051), np.float64(1.8919959465922265), np.float64(-0.7230314706601618), np.float64(-0.5127371565347549), np.float64(-1.1751393027860062), np.float64(-0.07743912457492572), np.float64(-0.3342509600356459), np.float64(-0.18707322255912764), np.float64(-0.7782514504048142), np.float64(1.1371493803034494), np.float64(1.1153134545185428), np.float64(1.2124719693802688)]",0,2.217062220160113,-1.396703622107252
S1209,25.2,48.8,36.9,6.8,1.9,1.3,1,High School,1.38,40.7,Fail,F,Medium Risk,0,0,3,2,1.41,1.84,0.97,12.3,0.5349148363748979,-2.3178612150003226,-1.547216707507144,-0.1719996315083841,-0.3754944467367771,-2.0278533415884703,0.8509629433967631,-1.1837123327881494,-0.3890266647657157,-0.2866060816938828,0.5374164133978102,-0.4512699244925405,-2.005483686705892,-0.611752299224864,"[np.float64(0.5349148363748979), np.float64(-2.3178612150003226), np.float64(-1.5472167075071441), np.float64(-0.17199963150838418), np.float64(-0.3754944467367771), np.float64(-2.0278533415884703), np.float64(0.8509629433967631), np.float64(-1.1837123327881494), np.float64(-0.38902666476571574), np.float64(-0.2866060816938828), np.float64(0.5374164133978102), np.float64(-0.45126992449254055), np.float64(-2.005483686705892), np.float64(-0.611752299224864)]",0,-0.9909260091170461,2.4038603606102615
S1210,46.375,100.0,100.0,5.5,6.6,3.3,1,Bachelor,2.82,75.0,Pass,C,Low Risk,1,1,1,1,2.11,0.82,0.0,46.38,2.747811391109826,1.5106508515345007,1.721981516529664,-1.0663977153519817,1.4394211226408984,0.7020857305803858,0.8509629433967631,-0.0774391245749257,-0.3217582554480861,-0.4104152479346757,-0.7782514504048142,3.7778964745267833,1.561141617550604,2.382070304275426,"[np.float64(2.747811391109826), np.float64(1.5106508515345007), np.float64(1.7219815165296641), np.float64(-1.0663977153519817), np.float64(1.4394211226408984), np.float64(0.7020857305803858), np.float64(0.8509629433967631), np.float64(-0.07743912457492572), np.float64(-0.3217582554480861), np.float64(-0.41041524793467576), np.float64(-0.7782514504048142), np.float64(3.7778964745267825), np.float64(1.561141617550604), np.float64(2.382070304275426)]",-1,4.977740537521119,-1.237456815643236
S1211,25.7,83.2,40.1,8.7,3.7,2.29,1,High School,2.02,53.2,Pass,D,Medium Risk,0,1,2,2,1.5,2.31,0.62,21.38,0.5871674114571866,0.254420329702762,-1.3814253554165292,1.1351975679553352,0.3195796011099924,-0.6765335008648865,0.8509629433967631,-1.1837123327881494,-0.3803778692820205,-0.2295567599946938,0.0626908955308838,0.6755150198471145,-0.4203168848141156,0.4792909236250959,"[np.float64(0.5871674114571866), np.float64(0.254420329702762), np.float64(-1.3814253554165292), np.float64(1.1351975679553352), np.float64(0.3195796011099924), np.float64(-0.6765335008648865), np.float64(0.8509629433967631), np.float64(-1.1837123327881494), np.float64(-0.38037786928202055), np.float64(-0.22955675999469385), np.float64(0.06269089553088388), np.float64(0.6755150198471145), np.float64(-0.4203168848141156), np.float64(0.4792909236250959)]",0,0.921277575967479,0.6123023727498365
S1212,31.4,78.5,51.1,6.8,0.2,1.85,0,High School,2.53,41.5,Fail,F,Medium Risk,0,0,3,2,1.58,1.48,0.04,24.65,1.182846767395278,-0.097025113904927,-0.8115175826050413,-0.1719996315083841,-1.0319532697031704,-1.2771200967420349,-1.1751393027860062,-1.1837123327881494,-0.3726900510742914,-0.3303034344847508,-0.7239971055057369,1.0813065141192149,0.8428629104433929,-0.5419255329624668,"[np.float64(1.182846767395278), np.float64(-0.09702511390492703), np.float64(-0.8115175826050413), np.float64(-0.17199963150838418), np.float64(-1.0319532697031704), np.float64(-1.2771200967420349), np.float64(-1.1751393027860062), np.float64(-1.1837123327881494), np.float64(-0.37269005107429143), np.float64(-0.33030343448475086), np.float64(-0.7239971055057369), np.float64(1.0813065141192149), np.float64(0.8428629104433929), np.float64(-0.5419255329624668)]",0,1.54554581587251,-0.05397681100040713
S1213,29.5,71.8,50.6,3.7,0.5,2.3,0,High School,2.48,39.8,Fail,F,High Risk,0,0,3,0,1.66,0.86,0.14,21.18,0.984286982082581,-0.5980218101116326,-0.8374224813691998,-2.304795062212348,-0.9161075950620422,-0.6628838055040425,-1.1751393027860062,-1.1837123327881494,-0.3650022328665623,-0.4055599865134681,-0.5883612432580437,0.6506959682096772,0.7190217540455983,-0.6903074112700616,"[np.float64(0.984286982082581), np.float64(-0.5980218101116326), np.float64(-0.8374224813691998), np.float64(-2.3047950622123476), np.float64(-0.9161075950620422), np.float64(-0.6628838055040425), np.float64(-1.1751393027860062), np.float64(-1.1837123327881494), np.float64(-0.3650022328665623), np.float64(-0.40555998651346814), np.float64(-0.5883612432580437), np.float64(0.6506959682096772), np.float64(0.7190217540455983), np.float64(-0.6903074112700616)]",0,0.9146555788478358,0.45571425190758114
S1214,26.5,86.0,82.9,8.3,0.0,2.65,0,Bachelor,2.81,52.6,Pass,D,Medium Risk,1,1,2,2,3.01,2.14,0.0,22.79,0.6707715315888486,0.4637920833413849,0.8360339787954423,0.8599981575419215,-1.1091837194639227,-0.1851444678744924,-1.1751393027860062,-0.0774391245749257,-0.2352703006111337,-0.250191621034826,-0.7782514504048142,0.8504893338910477,1.5363733862710456,0.4269208489282977,"[np.float64(0.6707715315888486), np.float64(0.46379208334138494), np.float64(0.8360339787954423), np.float64(0.8599981575419215), np.float64(-1.1091837194639227), np.float64(-0.18514446787449243), np.float64(-1.1751393027860062), np.float64(-0.07743912457492572), np.float64(-0.23527030061113374), np.float64(-0.250191621034826), np.float64(-0.7782514504048142), np.float64(0.8504893338910477), np.float64(1.5363733862710456), np.float64(0.4269208489282977)]",0,1.9086554717634279,-1.4023488985689685
S1215,16.8,79.4,59.1,6.2,3.0,2.32,0,High School,2.13,52.3,Pass,D,Medium Risk,0,1,2,2,3.32,2.48,0.62,13.34,-0.3429284250075526,-0.0297270502353691,-0.3970392023785046,-0.584798747128506,0.0492730269473597,-0.6355844147823538,-1.1751393027860062,-1.1837123327881494,-0.2054800050561834,-0.2089218989545617,0.0626908955308838,-0.3222108559778665,-0.1478663407389669,0.4007358115798983,"[np.float64(-0.34292842500755266), np.float64(-0.029727050235369167), np.float64(-0.3970392023785046), np.float64(-0.584798747128506), np.float64(0.049273026947359765), np.float64(-0.6355844147823538), np.float64(-1.1751393027860062), np.float64(-1.1837123327881494), np.float64(-0.20548000505618347), np.float64(-0.2089218989545617), np.float64(0.06269089553088388), np.float64(-0.3222108559778665), np.float64(-0.1478663407389669), np.float64(0.4007358115798983)]",0,-0.1293110932164571,0.19142533828562497
S1216,27.6,96.5,90.0,6.9,1.8,1.04,1,Bachelor,2.66,70.0,Pass,C,Low Risk,1,1,1,1,3.15,1.71,0.06,26.63,0.785727196769884,1.2489361594862218,1.2038835412464932,-0.1031997789050301,-0.4141096716171532,-2.382745420970422,0.8509629433967631,-0.0774391245749257,-0.2218166187476078,-0.3023856813128073,-0.6968699330561983,1.3270151253298446,1.1648499170776607,1.9456530151354416,"[np.float64(0.785727196769884), np.float64(1.2489361594862218), np.float64(1.2038835412464932), np.float64(-0.10319977890503014), np.float64(-0.4141096716171532), np.float64(-2.382745420970422), np.float64(0.8509629433967631), np.float64(-0.07743912457492572), np.float64(-0.2218166187476078), np.float64(-0.30238568131280735), np.float64(-0.6968699330561983), np.float64(1.3270151253298446), np.float64(1.1648499170776607), np.float64(1.9456530151354416)]",0,2.6645843050333835,-1.9047637374749227
S1217,12.3,81.7,51.5,7.5,0.4,3.52,0,Bachelor,1.9,46.3,Fail,F,Medium Risk,1,0,3,2,3.87,4.04,0.07,10.05,-0.8132016007481513,0.1422568902534996,-0.7907936635937145,0.3095993367150916,-0.9547228199424184,1.0023790285189604,-1.1751393027860062,-0.0774391245749257,-0.1526262548780458,-0.0195667035274666,-0.6833063468314289,-0.7304842554137106,-0.7175356601688239,-0.1229649353880824,"[np.float64(-0.8132016007481513), np.float64(0.14225689025349963), np.float64(-0.7907936635937145), np.float64(0.30959933671509166), np.float64(-0.9547228199424184), np.float64(1.0023790285189604), np.float64(-1.1751393027860062), np.float64(-0.07743912457492572), np.float64(-0.15262625487804585), np.float64(-0.019566703527466603), np.float64(-0.6833063468314289), np.float64(-0.7304842554137106), np.float64(-0.7175356601688239), np.float64(-0.12296493538808244)]",0,-0.8368865876879253,-0.2662721310813706
S1218,17.6,82.3,70.6,7.3,9.15,3.82,1,Bachelor,2.2,52.7,Pass,D,Medium Risk,1,1,2,2,3.8,2.79,1.62,14.48,-0.2593243048758906,0.1871222660332041,0.1987734691971415,0.1719996315083841,2.424109357090489,1.4118698893442887,0.8509629433967631,-0.0774391245749257,-0.1593530958098088,-0.171293622940203,1.4190495180078166,-0.1807422616444735,0.0255112782179468,0.4356491947110975,"[np.float64(-0.25932430487589064), np.float64(0.18712226603320417), np.float64(0.19877346919714156), np.float64(0.17199963150838418), np.float64(2.424109357090489), np.float64(1.4118698893442887), np.float64(0.8509629433967631), np.float64(-0.07743912457492572), np.float64(-0.15935309580980886), np.float64(-0.17129362294020306), np.float64(1.4190495180078166), np.float64(-0.18074226164447357), np.float64(0.02551127821794681), np.float64(0.43564919471109753)]",0,-0.22078389161964732,1.283011176650263
S1219,15.1,74.5,48.3,8.1,2.3,3.32,0,Bachelor,2.51,34.0,Fail,F,High Risk,1,0,3,0,3.0,3.59,0.59,11.25,-0.5205871802873345,-0.39612761910296,-0.9565850156843292,0.7223984523352134,-0.2210335472152728,0.7293851213020744,-1.1751393027860062,-0.0774391245749257,-0.2362312778870998,-0.0741883945160517,0.0220001368565758,-0.5815699455890867,0.7933264478842749,-1.1965514666724426,"[np.float64(-0.5205871802873345), np.float64(-0.39612761910296007), np.float64(-0.9565850156843293), np.float64(0.7223984523352134), np.float64(-0.22103354721527285), np.float64(0.7293851213020744), np.float64(-1.1751393027860062), np.float64(-0.07743912457492572), np.float64(-0.23623127788709986), np.float64(-0.07418839451605175), np.float64(0.022000136856575862), np.float64(-0.5815699455890867), np.float64(0.7933264478842749), np.float64(-1.1965514666724426)]",0,-0.6324059484154555,0.5201423646061231
S1220,20.8,79.1,100.0,6.3,0.8,1.89,1,Master,2.11,60.5,Pass,D,Low Risk,2,1,2,1,4.59,2.05,0.17,16.45,0.0750921756507571,-0.0521597381252224,1.721981516529664,-0.5159988945251526,-0.8002619204209138,-1.222521315298658,0.8509629433967631,1.028834083638298,-0.0834358910084839,-0.261115959232543,-0.5476704845837357,0.063725396984284,-0.1974028032980849,1.1164601657694722,"[np.float64(0.07509217565075718), np.float64(-0.052159738125222496), np.float64(1.7219815165296641), np.float64(-0.5159988945251526), np.float64(-0.8002619204209138), np.float64(-1.222521315298658), np.float64(0.8509629433967631), np.float64(1.0288340836382979), np.float64(-0.08343589100848396), np.float64(-0.26111595923254305), np.float64(-0.5476704845837357), np.float64(0.06372539698428409), np.float64(-0.19740280329808496), np.float64(1.1164601657694722)]",0,0.688695555845357,-1.1227082938150394
S1221,43.1,84.6,41.2,7.8,2.1,2.64,1,High School,3.02,56.5,Pass,D,Medium Risk,0,1,2,2,0.93,1.25,0.32,36.46,2.405557024320834,0.359106206522073,-1.3244345781353803,0.5159988945251526,-0.2982639969760249,-0.1987941632353364,0.8509629433967631,-1.1837123327881494,-0.4351535740120904,-0.3582211876566943,-0.3442166912121959,2.54687151330989,2.0565062431417847,0.7673263344574851,"[np.float64(2.4055570243208346), np.float64(0.359106206522073), np.float64(-1.3244345781353803), np.float64(0.5159988945251526), np.float64(-0.2982639969760249), np.float64(-0.19879416323533644), np.float64(0.8509629433967631), np.float64(-1.1837123327881494), np.float64(-0.4351535740120904), np.float64(-0.35822118765669436), np.float64(-0.3442166912121959), np.float64(2.54687151330989), np.float64(2.0565062431417847), np.float64(0.7673263344574851)]",0,3.7474843731399647,-0.1040283018304582
S1222,1.3,54.3,71.2,6.6,3.4,2.79,0,Bachelor,1.5,39.4,Fail,F,High Risk,1,0,3,0,30.96,23.1,1.55,0.71,-1.9627582525585037,-1.9065952703530276,0.2298593477141322,-0.3095993367150916,0.203733926468864,0.0059512671773276,-1.1751393027860062,-0.0774391245749257,2.450661185714221,2.29396536367794,1.3241044144344312,-1.8895339668820343,-1.7082649113511836,-0.7252207944012602,"[np.float64(-1.9627582525585034), np.float64(-1.9065952703530273), np.float64(0.22985934771413224), np.float64(-0.30959933671509166), np.float64(0.20373392646886404), np.float64(0.005951267177327695), np.float64(-1.1751393027860062), np.float64(-0.07743912457492572), np.float64(2.4506611857142215), np.float64(2.2939653636779394), np.float64(1.3241044144344312), np.float64(-1.8895339668820343), np.float64(-1.7082649113511836), np.float64(-0.7252207944012602)]",-1,-4.821461797716658,0.00438148217009714
S1223,26.9,59.8,77.7,8.1,0.2,3.28,1,High School,2.75,52.8,Pass,D,Medium Risk,0,1,2,2,2.78,2.05,0.08,16.09,0.7125735916546795,-1.4953293257057318,0.5666230316481933,0.7223984523352134,-1.0319532697031704,0.6747863398586973,0.8509629433967631,-1.1837123327881494,-0.2573727779583549,-0.261115959232543,-0.6697427606066597,0.0190511040368969,1.3877639985936914,0.4443775404938966,"[np.float64(0.7125735916546795), np.float64(-1.4953293257057318), np.float64(0.5666230316481933), np.float64(0.7223984523352134), np.float64(-1.0319532697031704), np.float64(0.6747863398586973), np.float64(0.8509629433967631), np.float64(-1.1837123327881494), np.float64(-0.2573727779583549), np.float64(-0.26111595923254305), np.float64(-0.6697427606066597), np.float64(0.019051104036896943), np.float64(1.3877639985936914), np.float64(0.44437754049389666)]",0,1.2787965110516482,-0.4478196183049936
S1224,3.9,91.1,73.3,7.9,1.0,3.33,1,High School,1.74,41.7,Fail,F,Medium Risk,0,0,3,2,14.96,12.02,0.09,3.55,-1.6910448621306022,0.8451477774688767,0.3386599225235978,0.5847987471285065,-0.7230314706601618,0.743034816662919,0.8509629433967631,-1.1837123327881494,0.913097544168401,0.9490579500034428,-0.6561791743818904,-1.537103433630424,-1.1138273606417677,-0.5244688413968672,"[np.float64(-1.6910448621306022), np.float64(0.8451477774688767), np.float64(0.33865992252359783), np.float64(0.5847987471285065), np.float64(-0.7230314706601618), np.float64(0.743034816662919), np.float64(0.8509629433967631), np.float64(-1.1837123327881494), np.float64(0.913097544168401), np.float64(0.9490579500034428), np.float64(-0.6561791743818904), np.float64(-1.5371034336304241), np.float64(-1.1138273606417677), np.float64(-0.5244688413968672)]",0,-2.399335325183251,-1.54646042044828
S1225,15.3,82.6,61.3,5.6,4.9,2.21,1,Bachelor,2.14,46.5,Fail,F,Medium Risk,1,0,3,2,3.76,2.45,0.85,12.64,-0.4996861502544188,0.2095549539230564,-0.2830576478162072,-0.9975978627486284,0.7829622996745054,-0.7857310637516408,0.8509629433967631,-0.0774391245749257,-0.1631970049136734,-0.2125633450204673,0.3746533787005783,-0.409077536708897,-0.1230981094594073,-0.1055082438224828,"[np.float64(-0.49968615025441887), np.float64(0.20955495392305643), np.float64(-0.2830576478162072), np.float64(-0.9975978627486284), np.float64(0.7829622996745054), np.float64(-0.7857310637516408), np.float64(0.8509629433967631), np.float64(-0.07743912457492572), np.float64(-0.16319700491367342), np.float64(-0.21256334502046736), np.float64(0.37465337870057835), np.float64(-0.40907753670889707), np.float64(-0.12309810945940733), np.float64(-0.10550824382248283)]",0,-0.5204341555989187,0.5393729055792483
S1226,30.9,77.2,62.4,8.6,1.8,2.87,0,Bachelor,2.22,62.0,Pass,D,Low Risk,1,1,2,1,1.96,1.91,0.41,23.85,1.1305941923129894,-0.1942334280942875,-0.2260668705350583,1.0663977153519817,-0.4141096716171532,0.115148830064082,-1.1751393027860062,-0.0774391245749257,-0.3361729145875782,-0.2781093742067695,-0.2221444151892719,0.982030307569466,0.0750477407770648,1.247385352511467,"[np.float64(1.1305941923129894), np.float64(-0.19423342809428756), np.float64(-0.22606687053505833), np.float64(1.0663977153519817), np.float64(-0.4141096716171532), np.float64(0.11514883006408205), np.float64(-1.1751393027860062), np.float64(-0.07743912457492572), np.float64(-0.3361729145875782), np.float64(-0.2781093742067695), np.float64(-0.22214441518927197), np.float64(0.9820303075694659), np.float64(0.07504774077706486), np.float64(1.2473853525114673)]",0,1.7721107140676584,-0.06712402259814584
S1227,20.6,80.3,65.9,6.2,2.4,3.17,1,Master,1.81,42.8,Fail,F,Medium Risk,2,0,3,2,3.05,2.04,0.47,16.54,0.0541911456178417,0.0375710134341876,-0.0447325791859481,-0.584798747128506,-0.1824183223348967,0.5246396908894103,0.8509629433967631,1.028834083638298,-0.2314263915072691,-0.2623297745878449,-0.140762897840656,0.0748939702211308,-0.9404497416848544,-0.4284570377860712,"[np.float64(0.05419114561784177), np.float64(0.03757101343418763), np.float64(-0.04473257918594816), np.float64(-0.584798747128506), np.float64(-0.18241832233489674), np.float64(0.5246396908894103), np.float64(0.8509629433967631), np.float64(1.0288340836382979), np.float64(-0.23142639150726918), np.float64(-0.26232977458784495), np.float64(-0.14076289784065604), np.float64(0.07489397022113087), np.float64(-0.9404497416848545), np.float64(-0.4284570377860712)]",0,-0.2756093800370596,0.48629057921580776
S1228,9.2,85.2,62.1,8.2,1.7,3.96,1,Bachelor,2.25,43.1,Fail,F,Medium Risk,1,0,3,2,6.09,5.8,0.25,7.84,-1.1371675662583416,0.4039715823017785,-0.2416098097935533,0.7911983049385668,-0.4527248964975293,1.6029656243961088,0.8509629433967631,-0.0774391245749257,0.0607107003864367,0.1940647990056663,-0.4391617947855811,-1.0047347760073932,0.1493524346157413,-0.4022720004376718,"[np.float64(-1.1371675662583416), np.float64(0.40397158230177854), np.float64(-0.24160980979355332), np.float64(0.7911983049385668), np.float64(-0.4527248964975293), np.float64(1.6029656243961088), np.float64(0.8509629433967631), np.float64(-0.07743912457492572), np.float64(0.06071070038643671), np.float64(0.1940647990056663), np.float64(-0.43916179478558115), np.float64(-1.0047347760073932), np.float64(0.14935243461574138), np.float64(-0.4022720004376718)]",0,-1.0054962700812644,-0.648925951038663
S1229,12.8,71.9,84.3,7.6,0.1,3.36,1,PhD,2.54,40.7,Fail,F,Medium Risk,3,0,3,2,6.11,3.94,0.03,9.2,-0.7609490256658625,-0.5905442474816811,0.9085676953350856,0.3783991893184451,-1.0705684945835463,0.7839839027454516,0.8509629433967631,2.1351072918515213,0.062632654938369,-0.0317048570804855,-0.7375606917305063,-0.8359652248728194,0.8676311417229525,-0.611752299224864,"[np.float64(-0.7609490256658625), np.float64(-0.5905442474816811), np.float64(0.9085676953350857), np.float64(0.3783991893184451), np.float64(-1.0705684945835465), np.float64(0.7839839027454516), np.float64(0.8509629433967631), np.float64(2.1351072918515213), np.float64(0.06263265493836903), np.float64(-0.03170485708048553), np.float64(-0.7375606917305063), np.float64(-0.8359652248728194), np.float64(0.8676311417229525), np.float64(-0.611752299224864)]",0,-0.5858828862636782,-0.8850676422333583
S1230,26.8,68.3,100.0,9.8,0.5,3.43,1,High School,2.43,42.1,Fail,F,Medium Risk,0,0,3,2,3.6,2.49,0.16,18.3,0.7021230766382219,-0.8597365021599116,1.721981516529664,1.8919959465922265,-0.9161075950620422,0.879531770271362,0.8509629433967631,-1.1837123327881494,-0.1785726413291316,-0.2077080835992598,-0.5612340708085051,0.2933016246305796,0.5951805976478038,-0.4895554582656686,"[np.float64(0.7021230766382219), np.float64(-0.8597365021599116), np.float64(1.7219815165296641), np.float64(1.8919959465922265), np.float64(-0.9161075950620422), np.float64(0.879531770271362), np.float64(0.8509629433967631), np.float64(-1.1837123327881494), np.float64(-0.1785726413291316), np.float64(-0.2077080835992598), np.float64(-0.5612340708085051), np.float64(0.2933016246305796), np.float64(0.5951805976478038), np.float64(-0.4895554582656686)]",0,0.9725981666210423,-0.5968395684744894
S1231,12.7,82.9,53.9,6.7,1.8,2.87,1,High School,1.55,43.5,Fail,F,Medium Risk,0,0,3,2,3.93,3.5,0.31,10.53,-0.7713995406823204,0.2319876418129097,-0.6664501495257535,-0.2407994841117376,-0.4141096716171532,0.115148830064082,0.8509629433967631,-1.1837123327881494,-0.146860391222249,-0.0851127327137687,-0.3577802774369652,-0.6709185314838612,-1.5844237549533886,-0.3673586173064732,"[np.float64(-0.7713995406823204), np.float64(0.23198764181290976), np.float64(-0.6664501495257535), np.float64(-0.2407994841117376), np.float64(-0.4141096716171532), np.float64(0.11514883006408205), np.float64(0.8509629433967631), np.float64(-1.1837123327881494), np.float64(-0.14686039122224903), np.float64(-0.08511273271376875), np.float64(-0.3577802774369652), np.float64(-0.6709185314838612), np.float64(-1.5844237549533886), np.float64(-0.3673586173064732)]",0,-1.1621041176638136,0.24631214711298088
S1232,22.2,65.3,37.6,6.5,0.7,3.93,1,High School,1.97,45.2,Fail,F,Medium Risk,0,0,3,2,1.62,1.99,0.24,14.5,0.2213993858811654,-1.0840633810584364,-1.510949849237322,-0.3783991893184451,-0.8388771453012902,1.5620165383135762,0.8509629433967631,-1.1837123327881494,-0.3688461419704268,-0.2683988513643544,-0.4527253810103505,-0.1782603564807298,-0.5441580412119107,-0.2189767389988784,"[np.float64(0.22139938588116548), np.float64(-1.0840633810584364), np.float64(-1.510949849237322), np.float64(-0.3783991893184451), np.float64(-0.8388771453012902), np.float64(1.5620165383135762), np.float64(0.8509629433967631), np.float64(-1.1837123327881494), np.float64(-0.36884614197042687), np.float64(-0.2683988513643544), np.float64(-0.4527253810103505), np.float64(-0.17826035648072988), np.float64(-0.5441580412119107), np.float64(-0.21897673899887843)]",0,-0.10426706730225782,0.9105333516850335
S1233,20.5,86.1,63.2,7.0,0.2,3.13,1,High School,2.29,52.8,Pass,D,Medium Risk,0,1,2,2,2.94,2.31,0.03,17.65,0.0437406306013838,0.4712696459713353,-0.1846190325124044,-0.0343999263016767,-1.0319532697031704,0.4700409094460331,0.8509629433967631,-1.1837123327881494,-0.2419971415428967,-0.2295567599946938,-0.7375606917305063,0.212639706808908,0.2484253597339774,0.4443775404938966,"[np.float64(0.043740630601383876), np.float64(0.47126964597133536), np.float64(-0.18461903251240444), np.float64(-0.034399926301676716), np.float64(-1.0319532697031704), np.float64(0.47004090944603316), np.float64(0.8509629433967631), np.float64(-1.1837123327881494), np.float64(-0.2419971415428967), np.float64(-0.22955675999469385), np.float64(-0.7375606917305063), np.float64(0.21263970680890804), np.float64(0.24842535973397747), np.float64(0.44437754049389666)]",0,0.8098186926396831,-0.8187207292458183
S1234,13.5,54.5,100.0,6.5,5.6,2.11,1,Bachelor,2.13,29.9,Fail,F,High Risk,1,0,3,0,6.9,3.2,2.55,7.36,-0.6877954205506583,-1.8916401450931253,1.721981516529664,-0.3783991893184451,1.0532688738371376,-0.9222280173600838,0.8509629433967631,-0.0774391245749257,0.1385498597396939,-0.1215271933728254,2.680463036911364,-1.064300499937243,-0.1478663407389669,-1.5544136437672296,"[np.float64(-0.6877954205506583), np.float64(-1.8916401450931255), np.float64(1.7219815165296641), np.float64(-0.3783991893184451), np.float64(1.0532688738371376), np.float64(-0.9222280173600838), np.float64(0.8509629433967631), np.float64(-0.07743912457492572), np.float64(0.13854985973969391), np.float64(-0.12152719337282548), np.float64(2.6804630369113633), np.float64(-1.064300499937243), np.float64(-0.1478663407389669), np.float64(-1.5544136437672296)]",0,-1.9997069921995447,2.148650934577272
S1235,41.4,95.4,48.9,8.2,9.15,3.92,1,Bachelor,2.96,51.5,Pass,D,Medium Risk,1,1,2,2,1.15,1.36,0.42,39.5,2.2278982690410527,1.1666829705567632,-0.925499137167339,0.7911983049385668,2.424109357090489,1.5483668429527315,0.8509629433967631,-0.0774391245749257,-0.4140120739408353,-0.3448692187483735,-0.2085808289645026,2.9241210981989374,1.9078968554644304,0.3309090453175011,"[np.float64(2.2278982690410527), np.float64(1.1666829705567632), np.float64(-0.925499137167339), np.float64(0.7911983049385668), np.float64(2.424109357090489), np.float64(1.5483668429527315), np.float64(0.8509629433967631), np.float64(-0.07743912457492572), np.float64(-0.41401207394083533), np.float64(-0.3448692187483735), np.float64(-0.20858082896450264), np.float64(2.9241210981989374), np.float64(1.9078968554644304), np.float64(0.3309090453175011)]",0,3.510457020923263,0.555308961006734
S1236,26.3,87.1,97.8,4.6,4.7,3.36,1,High School,2.59,40.2,Fail,F,Medium Risk,0,0,3,2,3.58,1.19,0.61,22.91,0.6498705015559333,0.5460452722708437,1.6079999619673664,-1.685596388782165,0.7057318499137532,0.7839839027454516,0.8509629433967631,-1.1837123327881494,-0.1804945958810638,-0.3655040797885057,0.0491273093061145,0.8653807648735102,0.9914722981207472,-0.6553940281388624,"[np.float64(0.6498705015559333), np.float64(0.5460452722708437), np.float64(1.6079999619673664), np.float64(-1.685596388782165), np.float64(0.7057318499137532), np.float64(0.7839839027454516), np.float64(0.8509629433967631), np.float64(-1.1837123327881494), np.float64(-0.18049459588106387), np.float64(-0.36550407978850574), np.float64(0.04912730930611454), np.float64(0.8653807648735102), np.float64(0.9914722981207471), np.float64(-0.6553940281388624)]",0,1.0607492959432998,-0.1235825811389967
S1237,0.0,83.8,98.6,5.4,5.8,2.45,1,PhD,2.53,53.0,Pass,D,Medium Risk,3,1,2,2,98.6,54.0,0.94,0.0,-2.0986149477724543,0.2992857054824666,1.64944779999002,-1.1351975679553352,1.13049932359789,-0.4581383750913777,0.8509629433967631,2.1351072918515213,8.950711480349177,6.044654811560784,0.4967256547235022,-1.977641600194937,0.8428629104433929,0.4618342320594963,"[np.float64(-2.0986149477724543), np.float64(0.2992857054824666), np.float64(1.64944779999002), np.float64(-1.1351975679553352), np.float64(1.13049932359789), np.float64(-0.4581383750913777), np.float64(0.8509629433967631), np.float64(2.1351072918515213), np.float64(8.950711480349177), np.float64(6.044654811560784), np.float64(0.4967256547235022), np.float64(-1.977641600194937), np.float64(0.8428629104433929), np.float64(0.4618342320594963)]",1,-7.01015236742271,-6.072557409830713
S1238,21.9,94.7,53.9,5.4,0.8,2.42,1,Master,2.29,40.5,Fail,F,Medium Risk,2,0,3,2,2.35,1.67,0.04,20.74,0.1900478408317922,1.114340032147107,-0.6664501495257535,-1.1351975679553352,-0.8002619204209138,-0.4990874611739109,0.8509629433967631,1.028834083638298,-0.2986948008248988,-0.3072409427340149,-0.7239971055057369,0.5960940546073149,0.2484253597339774,-0.6292089907904636,"[np.float64(0.1900478408317922), np.float64(1.114340032147107), np.float64(-0.6664501495257535), np.float64(-1.1351975679553352), np.float64(-0.8002619204209138), np.float64(-0.49908746117391095), np.float64(0.8509629433967631), np.float64(1.0288340836382979), np.float64(-0.2986948008248988), np.float64(-0.3072409427340149), np.float64(-0.7239971055057369), np.float64(0.5960940546073149), np.float64(0.24842535973397747), np.float64(-0.6292089907904636)]",0,0.5953998058266928,-0.418585951268684
S1239,13.4,100.0,76.4,8.4,9.15,3.04,0,High School,2.23,57.5,Pass,D,Medium Risk,0,1,2,2,5.31,4.17,0.0,13.4,-0.6982459355671161,1.5106508515345007,0.4992702948613812,0.928798010145275,2.424109357090489,0.3471936511984347,-1.1751393027860062,-1.1837123327881494,-0.014245527138922,-0.003787103908542,-0.7782514504048142,-0.3147651404866352,0.0998159720566233,0.8546097922854818,"[np.float64(-0.6982459355671161), np.float64(1.5106508515345007), np.float64(0.49927029486138125), np.float64(0.928798010145275), np.float64(2.424109357090489), np.float64(0.34719365119843476), np.float64(-1.1751393027860062), np.float64(-1.1837123327881494), np.float64(-0.014245527138922062), np.float64(-0.0037871039085420237), np.float64(-0.7782514504048142), np.float64(-0.31476514048663523), np.float64(0.09981597205662333), np.float64(0.8546097922854818)]",0,0.11129686517280898,-0.8004123428543373
S1240,28.5,95.2,97.6,9.6,0.7,3.17,1,High School,2.45,75.2,Pass,B,Low Risk,0,1,0,1,3.31,2.3,0.03,27.13,0.8797818319180036,1.1517278452968611,1.597638002461703,1.7543962413855183,-0.8388771453012902,0.5246396908894103,0.8509629433967631,-1.1837123327881494,-0.2064409823321495,-0.2307705753499958,-0.7375606917305063,1.389062754423438,0.6447170602069219,2.399526995841025,"[np.float64(0.8797818319180036), np.float64(1.1517278452968611), np.float64(1.597638002461703), np.float64(1.7543962413855185), np.float64(-0.8388771453012902), np.float64(0.5246396908894103), np.float64(0.8509629433967631), np.float64(-1.1837123327881494), np.float64(-0.20644098233214958), np.float64(-0.2307705753499958), np.float64(-0.7375606917305063), np.float64(1.389062754423438), np.float64(0.6447170602069219), np.float64(2.3995269958410255)]",0,2.904782884098931,-2.1368017764517293
S1241,12.1,52.4,57.4,6.8,9.1,2.96,1,High School,1.55,24.3,Fail,F,High Risk,0,0,3,0,4.38,3.72,4.33,6.34,-0.8341026307810668,-2.0486689603220927,-0.4851158581766437,-0.1719996315083841,2.4048017446503,0.2379960883116804,0.8509629433967631,-1.1837123327881494,-0.1036164138037728,-0.0584087948971271,5.094781384920303,-1.1908776632881737,-1.5844237549533886,-2.0432010076040115,"[np.float64(-0.8341026307810668), np.float64(-2.0486689603220927), np.float64(-0.48511585817664377), np.float64(-0.17199963150838418), np.float64(2.4048017446503), np.float64(0.23799608831168043), np.float64(0.8509629433967631), np.float64(-1.1837123327881494), np.float64(-0.10361641380377286), np.float64(-0.058408794897127116), np.float64(5.094781384920303), np.float64(-1.1908776632881735), np.float64(-1.5844237549533886), np.float64(-2.0432010076040115)]",0,-3.237050184987643,5.0103673168914575
S1242,18.9,60.8,60.9,6.7,9.15,3.05,1,High School,1.7,24.9,Fail,F,High Risk,0,0,3,0,3.06,2.39,3.59,11.49,-0.1234676096619402,-1.4205536994062236,-0.303781566827534,-0.2407994841117376,2.424109357090489,0.3608433465592787,0.8509629433967631,-1.1837123327881494,-0.230465414231303,-0.2198462371522787,4.091076004287373,-0.5517870836241618,-1.2129002857600035,-1.9908309329072136,"[np.float64(-0.12346760966194022), np.float64(-1.4205536994062236), np.float64(-0.303781566827534), np.float64(-0.2407994841117376), np.float64(2.424109357090489), np.float64(0.36084334655927874), np.float64(0.8509629433967631), np.float64(-1.1837123327881494), np.float64(-0.23046541423130304), np.float64(-0.21984623715227872), np.float64(4.091076004287373), np.float64(-0.5517870836241618), np.float64(-1.2129002857600037), np.float64(-1.9908309329072136)]",0,-2.137553610198374,4.351986912937849
S1243,25.0,70.6,53.4,7.1,3.7,4.0,1,High School,2.51,48.3,Fail,F,Medium Risk,0,0,3,2,2.05,1.93,1.09,17.65,0.5140138063419825,-0.6877525616710427,-0.6923550482899121,0.0343999263016767,0.3195796011099924,1.6575644058394858,0.8509629433967631,-1.1837123327881494,-0.3275241191038829,-0.2756817434961657,0.7001794480950423,0.212639706808908,0.7933264478842749,0.0516019802679111,"[np.float64(0.5140138063419825), np.float64(-0.6877525616710427), np.float64(-0.6923550482899121), np.float64(0.034399926301676716), np.float64(0.3195796011099924), np.float64(1.6575644058394858), np.float64(0.8509629433967631), np.float64(-1.1837123327881494), np.float64(-0.32752411910388296), np.float64(-0.27568174349616575), np.float64(0.7001794480950423), np.float64(0.21263970680890804), np.float64(0.7933264478842749), np.float64(0.051601980267911136)]",0,0.6612402827785683,1.0298963765995046
S1244,28.7,80.4,44.7,8.7,9.15,3.66,0,Bachelor,2.37,36.6,Fail,F,High Risk,1,0,3,0,1.51,2.07,1.79,23.07,0.900682861950919,0.0450485760641391,-1.1431002867862703,1.1351975679553352,2.424109357090489,1.1934747635707803,-1.1751393027860062,-0.0774391245749257,-0.3794168920060544,-0.2586883285219393,1.6496304838288949,0.8852360061834601,0.4465712099704496,-0.9696144763196508,"[np.float64(0.900682861950919), np.float64(0.0450485760641391), np.float64(-1.1431002867862705), np.float64(1.1351975679553352), np.float64(2.424109357090489), np.float64(1.1934747635707805), np.float64(-1.1751393027860062), np.float64(-0.07743912457492572), np.float64(-0.37941689200605444), np.float64(-0.2586883285219393), np.float64(1.6496304838288949), np.float64(0.8852360061834601), np.float64(0.44657120997044963), np.float64(-0.9696144763196509)]",0,0.49493580622962774,2.393029861404751
S1245,8.0,87.8,52.0,5.6,2.5,2.95,1,High School,1.55,39.0,Fail,F,High Risk,0,0,3,0,5.78,4.51,0.31,7.02,-1.2625737464558344,0.5983882106804996,-0.7648887648295559,-0.9975978627486284,-0.1438030974545206,0.2243463929508364,0.8509629433967631,-1.1837123327881494,0.0309204048314864,0.0374826181717222,-0.3577802774369652,-1.1064928877208864,-1.5844237549533886,-0.7601341775324587,"[np.float64(-1.2625737464558344), np.float64(0.5983882106804996), np.float64(-0.7648887648295559), np.float64(-0.9975978627486284), np.float64(-0.14380309745452063), np.float64(0.22434639295083642), np.float64(0.8509629433967631), np.float64(-1.1837123327881494), np.float64(0.030920404831486475), np.float64(0.03748261817172228), np.float64(-0.3577802774369652), np.float64(-1.1064928877208864), np.float64(-1.5844237549533886), np.float64(-0.7601341775324587)]",0,-1.8873135498343252,0.17172828504129853
S1246,16.7,69.1,40.5,7.4,0.9,3.55,0,Bachelor,1.99,35.4,Fail,F,High Risk,1,0,3,0,2.29,2.98,0.28,11.54,-0.3533789400240105,-0.7999160011203051,-1.3607014364052024,0.2407994841117382,-0.7616466955405379,1.043328114601493,-1.1751393027860062,-0.0774391245749257,-0.3044606644806956,-0.1482311311894671,-0.3984710361112731,-0.5455823207148026,-0.4946215786527926,-1.0743546257132472,"[np.float64(-0.35337894002401055), np.float64(-0.7999160011203051), np.float64(-1.3607014364052024), np.float64(0.2407994841117382), np.float64(-0.7616466955405379), np.float64(1.043328114601493), np.float64(-1.1751393027860062), np.float64(-0.07743912457492572), np.float64(-0.30446066448069564), np.float64(-0.14823113118946712), np.float64(-0.39847103611127316), np.float64(-0.5455823207148026), np.float64(-0.49462157865279266), np.float64(-1.0743546257132472)]",0,-0.9040951288235795,0.8492040746734241
S1247,15.3,82.8,65.7,8.5,1.7,1.97,1,PhD,2.32,33.6,Fail,F,High Risk,3,0,3,0,4.03,3.72,0.29,12.67,-0.4996861502544188,0.2245100791829583,-0.0550945386916117,0.9975978627486284,-0.4527248964975293,-1.1133237524119035,0.8509629433967631,2.1351072918515213,-0.1372506184625876,-0.0584087948971271,-0.3849074498865039,-0.4053546789632815,0.322730053572654,-1.2314648498036411,"[np.float64(-0.49968615025441887), np.float64(0.2245100791829583), np.float64(-0.05509453869161173), np.float64(0.9975978627486284), np.float64(-0.4527248964975293), np.float64(-1.1133237524119037), np.float64(0.8509629433967631), np.float64(2.1351072918515213), np.float64(-0.13725061846258765), np.float64(-0.058408794897127116), np.float64(-0.3849074498865039), np.float64(-0.40535467896328153), np.float64(0.322730053572654), np.float64(-1.2314648498036413)]",0,-0.5653343436360965,-0.2389854760968969
S1248,13.5,68.7,49.6,7.8,2.7,3.12,1,Bachelor,2.35,20.9,Fail,F,High Risk,1,0,3,0,3.42,3.85,0.85,9.27,-0.6877954205506583,-0.8298262516401078,-0.8892322788975169,0.5159988945251526,-0.0665726476937684,0.4563912140851891,0.8509629433967631,-0.0774391245749257,-0.1958702322965221,-0.0426291952782025,0.3746533787005783,-0.8272785567997164,0.3970347474113316,-2.339964764219201,"[np.float64(-0.6877954205506583), np.float64(-0.8298262516401078), np.float64(-0.8892322788975169), np.float64(0.5159988945251526), np.float64(-0.0665726476937684), np.float64(0.4563912140851891), np.float64(0.8509629433967631), np.float64(-0.07743912457492572), np.float64(-0.1958702322965221), np.float64(-0.04262919527820254), np.float64(0.37465337870057835), np.float64(-0.8272785567997164), np.float64(0.3970347474113316), np.float64(-2.339964764219201)]",0,-1.4776952936520142,1.2141726474689742
S1249,37.7,70.8,69.7,7.3,0.2,4.0,1,PhD,2.93,61.3,Pass,D,Low Risk,3,1,2,1,1.8,1.33,0.06,26.69,1.8412292134321169,-0.6727974364111409,0.1521446514216566,0.1719996315083841,-1.0319532697031704,1.6575644058394858,0.8509629433967631,2.1351072918515213,-0.3515485510030364,-0.3485106648142792,-0.6968699330561983,1.334460840821076,1.8335921616257536,1.1862869320318694,"[np.float64(1.8412292134321167), np.float64(-0.6727974364111409), np.float64(0.15214465142165662), np.float64(0.17199963150838418), np.float64(-1.0319532697031704), np.float64(1.6575644058394858), np.float64(0.8509629433967631), np.float64(2.1351072918515213), np.float64(-0.3515485510030364), np.float64(-0.3485106648142792), np.float64(-0.6968699330561983), np.float64(1.334460840821076), np.float64(1.8335921616257538), np.float64(1.1862869320318694)]",0,2.818833916304862,-0.5634911248728073
S1250,24.0,58.9,33.9,8.5,2.9,2.63,0,High School,2.08,34.9,Fail,F,High Risk,0,0,3,0,1.36,2.41,1.19,14.14,0.409508656177405,-1.562627389375289,-1.7026461000920954,0.9975978627486284,0.0106578020669836,-0.212443858596181,-1.1751393027860062,-1.1837123327881494,-0.3938315511455464,-0.2174186064416749,0.8358153103427354,-0.222934649428117,-0.2717074971367614,-1.1179963546272458,"[np.float64(0.409508656177405), np.float64(-1.562627389375289), np.float64(-1.7026461000920954), np.float64(0.9975978627486284), np.float64(0.010657802066983652), np.float64(-0.21244385859618103), np.float64(-1.1751393027860062), np.float64(-1.1837123327881494), np.float64(-0.3938315511455464), np.float64(-0.21741860644167493), np.float64(0.8358153103427354), np.float64(-0.22293464942811703), np.float64(-0.27170749713676146), np.float64(-1.1179963546272458)]",0,-0.4940179919742706,2.1031954216743567
S1251,7.4,66.2,71.6,3.2124999999999986,9.15,2.12,1,Bachelor,1.55,25.6,Fail,F,High Risk,1,0,3,0,8.52,2.78,3.09,4.9,-1.3252768365545808,-1.0167653173888784,0.2505832667254586,-2.640194343653698,2.424109357090489,-0.9085783219992392,0.8509629433967631,-0.0774391245749257,0.2942281784462082,-0.1725074382955049,3.412896693048906,-1.3695748350777222,-1.5844237549533886,-1.929732512427616,"[np.float64(-1.3252768365545808), np.float64(-1.0167653173888784), np.float64(0.25058326672545866), np.float64(-2.640194343653698), np.float64(2.424109357090489), np.float64(-0.9085783219992392), np.float64(0.8509629433967631), np.float64(-0.07743912457492572), np.float64(0.2942281784462082), np.float64(-0.17250743829550497), np.float64(3.4128966930489066), np.float64(-1.3695748350777222), np.float64(-1.5844237549533886), np.float64(-1.9297325124276157)]",0,-3.448949949246309,3.469006016742245
S1252,29.2,59.7,81.7,8.0,0.6,2.28,0,Bachelor,2.44,61.2,Pass,D,Low Risk,1,1,2,1,2.71,1.87,0.24,17.43,0.9529354370332076,-1.5028068883356822,0.7738622217614617,0.65359859973186,-0.8774923701816661,-0.6901831962257311,-1.1751393027860062,-0.0774391245749257,-0.2640996188901178,-0.2829646356279771,-0.4527253810103505,0.1853387500077271,0.6199488289273622,1.1775585862490705,"[np.float64(0.9529354370332077), np.float64(-1.5028068883356822), np.float64(0.7738622217614617), np.float64(0.65359859973186), np.float64(-0.8774923701816661), np.float64(-0.6901831962257311), np.float64(-1.1751393027860062), np.float64(-0.07743912457492572), np.float64(-0.26409961889011785), np.float64(-0.2829646356279771), np.float64(-0.4527253810103505), np.float64(0.1853387500077271), np.float64(0.6199488289273622), np.float64(1.1775585862490703)]",0,1.3728389464549935,-0.3043857601433834
S1253,41.2,65.4,25.1,6.0,4.7,1.93,0,High School,2.38,54.6,Pass,D,Medium Risk,0,1,2,2,0.59,1.0,1.63,26.94,2.2069972390081376,-1.0765858184284849,-2.1585723183412857,-0.7223984523352134,0.7057318499137532,-1.1679225338552808,-1.1751393027860062,-1.1837123327881494,-0.4678268013949391,-0.3885665715392417,1.4326131042325856,1.3654846553678728,0.4713394412500081,0.6014877645842913,"[np.float64(2.2069972390081376), np.float64(-1.0765858184284849), np.float64(-2.1585723183412857), np.float64(-0.7223984523352134), np.float64(0.7057318499137532), np.float64(-1.1679225338552808), np.float64(-1.1751393027860062), np.float64(-1.1837123327881494), np.float64(-0.4678268013949391), np.float64(-0.3885665715392417), np.float64(1.4326131042325856), np.float64(1.3654846553678728), np.float64(0.47133944125000815), np.float64(0.6014877645842913)]",0,1.8451721290649028,2.355354960461603
S1254,30.3,95.8,72.5,4.3,7.2,2.17,0,High School,2.01,51.6,Pass,D,Medium Risk,0,1,2,2,2.32,0.97,0.3,29.03,1.067891102214243,1.1965932210765655,0.2972120845009443,-1.891995946592226,1.6711124719231554,-0.840329845195018,-1.1751393027860062,-1.1837123327881494,-0.3015777326527972,-0.3922080176051474,-0.3713438636617345,1.624843744979093,-0.4450851160936752,0.3396373911003009,"[np.float64(1.067891102214243), np.float64(1.1965932210765657), np.float64(0.29721208450094433), np.float64(-1.891995946592226), np.float64(1.6711124719231554), np.float64(-0.840329845195018), np.float64(-1.1751393027860062), np.float64(-1.1837123327881494), np.float64(-0.30157773265279725), np.float64(-0.3922080176051474), np.float64(-0.37134386366173455), np.float64(1.624843744979093), np.float64(-0.4450851160936752), np.float64(0.3396373911003009)]",0,1.485600419202002,0.3041003683685873
S1255,4.8,65.8,89.6,7.8,8.6,2.5,0,Bachelor,1.76,36.4,Fail,F,High Risk,1,0,3,0,15.45,9.93,2.94,3.16,-1.5969902269824825,-1.046675567908682,1.183159622235166,0.5159988945251526,2.21172562024842,-0.3898898982871566,-1.1751393027860062,-0.0774391245749257,0.9601854306907416,0.6953705407453475,3.2094428996773674,-1.585500584323427,-1.0642908980826498,-0.9870711678852504,"[np.float64(-1.5969902269824823), np.float64(-1.046675567908682), np.float64(1.1831596222351661), np.float64(0.5159988945251526), np.float64(2.2117256202484197), np.float64(-0.3898898982871566), np.float64(-1.1751393027860062), np.float64(-0.07743912457492572), np.float64(0.9601854306907417), np.float64(0.6953705407453475), np.float64(3.2094428996773674), np.float64(-1.585500584323427), np.float64(-1.0642908980826498), np.float64(-0.9870711678852505)]",0,-3.4236467338145857,1.9260004091138305
S1256,15.2,100.0,40.8,9.1,9.15,1.68,1,Bachelor,1.74,44.2,Fail,F,Medium Risk,1,0,3,2,2.52,4.01,0.0,15.2,-0.5101366652708768,1.5106508515345007,-1.3451584971467074,1.4103969783687502,2.424109357090489,-1.509164917876388,0.8509629433967631,-0.0774391245749257,-0.2823581871334745,-0.0232081495933723,-0.7782514504048142,-0.0913936757496992,-1.1138273606417677,-0.3062601968268752,"[np.float64(-0.5101366652708768), np.float64(1.5106508515345007), np.float64(-1.3451584971467074), np.float64(1.4103969783687502), np.float64(2.424109357090489), np.float64(-1.509164917876388), np.float64(0.8509629433967631), np.float64(-0.07743912457492572), np.float64(-0.2823581871334745), np.float64(-0.023208149593372307), np.float64(-0.7782514504048142), np.float64(-0.09139367574969928), np.float64(-1.1138273606417677), np.float64(-0.3062601968268752)]",0,-0.48321762970140275,0.39703668772553036
S1257,32.7,87.4,98.5,6.8,2.2,2.81,1,Bachelor,2.91,54.5,Pass,D,Medium Risk,1,1,2,2,2.92,1.43,0.28,28.58,1.318703462609229,0.568477960160697,1.6442668202371886,-0.1719996315083841,-0.2596487720956488,0.0332506578990162,0.8509629433967631,-0.0774391245749257,-0.2439190960948289,-0.3363725112612604,-0.3984710361112731,1.5690008787948586,1.784055699066636,0.5927594188014915,"[np.float64(1.3187034626092293), np.float64(0.568477960160697), np.float64(1.6442668202371886), np.float64(-0.17199963150838418), np.float64(-0.2596487720956488), np.float64(0.03325065789901629), np.float64(0.8509629433967631), np.float64(-0.07743912457492572), np.float64(-0.24391909609482898), np.float64(-0.3363725112612604), np.float64(-0.39847103611127316), np.float64(1.5690008787948586), np.float64(1.7840556990666359), np.float64(0.5927594188014915)]",0,2.647563304747161,-1.1565926169194773
S1258,12.9,82.8,73.4,8.4,9.15,3.52,0,Bachelor,2.52,43.6,Fail,F,Medium Risk,1,0,3,2,5.28,4.32,1.57,10.68,-0.7504985106494049,0.2245100791829583,0.34384090227643,0.928798010145275,2.424109357090489,1.0023790285189604,-1.1751393027860062,-0.0774391245749257,-0.0171284589668204,0.0144201264209863,1.35123158688397,-0.6523042427557831,0.8180946791638345,-0.3586302715236734,"[np.float64(-0.7504985106494049), np.float64(0.2245100791829583), np.float64(0.34384090227643), np.float64(0.928798010145275), np.float64(2.424109357090489), np.float64(1.0023790285189604), np.float64(-1.1751393027860062), np.float64(-0.07743912457492572), np.float64(-0.017128458966820415), np.float64(0.014420126420986393), np.float64(1.35123158688397), np.float64(-0.6523042427557831), np.float64(0.8180946791638345), np.float64(-0.3586302715236734)]",0,-0.7641484393921394,0.9612640655867616
S1259,24.4,67.1,50.9,9.4,4.2,2.07,1,Bachelor,1.85,49.8,Fail,F,Medium Risk,1,0,3,2,2.0,2.62,1.38,16.37,0.4513107162432358,-0.9494672537193216,-0.8218795421107048,1.6167965361788117,0.5126557255118728,-0.976826798803461,0.8509629433967631,-0.0774391245749257,-0.3323290054837136,-0.1919284839803352,1.0935234486133525,0.0537977763293093,-0.8413768165666184,0.1825271670099063,"[np.float64(0.4513107162432358), np.float64(-0.9494672537193217), np.float64(-0.8218795421107048), np.float64(1.6167965361788117), np.float64(0.5126557255118728), np.float64(-0.976826798803461), np.float64(0.8509629433967631), np.float64(-0.07743912457492572), np.float64(-0.33232900548371364), np.float64(-0.1919284839803352), np.float64(1.0935234486133525), np.float64(0.053797776329309356), np.float64(-0.8413768165666184), np.float64(0.18252716700990632)]",0,0.007321331556141252,1.587586092266798
S1260,27.7,90.5,63.9,9.0,0.5,4.0,0,High School,1.95,62.8,Pass,D,Low Risk,0,1,2,1,2.23,2.22,0.05,25.07,0.7961777117863416,0.8002824016891722,-0.1483521742425827,1.3415971257653967,-0.9161075950620422,1.6575644058394858,-1.1751393027860062,-1.1837123327881494,-0.3102265281364925,-0.2404810981924108,-0.7104335192809677,1.1334265225578335,-0.5936945037710287,1.3172121187738646,"[np.float64(0.7961777117863416), np.float64(0.8002824016891722), np.float64(-0.1483521742425827), np.float64(1.3415971257653967), np.float64(-0.9161075950620422), np.float64(1.6575644058394858), np.float64(-1.1751393027860062), np.float64(-1.1837123327881494), np.float64(-0.3102265281364925), np.float64(-0.24048109819241087), np.float64(-0.7104335192809677), np.float64(1.1334265225578335), np.float64(-0.5936945037710287), np.float64(1.3172121187738646)]",0,1.7468730890363475,-0.7603165265113615
S1261,10.7,71.4,76.2,9.5,1.9,3.21,1,Bachelor,2.03,30.7,Fail,F,High Risk,1,0,3,0,6.51,5.83,0.54,7.64,-0.9804098410114752,-0.6279320606314353,0.4889083353557177,1.685596388782165,-0.3754944467367771,0.5792384723327875,0.8509629433967631,-0.0774391245749257,0.1010717459770144,0.197706245071572,-0.0458177942672706,-1.0295538276448306,-0.3955486535345571,-1.484586877504832,"[np.float64(-0.9804098410114753), np.float64(-0.6279320606314353), np.float64(0.4889083353557177), np.float64(1.685596388782165), np.float64(-0.3754944467367771), np.float64(0.5792384723327875), np.float64(0.8509629433967631), np.float64(-0.07743912457492572), np.float64(0.10107174597701449), np.float64(0.197706245071572), np.float64(-0.04581779426727067), np.float64(-1.0295538276448306), np.float64(-0.39554865353455715), np.float64(-1.484586877504832)]",0,-1.595969146229186,0.09983533602553579
S1262,19.4,81.8,66.5,8.1,3.8,3.62,1,High School,2.59,42.4,Fail,F,Medium Risk,0,0,3,2,3.26,2.82,0.69,15.87,-0.0712150345796514,0.14973445288345,-0.0136467006689582,0.7223984523352134,0.3581948259903683,1.1388759821274033,0.8509629433967631,-1.1837123327881494,-0.2112458687119803,-0.1676521768742974,0.1576359991042691,-0.0082498527642842,0.9914722981207472,-0.4633704209172698,"[np.float64(-0.07121503457965149), np.float64(0.14973445288345003), np.float64(-0.013646700668958208), np.float64(0.7223984523352134), np.float64(0.35819482599036834), np.float64(1.1388759821274033), np.float64(0.8509629433967631), np.float64(-1.1837123327881494), np.float64(-0.2112458687119803), np.float64(-0.1676521768742974), np.float64(0.1576359991042691), np.float64(-0.00824985276428421), np.float64(0.9914722981207471), np.float64(-0.4633704209172698)]",0,0.35648137427271626,0.09484299954804178
S1263,0.0,100.0,75.8,7.1,0.9,2.27,1,High School,2.22,37.2,Fail,F,High Risk,0,0,3,0,75.8,71.0,0.0,0.0,-2.0986149477724543,1.5106508515345007,0.4681844163443905,0.0343999263016767,-0.7616466955405379,-0.703832891586575,0.8509629433967631,-1.1837123327881494,6.7596832911463824,8.108140915574,-0.7782514504048142,-1.977641600194937,0.0750477407770648,-0.9172444016228528,"[np.float64(-2.0986149477724543), np.float64(1.5106508515345007), np.float64(0.46818441634439056), np.float64(0.034399926301676716), np.float64(-0.7616466955405379), np.float64(-0.703832891586575), np.float64(0.8509629433967631), np.float64(-1.1837123327881494), np.float64(6.7596832911463824), np.float64(8.108140915574), np.float64(-0.7782514504048142), np.float64(-1.977641600194937), np.float64(0.07504774077706486), np.float64(-0.9172444016228527)]",1,-7.129047545246957,-6.8910322684371375
S1264,9.8,78.6,46.6,4.6,3.1,3.48,1,PhD,1.94,35.7,Fail,F,High Risk,3,0,3,0,4.31,3.07,0.66,7.7,-1.074464476159595,-0.0895475512749766,-1.044661671482468,-1.685596388782165,0.0878882518277358,0.9477802470755832,0.8509629433967631,2.1351072918515213,-0.1103432547355358,-0.1373067929917501,0.1169452404299612,-1.0221081121535995,-0.6184627350505878,-1.048169588364848,"[np.float64(-1.074464476159595), np.float64(-0.08954755127497663), np.float64(-1.0446616714824681), np.float64(-1.685596388782165), np.float64(0.08788825182773588), np.float64(0.9477802470755832), np.float64(0.8509629433967631), np.float64(2.1351072918515213), np.float64(-0.11034325473553584), np.float64(-0.1373067929917501), np.float64(0.11694524042996123), np.float64(-1.0221081121535995), np.float64(-0.6184627350505878), np.float64(-1.0481695883648479)]",0,-1.7918598878798315,0.9374931185393035
S1265,17.5,97.2,68.4,6.6,3.3,1.93,1,Bachelor,2.15,53.9,Pass,D,Medium Risk,1,1,2,2,3.7,2.54,0.09,17.01,-0.2697748198923485,1.3012790978958777,0.0847919146348445,-0.3095993367150916,0.1651187015884879,-1.1679225338552808,0.8509629433967631,-0.0774391245749257,-0.1689628685694702,-0.2016390068227503,-0.6561791743818904,0.1332187415691089,-0.0983298781798488,0.5403893441046933,"[np.float64(-0.2697748198923485), np.float64(1.3012790978958777), np.float64(0.08479191463484455), np.float64(-0.30959933671509166), np.float64(0.16511870158848793), np.float64(-1.1679225338552808), np.float64(0.8509629433967631), np.float64(-0.07743912457492572), np.float64(-0.1689628685694702), np.float64(-0.20163900682275035), np.float64(-0.6561791743818904), np.float64(0.13321874156910893), np.float64(-0.09832987817984885), np.float64(0.5403893441046933)]",0,0.4769680692680524,-0.8781615734445406
S1266,7.5,69.5,36.7,5.7,0.5,3.51,0,Master,1.29,43.8,Fail,F,Medium Risk,2,0,3,2,4.32,4.87,0.15,5.21,-1.314826321538123,-0.7700057506005015,-1.5575786670128071,-0.9287980101452744,-0.9161075950620422,0.9887293331581156,-1.1751393027860062,1.028834083638298,-0.1093822774595696,0.0811799709625904,-0.5747976570332743,-1.3311053050396942,-2.2283977682219227,-0.3411735799580744,"[np.float64(-1.314826321538123), np.float64(-0.7700057506005015), np.float64(-1.5575786670128073), np.float64(-0.9287980101452743), np.float64(-0.9161075950620422), np.float64(0.9887293331581157), np.float64(-1.1751393027860062), np.float64(1.0288340836382979), np.float64(-0.10938227745956965), np.float64(0.08117997096259041), np.float64(-0.5747976570332743), np.float64(-1.3311053050396942), np.float64(-2.2283977682219227), np.float64(-0.3411735799580744)]",0,-2.3226637875068428,0.7838157475480799
S1267,36.3,79.5,62.8,10.3,2.5,2.94,1,Bachelor,2.78,55.7,Pass,D,Medium Risk,1,1,2,2,1.68,1.95,0.51,28.86,1.6949220032017076,-0.0222494876054187,-0.2053429515237315,2.235995209608995,-0.1438030974545206,0.2106966975899918,0.8509629433967631,-0.0774391245749257,-0.3630802783146301,-0.2732541127855619,-0.0865085529415786,1.603747551087271,1.462068692432368,0.6974995681950878,"[np.float64(1.6949220032017076), np.float64(-0.022249487605418766), np.float64(-0.20534295152373158), np.float64(2.235995209608995), np.float64(-0.14380309745452063), np.float64(0.21069669758999182), np.float64(0.8509629433967631), np.float64(-0.07743912457492572), np.float64(-0.3630802783146301), np.float64(-0.27325411278556194), np.float64(-0.08650855294157868), np.float64(1.603747551087271), np.float64(1.462068692432368), np.float64(0.6974995681950878)]",0,2.736501985250159,-0.1852732057269187
S1268,5.7,100.0,46.9,6.7,4.4,3.24,0,Bachelor,1.73,33.7,Fail,F,High Risk,1,0,3,0,7.0,7.33,0.0,5.7,-1.5029355918343628,1.5106508515345007,-1.0291187322239732,-0.2407994841117376,0.589886175272625,0.6201875584153207,-1.1751393027860062,-0.0774391245749257,0.1481596324993552,0.3797785483668557,-0.7782514504048142,-1.270298628527973,-1.1385955919213266,-1.2227365040208416,"[np.float64(-1.5029355918343628), np.float64(1.5106508515345007), np.float64(-1.0291187322239732), np.float64(-0.2407994841117376), np.float64(0.589886175272625), np.float64(0.6201875584153207), np.float64(-1.1751393027860062), np.float64(-0.07743912457492572), np.float64(0.14815963249935526), np.float64(0.37977854836685576), np.float64(-0.7782514504048142), np.float64(-1.270298628527973), np.float64(-1.1385955919213266), np.float64(-1.2227365040208416)]",0,-2.185602548038153,-0.26537315400655886
S1269,15.6,70.6,50.3,7.2,2.1,1.86,1,High School,2.47,49.6,Fail,F,Medium Risk,0,0,3,2,3.03,3.09,0.62,11.01,-0.4683346052050457,-0.6877525616710427,-0.8529654206276952,0.1031997789050307,-0.2982639969760249,-1.2634704013811906,0.8509629433967631,-1.1837123327881494,-0.2333483460592014,-0.1348791622811463,0.0626908955308838,-0.6113528075540114,0.6942535227660399,0.1650704754443073,"[np.float64(-0.4683346052050457), np.float64(-0.6877525616710427), np.float64(-0.8529654206276952), np.float64(0.10319977890503075), np.float64(-0.2982639969760249), np.float64(-1.2634704013811906), np.float64(0.8509629433967631), np.float64(-1.1837123327881494), np.float64(-0.23334834605920146), np.float64(-0.13487916228114633), np.float64(0.06269089553088388), np.float64(-0.6113528075540114), np.float64(0.6942535227660399), np.float64(0.16507047544430734)]",0,-0.12877486053938067,0.18930315113365842
S1270,21.3,100.0,89.7,7.8,0.0,2.08,1,High School,2.78,63.7,Pass,D,Low Risk,0,1,2,1,4.02,2.48,0.0,21.3,0.1273447507330459,1.5106508515345007,1.1883406019879983,0.5159988945251526,-1.1091837194639227,-0.9631771034426164,0.8509629433967631,-1.1837123327881494,-0.1382115957385538,-0.2089218989545617,-0.7782514504048142,0.6655873991921397,1.462068692432368,1.3957672308190625,"[np.float64(0.1273447507330459), np.float64(1.5106508515345007), np.float64(1.1883406019879983), np.float64(0.5159988945251526), np.float64(-1.1091837194639227), np.float64(-0.9631771034426164), np.float64(0.8509629433967631), np.float64(-1.1837123327881494), np.float64(-0.13821159573855385), np.float64(-0.2089218989545617), np.float64(-0.7782514504048142), np.float64(0.6655873991921397), np.float64(1.462068692432368), np.float64(1.3957672308190623)]",0,2.053226564109507,-2.3604434603232245
S1271,34.4,90.6,86.8,7.1,0.0,3.28,1,High School,2.68,75.9,Pass,B,Low Risk,0,1,0,1,2.45,1.42,0.0,31.17,1.4963622178890106,0.8077599643191226,1.0380921891558783,0.0343999263016767,-1.1091837194639227,0.6747863398586973,0.8509629433967631,-1.1837123327881494,-0.2890850280652374,-0.3375863266165622,-0.7782514504048142,1.8904075974996728,1.2143863796367789,2.460625416320623,"[np.float64(1.4963622178890106), np.float64(0.8077599643191226), np.float64(1.0380921891558785), np.float64(0.034399926301676716), np.float64(-1.1091837194639227), np.float64(0.6747863398586973), np.float64(0.8509629433967631), np.float64(-1.1837123327881494), np.float64(-0.28908502806523745), np.float64(-0.33758632661656224), np.float64(-0.7782514504048142), np.float64(1.8904075974996726), np.float64(1.2143863796367789), np.float64(2.460625416320623)]",0,3.5317576511451754,-1.8217222470128687
S1272,5.6,71.6,77.2,9.5,1.3,2.04,0,Master,1.77,46.2,Fail,F,Medium Risk,2,0,3,2,11.7,10.56,0.37,4.01,-1.5133861068508203,-0.6129769353715345,0.5407181328840348,1.685596388782165,-0.6071857960190336,-1.0177758848859937,-1.1751393027860062,1.028834083638298,0.59981895220344,0.7718409081293668,-0.2763987600883492,-1.4800196148643183,-1.0395226668030906,-0.1316932811708816,"[np.float64(-1.5133861068508203), np.float64(-0.6129769353715345), np.float64(0.5407181328840348), np.float64(1.685596388782165), np.float64(-0.6071857960190336), np.float64(-1.0177758848859935), np.float64(-1.1751393027860062), np.float64(1.0288340836382979), np.float64(0.59981895220344), np.float64(0.7718409081293668), np.float64(-0.27639876008834924), np.float64(-1.4800196148643183), np.float64(-1.0395226668030906), np.float64(-0.13169328117088164)]",0,-2.2064932143131943,-0.7964377360294383
S1273,31.6,89.5,43.2,6.1,7.8,3.17,1,Bachelor,2.26,37.8,Fail,F,High Risk,1,0,3,0,1.33,1.32,0.82,28.28,1.2037477974281938,0.7255067753896639,-1.2208149830787465,-0.65359859973186,1.902803821205412,0.5246396908894103,0.8509629433967631,-0.0774391245749257,-0.3967144829734448,-0.3497244801695811,0.3339626200262703,1.531772301338703,0.1741206658952998,-0.8648743269260551,"[np.float64(1.2037477974281938), np.float64(0.7255067753896639), np.float64(-1.2208149830787463), np.float64(-0.65359859973186), np.float64(1.9028038212054117), np.float64(0.5246396908894103), np.float64(0.8509629433967631), np.float64(-0.07743912457492572), np.float64(-0.39671448297344486), np.float64(-0.3497244801695811), np.float64(0.3339626200262703), np.float64(1.531772301338703), np.float64(0.17412066589529984), np.float64(-0.8648743269260551)]",0,1.1268729037318534,1.5368914615235016
S1274,20.1,94.6,58.7,7.3,0.8,1.71,0,Bachelor,2.15,40.2,Fail,F,Medium Risk,1,0,3,2,2.78,2.46,0.04,19.01,0.001938570535553,1.1068624695171556,-0.4177631213898313,0.1719996315083841,-0.8002619204209138,-1.468215831793855,-1.1751393027860062,-0.0774391245749257,-0.2573727779583549,-0.2113495296651655,-0.7239971055057369,0.3814092579434823,-0.0983298781798488,-0.6553940281388624,"[np.float64(0.001938570535553035), np.float64(1.1068624695171556), np.float64(-0.41776312138983135), np.float64(0.17199963150838418), np.float64(-0.8002619204209138), np.float64(-1.468215831793855), np.float64(-1.1751393027860062), np.float64(-0.07743912457492572), np.float64(-0.2573727779583549), np.float64(-0.2113495296651655), np.float64(-0.7239971055057369), np.float64(0.3814092579434823), np.float64(-0.09832987817984885), np.float64(-0.6553940281388624)]",0,0.3538694414734274,-0.587700533467256
S1275,10.2,89.3,89.3,5.9,3.0,3.48,1,Bachelor,2.65,36.6,Fail,F,High Risk,1,0,3,0,7.97,3.79,0.32,9.11,-1.032662416093764,0.7105516501297621,1.1676166829766712,-0.7911983049385668,0.0492730269473597,0.9477802470755832,0.8509629433967631,-0.0774391245749257,0.2413744282680706,-0.0499120874100138,-0.3442166912121959,-0.8471337981096663,1.140081685798101,-0.9696144763196508,"[np.float64(-1.032662416093764), np.float64(0.7105516501297621), np.float64(1.1676166829766712), np.float64(-0.7911983049385668), np.float64(0.049273026947359765), np.float64(0.9477802470755832), np.float64(0.8509629433967631), np.float64(-0.07743912457492572), np.float64(0.24137442826807062), np.float64(-0.04991208741001389), np.float64(-0.3442166912121959), np.float64(-0.8471337981096663), np.float64(1.1400816857981013), np.float64(-0.9696144763196509)]",0,-0.7623613206563777,-0.990536810410282
S1276,24.6,56.4,67.8,5.0,0.8,1.81,0,PhD,1.99,51.5,Pass,D,Medium Risk,3,1,2,2,2.65,1.38,0.35,13.87,0.4722117462761516,-1.7495664551240595,0.0537060361178538,-1.4103969783687502,-0.8002619204209138,-1.331718878185412,-1.1751393027860062,2.1351072918515213,-0.2698654825459147,-0.3424415880377698,-0.3035259325378879,-0.2564403691386576,-0.4946215786527926,0.3309090453175011,"[np.float64(0.47221174627615164), np.float64(-1.7495664551240597), np.float64(0.05370603611785386), np.float64(-1.4103969783687502), np.float64(-0.8002619204209138), np.float64(-1.3317188781854121), np.float64(-1.1751393027860062), np.float64(2.1351072918515213), np.float64(-0.2698654825459147), np.float64(-0.3424415880377698), np.float64(-0.30352593253788795), np.float64(-0.2564403691386576), np.float64(-0.49462157865279266), np.float64(0.3309090453175011)]",0,-0.06566689707033112,0.6918503473306413
S1277,22.0,69.1,100.0,6.1,1.2,3.24,0,High School,2.22,65.4,Pass,C,Low Risk,0,1,1,1,4.35,1.88,0.37,15.2,0.20049835584825,-0.7999160011203051,1.721981516529664,-0.65359859973186,-0.6458010208994097,0.6201875584153207,-1.1751393027860062,-1.1837123327881494,-0.1064993456316713,-0.2817508202726752,-0.2763987600883492,-0.0913936757496992,0.0750477407770648,1.544149109126657,"[np.float64(0.20049835584825007), np.float64(-0.7999160011203051), np.float64(1.7219815165296641), np.float64(-0.65359859973186), np.float64(-0.6458010208994097), np.float64(0.6201875584153207), np.float64(-1.1751393027860062), np.float64(-1.1837123327881494), np.float64(-0.1064993456316713), np.float64(-0.28175082027267523), np.float64(-0.27639876008834924), np.float64(-0.09139367574969928), np.float64(0.07504774077706486), np.float64(1.544149109126657)]",0,0.8186145084471043,-0.7341560557101883
S1278,14.0,76.3,72.9,6.9,5.7,3.3,1,High School,2.68,58.4,Pass,D,Medium Risk,0,1,2,2,4.86,3.29,1.35,10.68,-0.6355428454683697,-0.2615314917638454,0.3179360035122714,-0.1031997789050301,1.091884098717514,0.7020857305803858,0.8509629433967631,-1.1837123327881494,-0.0574895045573981,-0.1106028551751084,1.0528326899390448,-0.6523042427557831,1.2143863796367789,0.9331649043306788,"[np.float64(-0.6355428454683697), np.float64(-0.26153149176384544), np.float64(0.3179360035122714), np.float64(-0.10319977890503014), np.float64(1.091884098717514), np.float64(0.7020857305803858), np.float64(0.8509629433967631), np.float64(-1.1837123327881494), np.float64(-0.057489504557398194), np.float64(-0.11060285517510847), np.float64(1.0528326899390448), np.float64(-0.6523042427557831), np.float64(1.2143863796367789), np.float64(0.9331649043306788)]",0,0.021318240465252814,0.23619534189970903
S1279,20.7,78.9,68.8,6.4,3.9,2.24,1,Bachelor,2.15,54.5,Pass,D,Medium Risk,1,1,2,2,3.17,2.09,0.82,16.33,0.0646416606342993,-0.0671148633851233,0.1055158336461709,-0.4471990419217985,0.3968100508707444,-0.7447819776691077,0.8509629433967631,-0.0774391245749257,-0.2198946641956755,-0.2562606978113355,0.3339626200262703,0.0488339660018215,-0.0983298781798488,0.5927594188014915,"[np.float64(0.0646416606342993), np.float64(-0.0671148633851233), np.float64(0.10551583364617094), np.float64(-0.4471990419217985), np.float64(0.39681005087074445), np.float64(-0.7447819776691077), np.float64(0.8509629433967631), np.float64(-0.07743912457492572), np.float64(-0.21989466419567552), np.float64(-0.2562606978113355), np.float64(0.3339626200262703), np.float64(0.048833966001821556), np.float64(-0.09832987817984885), np.float64(0.5927594188014915)]",0,0.32002893795023296,0.3078489425284919
S1280,16.1,89.3,58.8,6.0,0.3,3.27,0,Master,2.44,56.1,Pass,D,Medium Risk,2,1,2,2,3.44,2.5,0.03,14.38,-0.4160820301227568,0.7105516501297621,-0.4125821416369999,-0.7223984523352134,-0.9933380448227944,0.6611366444978533,-1.1751393027860062,1.028834083638298,-0.1939482777445898,-0.2064942682439579,-0.7375606917305063,-0.1931517874631922,0.6199488289273622,0.7324129513262865,"[np.float64(-0.41608203012275685), np.float64(0.7105516501297621), np.float64(-0.4125821416369999), np.float64(-0.7223984523352134), np.float64(-0.9933380448227944), np.float64(0.6611366444978533), np.float64(-1.1751393027860062), np.float64(1.0288340836382979), np.float64(-0.1939482777445898), np.float64(-0.20649426824395792), np.float64(-0.7375606917305063), np.float64(-0.1931517874631922), np.float64(0.6199488289273622), np.float64(0.7324129513262865)]",0,0.4326127924039686,-0.992920797768963
S1281,21.1,82.7,67.7,4.9,1.7,3.01,0,PhD,2.05,44.1,Fail,F,Medium Risk,3,0,3,2,3.06,1.57,0.29,17.45,0.1064437207001305,0.2170325165530079,0.0485250563650224,-1.4791968309721035,-0.4527248964975293,0.3062445651159016,-1.1751393027860062,2.1351072918515213,-0.230465414231303,-0.3193790962870338,-0.3849074498865039,0.1878206551714707,-0.346012190975439,-0.314988542609675,"[np.float64(0.1064437207001305), np.float64(0.2170325165530079), np.float64(0.04852505636502245), np.float64(-1.4791968309721035), np.float64(-0.4527248964975293), np.float64(0.3062445651159016), np.float64(-1.1751393027860062), np.float64(2.1351072918515213), np.float64(-0.23046541423130304), np.float64(-0.3193790962870338), np.float64(-0.3849074498865039), np.float64(0.18782065517147079), np.float64(-0.34601219097543906), np.float64(-0.314988542609675)]",0,-0.006866360338273044,0.12508817163005895
S1282,26.6,60.0,62.0,6.9,0.1,2.37,1,High School,2.2,39.4,Fail,F,High Risk,0,0,3,0,2.25,1.77,0.04,15.96,0.6812220466053066,-1.48037420044583,-0.2467907895463851,-0.1031997789050301,-1.0705684945835463,-0.5673359379781321,0.8509629433967631,-1.1837123327881494,-0.3083045735845602,-0.295102789180996,-0.7239971055057369,0.0029187204725627,0.0255112782179468,-0.7252207944012602,"[np.float64(0.6812220466053066), np.float64(-1.48037420044583), np.float64(-0.2467907895463851), np.float64(-0.10319977890503014), np.float64(-1.0705684945835465), np.float64(-0.5673359379781321), np.float64(0.8509629433967631), np.float64(-1.1837123327881494), np.float64(-0.3083045735845602), np.float64(-0.29510278918099603), np.float64(-0.7239971055057369), np.float64(0.0029187204725627945), np.float64(0.02551127821794681), np.float64(-0.7252207944012602)]",0,0.31357274886800046,0.4335248254414054
S1283,35.9,85.7,79.2,4.7,2.0,1.99,1,Master,2.63,67.3,Pass,C,Low Risk,2,1,1,1,2.15,0.9,0.29,30.77,1.6531199431358767,0.4413593954515327,0.6443377279406689,-1.616796536178811,-0.336879221856401,-1.086024361690215,0.8509629433967631,1.028834083638298,-0.3179143463442216,-0.4007047250922605,-0.3849074498865039,1.8407694942247976,1.0905452232389832,1.70998767899985,"[np.float64(1.6531199431358767), np.float64(0.4413593954515327), np.float64(0.6443377279406689), np.float64(-1.616796536178811), np.float64(-0.336879221856401), np.float64(-1.086024361690215), np.float64(0.8509629433967631), np.float64(1.0288340836382979), np.float64(-0.3179143463442216), np.float64(-0.40070472509226057), np.float64(-0.3849074498865039), np.float64(1.8407694942247976), np.float64(1.0905452232389832), np.float64(1.70998767899985)]",0,2.924802252710021,-0.7822055205700778
S1284,7.6,89.2,84.1,8.1,3.3,1.23,1,Master,1.5,51.2,Pass,D,Medium Risk,2,1,2,2,9.78,6.83,0.36,6.78,-1.3043758065216655,0.7030740874998116,0.8982057358294222,0.7223984523352134,0.1651187015884879,-2.123401209114381,0.8509629433967631,1.028834083638298,0.4153113152179415,0.3190877806017612,-0.2899623463131185,-1.1362757496858111,-1.7082649113511836,0.3047240079691023,"[np.float64(-1.3043758065216655), np.float64(0.7030740874998116), np.float64(0.8982057358294222), np.float64(0.7223984523352134), np.float64(0.16511870158848793), np.float64(-2.123401209114381), np.float64(0.8509629433967631), np.float64(1.0288340836382979), np.float64(0.4153113152179415), np.float64(0.3190877806017612), np.float64(-0.28996234631311857), np.float64(-1.1362757496858111), np.float64(-1.7082649113511836), np.float64(0.3047240079691023)]",0,-1.6794585010784764,-0.8886419734974653
S1285,41.3,88.4,49.3,7.1,0.4,3.08,0,High School,3.25,60.6,Pass,D,Low Risk,0,1,2,1,1.17,1.18,0.05,36.51,2.2174477540245947,0.6432535864602053,-0.9047752181560124,0.0343999263016767,-0.9547228199424184,0.4017924326418119,-1.1751393027860062,-1.1837123327881494,-0.4120901193889031,-0.3667178951438076,-0.7104335192809677,2.553076276219249,2.6261755625716416,1.125188511552272,"[np.float64(2.2174477540245947), np.float64(0.6432535864602053), np.float64(-0.9047752181560123), np.float64(0.034399926301676716), np.float64(-0.9547228199424184), np.float64(0.40179243264181197), np.float64(-1.1751393027860062), np.float64(-1.1837123327881494), np.float64(-0.4120901193889031), np.float64(-0.36671789514380765), np.float64(-0.7104335192809677), np.float64(2.553076276219249), np.float64(2.6261755625716416), np.float64(1.125188511552272)]",0,4.052717439366013,-0.914215189847334
S1286,0.5,96.2,38.4,4.8,1.0,1.55,0,Bachelor,1.97,35.6,Fail,F,High Risk,1,0,3,0,25.6,28.0,0.04,0.48,-2.0463623726901656,1.2265034715963694,-1.4695020112146684,-1.5479966835754575,-0.7230314706601618,-1.6866109575673631,-1.1751393027860062,-0.0774391245749257,1.935577365796372,2.888734887775866,-0.7239971055057369,-1.9180758762650876,-0.5441580412119107,-1.0568979341476477,"[np.float64(-2.0463623726901656), np.float64(1.2265034715963694), np.float64(-1.4695020112146684), np.float64(-1.5479966835754575), np.float64(-0.7230314706601618), np.float64(-1.6866109575673633), np.float64(-1.1751393027860062), np.float64(-0.07743912457492572), np.float64(1.9355773657963717), np.float64(2.888734887775866), np.float64(-0.7239971055057369), np.float64(-1.9180758762650874), np.float64(-0.5441580412119107), np.float64(-1.0568979341476477)]",0,-4.094703096562619,-2.254430261809234
S1287,18.5,92.5,28.3,6.5,1.5,2.88,0,Bachelor,1.89,43.4,Fail,F,Medium Risk,1,0,3,2,1.45,2.37,0.11,17.11,-0.165269669727771,0.9498336542881888,-1.992780966250671,-0.3783991893184451,-0.5299553462582814,0.128798525424926,-1.1751393027860062,-0.0774391245749257,-0.3851827556618512,-0.2222738678628825,-0.6290520019323518,0.1456282673878273,-0.7423038914483829,-0.376086963089273,"[np.float64(-0.16526966972777105), np.float64(0.9498336542881887), np.float64(-1.992780966250671), np.float64(-0.3783991893184451), np.float64(-0.5299553462582814), np.float64(0.12879852542492606), np.float64(-1.1751393027860062), np.float64(-0.07743912457492572), np.float64(-0.38518275566185123), np.float64(-0.2222738678628825), np.float64(-0.6290520019323518), np.float64(0.14562826738782733), np.float64(-0.7423038914483829), np.float64(-0.37608696308927303)]",0,-0.10894742626508586,0.2790303354615751
S1288,25.9,86.9,75.2,5.9,7.6,2.59,0,PhD,2.01,61.4,Pass,D,Low Risk,3,1,2,1,2.8,1.55,1.0,22.51,0.6080684414901021,0.5310901470109428,0.4370985378274006,-0.7911983049385668,1.8255733714446591,-0.2670426400395582,-1.1751393027860062,2.1351072918515213,-0.2554508234064226,-0.3218067269976376,0.5781071720721183,0.8157426615986357,-0.4450851160936752,1.1950152778146692,"[np.float64(0.6080684414901021), np.float64(0.5310901470109428), np.float64(0.4370985378274006), np.float64(-0.7911983049385668), np.float64(1.8255733714446591), np.float64(-0.2670426400395582), np.float64(-1.1751393027860062), np.float64(2.1351072918515213), np.float64(-0.2554508234064226), np.float64(-0.3218067269976376), np.float64(0.5781071720721183), np.float64(0.8157426615986357), np.float64(-0.4450851160936752), np.float64(1.1950152778146692)]",0,0.8800409803031829,0.705136610781281
S1289,22.8,78.9,42.9,7.5,9.15,3.34,1,High School,2.08,46.4,Fail,F,Medium Risk,0,0,3,2,1.8,2.23,1.93,17.99,0.2841024759799121,-0.0671148633851233,-1.2363579223372416,0.3095993367150916,2.424109357090489,0.7566845120237631,0.8509629433967631,-1.1837123327881494,-0.3515485510030364,-0.239267282837109,1.8395206909756652,0.2548320945925515,-0.2717074971367614,-0.1142365896052826,"[np.float64(0.2841024759799121), np.float64(-0.0671148633851233), np.float64(-1.2363579223372416), np.float64(0.30959933671509166), np.float64(2.424109357090489), np.float64(0.7566845120237631), np.float64(0.8509629433967631), np.float64(-1.1837123327881494), np.float64(-0.3515485510030364), np.float64(-0.239267282837109), np.float64(1.8395206909756654), np.float64(0.2548320945925515), np.float64(-0.27170749713676146), np.float64(-0.11423658960528264)]",0,-0.07404991272472097,2.366190736047018
S1290,13.8,55.1,21.9,9.0,0.1,2.56,1,Master,1.58,36.3,Fail,F,High Risk,2,0,3,0,1.48,4.34,0.04,7.6,-0.656443875501285,-1.8467747693134204,-2.3243636704319,1.3415971257653967,-1.0705684945835463,-0.3079917261220908,0.8509629433967631,1.028834083638298,-0.3822998238339528,0.0168477571315901,-0.7239971055057369,-1.0345176379723182,-1.5101190611147115,-0.9957995136680504,"[np.float64(-0.656443875501285), np.float64(-1.8467747693134204), np.float64(-2.3243636704319), np.float64(1.3415971257653967), np.float64(-1.0705684945835465), np.float64(-0.3079917261220908), np.float64(0.8509629433967631), np.float64(1.0288340836382979), np.float64(-0.38229982383395283), np.float64(0.016847757131590126), np.float64(-0.7239971055057369), np.float64(-1.0345176379723182), np.float64(-1.5101190611147115), np.float64(-0.9957995136680503)]",0,-1.666942656957638,1.3216198062237432
S1291,17.9,86.4,72.8,4.2,4.3,2.54,0,Bachelor,2.25,53.3,Pass,D,Medium Risk,1,1,2,2,3.85,1.58,0.58,15.47,-0.2279727598265176,0.4937023338611886,0.3127550237594393,-1.9607957991955796,0.5512709503922487,-0.3352911168437794,-1.1751393027860062,-0.0774391245749257,-0.1545482094299781,-0.3181652809317319,0.0084365506318065,-0.0578879560391587,0.1493524346157413,0.4880192694078951,"[np.float64(-0.22797275982651768), np.float64(0.49370233386118867), np.float64(0.3127550237594393), np.float64(-1.9607957991955793), np.float64(0.5512709503922487), np.float64(-0.3352911168437794), np.float64(-1.1751393027860062), np.float64(-0.07743912457492572), np.float64(-0.15454820942997813), np.float64(-0.31816528093173196), np.float64(0.008436550631806525), np.float64(-0.057887956039158715), np.float64(0.14935243461574138), np.float64(0.4880192694078951)]",0,0.13275173425201778,-0.04092364952452287
S1292,15.1,83.1,100.0,7.2,1.4,3.39,0,Master,2.55,59.6,Pass,D,Medium Risk,2,1,2,2,6.21,3.19,0.24,12.55,-0.5205871802873345,0.2469427670728105,1.721981516529664,0.1031997789050307,-0.5685705711386575,0.8249329888279848,-1.1751393027860062,1.028834083638298,0.0722424276980303,-0.1227410087281274,-0.4527253810103505,-0.4202461099457438,0.8923993730025109,1.037905053724275,"[np.float64(-0.5205871802873345), np.float64(0.24694276707281057), np.float64(1.7219815165296641), np.float64(0.10319977890503075), np.float64(-0.5685705711386575), np.float64(0.8249329888279848), np.float64(-1.1751393027860062), np.float64(1.0288340836382979), np.float64(0.07224242769803038), np.float64(-0.1227410087281274), np.float64(-0.4527253810103505), np.float64(-0.42024610994574385), np.float64(0.8923993730025109), np.float64(1.0379050537242753)]",0,0.41748858538297284,-1.5146272825282183
S1293,14.1,84.1,64.9,6.8,1.5,3.07,0,Bachelor,2.31,42.2,Fail,F,Medium Risk,1,0,3,2,4.3,3.22,0.24,11.86,-0.6250923304519119,0.3217183933723188,-0.0965423767142652,-0.1719996315083841,-0.5299553462582814,0.3881427372809674,-1.1751393027860062,-0.0774391245749257,-0.1113042320115019,-0.1190995626622217,-0.4527253810103505,-0.5058718380949029,0.2979618222930955,-0.4808271124828688,"[np.float64(-0.6250923304519119), np.float64(0.32171839337231883), np.float64(-0.09654237671426526), np.float64(-0.17199963150838418), np.float64(-0.5299553462582814), np.float64(0.3881427372809674), np.float64(-1.1751393027860062), np.float64(-0.07743912457492572), np.float64(-0.11130423201150196), np.float64(-0.1190995626622217), np.float64(-0.4527253810103505), np.float64(-0.5058718380949029), np.float64(0.29796182229309554), np.float64(-0.4808271124828688)]",0,-0.4284843852773768,-0.4127373015312413
S1294,28.5,60.8,81.8,8.0,4.2,3.05,1,Bachelor,2.78,59.2,Pass,D,Medium Risk,1,1,2,2,2.77,1.92,1.65,17.33,0.8797818319180036,-1.4205536994062236,0.7790432015142931,0.65359859973186,0.5126557255118728,0.3608433465592787,0.8509629433967631,-0.0774391245749257,-0.258333755234321,-0.2768955588514676,1.4597402766821244,0.1729292241890082,1.462068692432368,1.0029916705930766,"[np.float64(0.8797818319180036), np.float64(-1.4205536994062236), np.float64(0.7790432015142931), np.float64(0.65359859973186), np.float64(0.5126557255118728), np.float64(0.36084334655927874), np.float64(0.8509629433967631), np.float64(-0.07743912457492572), np.float64(-0.258333755234321), np.float64(-0.27689555885146766), np.float64(1.4597402766821244), np.float64(0.17292922418900825), np.float64(1.462068692432368), np.float64(1.0029916705930766)]",0,1.2518348621539728,0.8477425404549053
S1295,23.6,63.8,66.6,7.3,7.5,3.18,1,Master,2.27,33.1,Fail,F,High Risk,2,0,3,0,2.71,2.1,2.72,15.06,0.3677065961115741,-1.196226820507699,-0.0084657209161267,0.1719996315083841,1.7869581465642832,0.5382893862502549,0.8509629433967631,1.028834083638298,-0.2640996188901178,-0.2550468824560336,2.9110440027324427,-0.1087670118959052,0.1988888971748594,-1.2751065787176397,"[np.float64(0.36770659611157414), np.float64(-1.1962268205076987), np.float64(-0.008465720916126792), np.float64(0.17199963150838418), np.float64(1.7869581465642832), np.float64(0.5382893862502549), np.float64(0.8509629433967631), np.float64(1.0288340836382979), np.float64(-0.26409961889011785), np.float64(-0.2550468824560336), np.float64(2.9110440027324427), np.float64(-0.10876701189590528), np.float64(0.1988888971748594), np.float64(-1.2751065787176397)]",0,-0.7499303329097761,2.990457936641906
S1296,13.1,95.8,63.0,5.9,9.0,1.57,0,Master,1.64,49.9,Fail,F,Medium Risk,2,0,3,2,4.47,2.99,0.38,12.55,-0.7295974806164894,1.1965932210765655,-0.194980992018068,-0.7911983049385668,2.3661865197699243,-1.6593115668456748,-1.1751393027860062,1.028834083638298,-0.0949676183200776,-0.1470173158341652,-0.2628351738635799,-0.4202461099457438,-1.361509673437358,0.1912555127927061,"[np.float64(-0.7295974806164894), np.float64(1.1965932210765657), np.float64(-0.194980992018068), np.float64(-0.7911983049385668), np.float64(2.3661865197699243), np.float64(-1.6593115668456748), np.float64(-1.1751393027860062), np.float64(1.0288340836382979), np.float64(-0.09496761832007762), np.float64(-0.1470173158341652), np.float64(-0.2628351738635799), np.float64(-0.42024610994574385), np.float64(-1.361509673437358), np.float64(0.1912555127927061)]",0,-0.9599774126157303,0.44943229933500334
S1297,29.0,79.4,83.4,6.5,2.6,3.41,0,Master,2.97,47.8,Fail,F,Medium Risk,2,0,3,2,2.78,1.53,0.54,23.03,0.9320344070002924,-0.0297270502353691,0.8619388775596009,-0.3783991893184451,-0.1051878725741445,0.8522323795496735,-1.1751393027860062,1.028834083638298,-0.2573727779583549,-0.3242343577082414,-0.0458177942672706,0.8802721958559728,1.9326650867439896,0.0079602513539127,"[np.float64(0.9320344070002923), np.float64(-0.029727050235369167), np.float64(0.8619388775596009), np.float64(-0.3783991893184451), np.float64(-0.10518787257414451), np.float64(0.8522323795496735), np.float64(-1.1751393027860062), np.float64(1.0288340836382979), np.float64(-0.2573727779583549), np.float64(-0.3242343577082414), np.float64(-0.04581779426727067), np.float64(0.8802721958559728), np.float64(1.9326650867439898), np.float64(0.007960251353912741)]",0,1.6913448878668145,-0.33109203611658083
S1298,23.1,90.2,59.2,5.8,1.3,3.29,1,High School,2.83,52.6,Pass,D,Medium Risk,0,1,2,2,2.46,1.71,0.13,20.84,0.3154540210292854,0.7778497137993199,-0.3918582226256727,-0.8599981575419209,-0.6071857960190336,0.6884360352195419,0.8509629433967631,-1.1837123327881494,-0.2881240507892713,-0.3023856813128073,-0.601924829482813,0.6085035804260338,1.5859098488301635,0.4269208489282977,"[np.float64(0.31545402102928544), np.float64(0.7778497137993199), np.float64(-0.39185822262567277), np.float64(-0.8599981575419209), np.float64(-0.6071857960190336), np.float64(0.6884360352195419), np.float64(0.8509629433967631), np.float64(-1.1837123327881494), np.float64(-0.2881240507892713), np.float64(-0.30238568131280735), np.float64(-0.601924829482813), np.float64(0.6085035804260338), np.float64(1.5859098488301637), np.float64(0.4269208489282977)]",0,1.533854190887766,-0.8747564098435453
S1299,28.1,80.4,70.3,8.6,4.6,1.99,1,Bachelor,3.295000000000001,47.4,Fail,F,Medium Risk,1,0,3,2,2.42,2.09,0.9,22.59,0.8379797718521728,0.0450485760641391,0.1832305299386465,1.0663977153519817,0.6671166250333769,-1.086024361690215,0.8509629433967631,-0.0774391245749257,-0.2919679598931358,-0.2562606978113355,0.442471309824425,0.8256702822536105,2.737632603329659,-0.0269531317772858,"[np.float64(0.8379797718521728), np.float64(0.0450485760641391), np.float64(0.18323052993864658), np.float64(1.0663977153519817), np.float64(0.6671166250333769), np.float64(-1.086024361690215), np.float64(0.8509629433967631), np.float64(-0.07743912457492572), np.float64(-0.29196795989313584), np.float64(-0.2562606978113355), np.float64(0.442471309824425), np.float64(0.8256702822536105), np.float64(2.737632603329659), np.float64(-0.026953131777285852)]",0,1.9329196376199735,-0.13067244115672816
S1300,26.3,80.4,71.4,7.0,0.9,2.6,1,High School,2.05,58.9,Pass,D,Medium Risk,0,1,2,2,2.62,1.81,0.18,21.15,0.6498705015559333,0.0450485760641391,0.2402213072197958,-0.0343999263016767,-0.7616466955405379,-0.2533929446787136,0.8509629433967631,-1.1837123327881494,-0.2727484143738131,-0.2902475277597884,-0.5341068983589664,0.6469731104640615,-0.346012190975439,0.9768066332446772,"[np.float64(0.6498705015559333), np.float64(0.0450485760641391), np.float64(0.24022130721979582), np.float64(-0.034399926301676716), np.float64(-0.7616466955405379), np.float64(-0.2533929446787136), np.float64(0.8509629433967631), np.float64(-1.1837123327881494), np.float64(-0.2727484143738131), np.float64(-0.29024752775978846), np.float64(-0.5341068983589664), np.float64(0.6469731104640615), np.float64(-0.34601219097543906), np.float64(0.9768066332446772)]",0,1.2538425523239733,-0.4787085286177598
S1301,11.7,94.1,51.6,9.9,2.5,2.77,0,Bachelor,2.23,44.9,Fail,F,Medium Risk,1,0,3,2,4.06,5.59,0.15,11.01,-0.8759046908468979,1.0694746563674016,-0.7856126838408827,1.96079579919558,-0.1438030974545206,-0.0213481235443608,-1.1751393027860062,-0.0774391245749257,-0.1343676866346893,0.1685746765443266,-0.5747976570332743,-0.6113528075540114,0.0998159720566233,-0.2451617763472778,"[np.float64(-0.8759046908468979), np.float64(1.0694746563674016), np.float64(-0.7856126838408827), np.float64(1.96079579919558), np.float64(-0.14380309745452063), np.float64(-0.021348123544360897), np.float64(-1.1751393027860062), np.float64(-0.07743912457492572), np.float64(-0.1343676866346893), np.float64(0.1685746765443266), np.float64(-0.5747976570332743), np.float64(-0.6113528075540114), np.float64(0.09981597205662333), np.float64(-0.24516177634727782)]",0,-0.46757246090775806,-0.7320662324335079
S1302,14.4,72.3,84.8,6.9,1.3,2.69,0,Bachelor,1.55,36.2,Fail,F,High Risk,1,0,3,0,5.51,3.2,0.36,10.41,-0.5937407854025386,-0.5606339969618784,0.9344725940992444,-0.1031997789050301,-0.6071857960190336,-0.1305456864311152,-1.1751393027860062,-0.0774391245749257,0.0049740183804007,-0.1215271933728254,-0.2899623463131185,-0.6858099624663234,-1.5844237549533886,-1.0045278594508495,"[np.float64(-0.5937407854025386), np.float64(-0.5606339969618784), np.float64(0.9344725940992443), np.float64(-0.10319977890503014), np.float64(-0.6071857960190336), np.float64(-0.13054568643111525), np.float64(-1.1751393027860062), np.float64(-0.07743912457492572), np.float64(0.004974018380400711), np.float64(-0.12152719337282548), np.float64(-0.28996234631311857), np.float64(-0.6858099624663234), np.float64(-1.5844237549533886), np.float64(-1.0045278594508495)]",0,-1.4246624239455499,0.2463860291022302
S1303,27.5,81.4,61.5,5.9,3.2,3.07,1,Bachelor,2.48,53.8,Pass,D,Medium Risk,1,1,2,2,2.16,1.46,0.6,22.38,0.7752766817534261,0.1198242023636473,-0.2726956883105436,-0.7911983049385668,0.126503476708112,0.3881427372809674,0.8509629433967631,-0.0774391245749257,-0.3169533690682554,-0.3327310651953546,0.0355637230813452,0.7996102780343012,0.7190217540455983,0.5316609983218935,"[np.float64(0.7752766817534261), np.float64(0.11982420236364737), np.float64(-0.27269568831054364), np.float64(-0.7911983049385668), np.float64(0.126503476708112), np.float64(0.3881427372809674), np.float64(0.8509629433967631), np.float64(-0.07743912457492572), np.float64(-0.31695336906825544), np.float64(-0.33273106519535467), np.float64(0.0355637230813452), np.float64(0.7996102780343012), np.float64(0.7190217540455983), np.float64(0.5316609983218935)]",0,1.3563393084846254,0.18145253963336797
S1304,26.1,73.1,49.9,4.7,0.8,3.95,0,Bachelor,2.03,41.1,Fail,F,Medium Risk,1,0,3,2,1.84,1.23,0.22,19.08,0.6289694715230179,-0.5008134959222721,-0.873689339639022,-1.616796536178811,-0.8002619204209138,1.5893159290352648,-1.1751393027860062,-0.0774391245749257,-0.3477046418991719,-0.3606488183672982,-0.4798525534598891,0.390095926016585,-0.3955486535345571,-0.5768389160936653,"[np.float64(0.6289694715230179), np.float64(-0.5008134959222721), np.float64(-0.873689339639022), np.float64(-1.616796536178811), np.float64(-0.8002619204209138), np.float64(1.5893159290352648), np.float64(-1.1751393027860062), np.float64(-0.07743912457492572), np.float64(-0.3477046418991719), np.float64(-0.3606488183672982), np.float64(-0.47985255345988914), np.float64(0.390095926016585), np.float64(-0.39554865353455715), np.float64(-0.5768389160936653)]",0,0.24093826345109617,0.7717986453801023
S1305,19.8,73.5,75.7,4.3,0.6,3.67,0,PhD,2.82,55.4,Pass,D,Medium Risk,3,1,2,2,3.64,1.47,0.16,14.55,-0.0294129745138202,-0.4709032454024683,0.4630034365915591,-1.891995946592226,-0.8774923701816661,1.2071244589316246,-1.1751393027860062,2.1351072918515213,-0.174728732225267,-0.3315172498400527,-0.5612340708085051,-0.1720555935713704,1.561141617550604,0.6713145308466885,"[np.float64(-0.02941297451382028), np.float64(-0.47090324540246836), np.float64(0.4630034365915591), np.float64(-1.891995946592226), np.float64(-0.8774923701816661), np.float64(1.2071244589316246), np.float64(-1.1751393027860062), np.float64(2.1351072918515213), np.float64(-0.17472873222526702), np.float64(-0.33151724984005276), np.float64(-0.5612340708085051), np.float64(-0.17205559357137046), np.float64(1.561141617550604), np.float64(0.6713145308466885)]",0,0.6950096121743289,-0.6823245333515043
S1306,21.2,75.4,47.0,4.6,7.5,1.75,1,High School,1.55,38.0,Fail,F,High Risk,0,0,3,0,2.12,1.47,1.84,15.98,0.116894235716588,-0.3288295554334022,-1.0239377524711415,-1.685596388782165,1.7869581465642832,-1.413617050350478,0.8509629433967631,-1.1837123327881494,-0.32079727817212,-0.3315172498400527,1.7174484149527416,0.0054006256363064,-1.5844237549533886,-0.8474176353604556,"[np.float64(0.11689423571658802), np.float64(-0.32882955543340225), np.float64(-1.0239377524711415), np.float64(-1.685596388782165), np.float64(1.7869581465642832), np.float64(-1.413617050350478), np.float64(0.8509629433967631), np.float64(-1.1837123327881494), np.float64(-0.32079727817212), np.float64(-0.33151724984005276), np.float64(1.7174484149527416), np.float64(0.0054006256363064754), np.float64(-1.5844237549533886), np.float64(-0.8474176353604556)]",0,-1.0566330122067173,2.7011245922454026
S1307,32.8,83.3,65.6,7.4,0.3,3.3,0,Bachelor,2.08,61.3,Pass,D,Low Risk,1,1,2,1,1.94,1.55,0.05,27.32,1.3291539776256864,0.2618978923327124,-0.0602755184444438,0.2407994841117382,-0.9933380448227944,0.7020857305803858,-1.1751393027860062,-0.0774391245749257,-0.3380948691395105,-0.3218067269976376,-0.7104335192809677,1.4126408534790036,-0.2717074971367614,1.1862869320318694,"[np.float64(1.3291539776256864), np.float64(0.26189789233271243), np.float64(-0.06027551844444388), np.float64(0.2407994841117382), np.float64(-0.9933380448227944), np.float64(0.7020857305803858), np.float64(-1.1751393027860062), np.float64(-0.07743912457492572), np.float64(-0.3380948691395105), np.float64(-0.3218067269976376), np.float64(-0.7104335192809677), np.float64(1.4126408534790036), np.float64(-0.27170749713676146), np.float64(1.1862869320318694)]",0,2.052528729927646,-0.47363267156884375
S1308,14.1,72.8,64.8,7.8,2.1,3.86,1,Bachelor,2.01,36.4,Fail,F,High Risk,1,0,3,0,4.29,3.69,0.57,10.26,-0.6250923304519119,-0.5232461838121244,-0.1017233564670974,0.5159988945251526,-0.2982639969760249,1.4664686707876655,0.8509629433967631,-0.0774391245749257,-0.112265209287468,-0.0620502409630328,-0.0051270355929628,-0.7044242511944016,-0.4450851160936752,-0.9870711678852504,"[np.float64(-0.6250923304519119), np.float64(-0.5232461838121244), np.float64(-0.1017233564670974), np.float64(0.5159988945251526), np.float64(-0.2982639969760249), np.float64(1.4664686707876657), np.float64(0.8509629433967631), np.float64(-0.07743912457492572), np.float64(-0.11226520928746808), np.float64(-0.06205024096303282), np.float64(-0.005127035592962813), np.float64(-0.7044242511944016), np.float64(-0.4450851160936752), np.float64(-0.9870711678852505)]",0,-1.0734479600551996,0.49348691184710747
S1309,25.5,98.8,86.7,4.6,0.7,3.11,0,High School,2.05,55.0,Pass,D,Medium Risk,0,1,2,2,3.27,1.23,0.01,25.19,0.5662663814242712,1.4209200999750906,1.032911209403047,-1.685596388782165,-0.8388771453012902,0.4427415187243445,-1.1751393027860062,-1.1837123327881494,-0.2102848914360141,-0.3606488183672982,-0.764687864180045,1.148317953540296,-0.346012190975439,0.6364011477154898,"[np.float64(0.5662663814242712), np.float64(1.4209200999750906), np.float64(1.032911209403047), np.float64(-1.685596388782165), np.float64(-0.8388771453012902), np.float64(0.44274151872434453), np.float64(-1.1751393027860062), np.float64(-1.1837123327881494), np.float64(-0.21028489143601414), np.float64(-0.3606488183672982), np.float64(-0.764687864180045), np.float64(1.148317953540296), np.float64(-0.34601219097543906), np.float64(0.6364011477154898)]",0,1.4229500204172143,-1.146513507253806
S1310,18.0,66.6,74.5,8.3,0.1,3.67,0,High School,2.49,45.6,Fail,F,Medium Risk,0,0,3,2,3.92,3.11,0.03,11.99,-0.2175222448100598,-0.9868550668690758,0.4008316795575785,0.8599981575419215,-1.0705684945835463,1.2071244589316246,-1.1751393027860062,-1.1837123327881494,-0.1478213684982152,-0.1324515315705425,-0.7375606917305063,-0.4897394545305685,0.7437899853251579,-0.1840633558676798,"[np.float64(-0.2175222448100598), np.float64(-0.9868550668690758), np.float64(0.4008316795575785), np.float64(0.8599981575419215), np.float64(-1.0705684945835465), np.float64(1.2071244589316246), np.float64(-1.1751393027860062), np.float64(-1.1837123327881494), np.float64(-0.1478213684982152), np.float64(-0.13245153157054254), np.float64(-0.7375606917305063), np.float64(-0.4897394545305685), np.float64(0.7437899853251579), np.float64(-0.18406335586767983)]",0,0.1038836939199721,-0.5077235333326806
S1311,17.8,77.2,64.5,6.3,0.1,4.0,1,PhD,1.63,54.0,Pass,D,Medium Risk,3,1,2,2,3.43,2.38,0.02,13.74,-0.2384232748429752,-0.1942334280942875,-0.1172662957255923,-0.5159988945251526,-1.0705684945835463,1.6575644058394858,0.8509629433967631,2.1351072918515213,-0.1949092550205559,-0.2210600525075806,-0.7511242779552756,-0.2725727527029917,-1.386277904716917,0.5491176898874931,"[np.float64(-0.2384232748429752), np.float64(-0.19423342809428756), np.float64(-0.11726629572559238), np.float64(-0.5159988945251526), np.float64(-1.0705684945835465), np.float64(1.6575644058394858), np.float64(0.8509629433967631), np.float64(2.1351072918515213), np.float64(-0.19490925502055592), np.float64(-0.22106005250758062), np.float64(-0.7511242779552756), np.float64(-0.27257275270299175), np.float64(-1.386277904716917), np.float64(0.5491176898874931)]",0,-0.3516402774924373,-0.1275932336222022
S1312,31.0,73.4,81.4,7.2,0.6,3.62,0,Master,2.61,72.1,Pass,C,Low Risk,2,1,1,1,2.54,1.59,0.16,22.75,1.1410447073294472,-0.4783808080324188,0.7583192825029667,0.1031997789050307,-0.8774923701816661,1.1388759821274033,-1.1751393027860062,1.028834083638298,-0.2804362325815422,-0.31695146557643,-0.5612340708085051,0.8455255235635604,1.041008760679865,2.1289482765742345,"[np.float64(1.1410447073294472), np.float64(-0.4783808080324188), np.float64(0.7583192825029667), np.float64(0.10319977890503075), np.float64(-0.8774923701816661), np.float64(1.1388759821274033), np.float64(-1.1751393027860062), np.float64(1.0288340836382979), np.float64(-0.2804362325815422), np.float64(-0.31695146557643006), np.float64(-0.5612340708085051), np.float64(0.8455255235635604), np.float64(1.041008760679865), np.float64(2.1289482765742345)]",0,2.3216853368740327,-0.9240412154250656
S1313,28.3,100.0,92.8,9.4,6.0,3.0,1,PhD,2.22,57.1,Pass,D,Medium Risk,3,1,2,2,3.17,2.27,0.0,28.3,0.8588808018850882,1.5106508515345007,1.348950974325781,1.6167965361788117,1.207729773358642,0.2925948697550576,0.8509629433967631,2.1351072918515213,-0.2198946641956755,-0.2344120214159014,-0.7782514504048142,1.5342542065024467,0.0750477407770648,0.8196964091542832,"[np.float64(0.8588808018850882), np.float64(1.5106508515345007), np.float64(1.348950974325781), np.float64(1.6167965361788117), np.float64(1.207729773358642), np.float64(0.2925948697550576), np.float64(0.8509629433967631), np.float64(2.1351072918515213), np.float64(-0.21989466419567552), np.float64(-0.23441202141590142), np.float64(-0.7782514504048142), np.float64(1.5342542065024467), np.float64(0.07504774077706486), np.float64(0.8196964091542832)]",0,1.9628508186786748,-0.963114584538524
S1314,28.1,82.9,76.2,8.3,1.0,3.64,1,PhD,2.53,66.9,Pass,C,Low Risk,3,1,1,1,2.62,2.02,0.17,23.29,0.8379797718521728,0.2319876418129097,0.4889083353557177,0.8599981575419215,-0.7230314706601618,1.166175372849092,0.8509629433967631,2.1351072918515213,-0.2727484143738131,-0.2647574052984487,-0.5476704845837357,0.912536962984641,0.8428629104433929,1.6750742958686522,"[np.float64(0.8379797718521728), np.float64(0.23198764181290976), np.float64(0.4889083353557177), np.float64(0.8599981575419215), np.float64(-0.7230314706601618), np.float64(1.166175372849092), np.float64(0.8509629433967631), np.float64(2.1351072918515213), np.float64(-0.2727484143738131), np.float64(-0.2647574052984487), np.float64(-0.5476704845837357), np.float64(0.912536962984641), np.float64(0.8428629104433929), np.float64(1.6750742958686522)]",0,2.0764712443909565,-1.0108472728017572
S1315,33.1,95.5,65.2,6.6,9.0,2.92,0,High School,3.02,36.9,Fail,F,High Risk,0,0,3,0,1.91,1.37,0.4,31.61,1.36050552267506,1.1741605331867135,-0.0809994374557702,-0.3095993367150916,2.3661865197699243,0.1833973068683032,-1.1751393027860062,-1.1837123327881494,-0.3409778009674089,-0.3436554033930716,-0.2357080014140412,1.9450095111020345,2.0565062431417847,-0.943429438971252,"[np.float64(1.36050552267506), np.float64(1.1741605331867135), np.float64(-0.08099943745577028), np.float64(-0.30959933671509166), np.float64(2.3661865197699243), np.float64(0.18339730686830324), np.float64(-1.1751393027860062), np.float64(-1.1837123327881494), np.float64(-0.3409778009674089), np.float64(-0.34365540339307166), np.float64(-0.23570800141404125), np.float64(1.9450095111020345), np.float64(2.0565062431417847), np.float64(-0.9434294389712521)]",0,2.1922804040688417,0.3996785322409935
S1316,20.2,57.7,38.8,5.7,2.6,2.82,1,Bachelor,1.84,26.5,Fail,F,High Risk,1,0,3,0,1.83,1.91,1.1,11.66,0.0123890855520105,-1.6523581409346988,-1.4487780922033415,-0.9287980101452744,-0.1051878725741445,0.0469003532598602,0.8509629433967631,-0.0774391245749257,-0.348665619175138,-0.2781093742067695,0.7137430343198116,-0.5306908897323401,-0.8661450478461775,-1.8511774003824184,"[np.float64(0.012389085552010558), np.float64(-1.6523581409346988), np.float64(-1.4487780922033417), np.float64(-0.9287980101452743), np.float64(-0.10518787257414451), np.float64(0.04690035325986028), np.float64(0.8509629433967631), np.float64(-0.07743912457492572), np.float64(-0.348665619175138), np.float64(-0.2781093742067695), np.float64(0.7137430343198116), np.float64(-0.5306908897323401), np.float64(-0.8661450478461775), np.float64(-1.8511774003824186)]",0,-1.4127458882816908,2.3727564292588914
S1317,26.8,84.0,43.7,3.8,1.7,2.52,0,Bachelor,1.82,37.7,Fail,F,High Risk,1,0,3,0,1.57,0.97,0.27,22.51,0.7021230766382219,0.3142408307423684,-1.1949100843145877,-2.235995209608994,-0.4527248964975293,-0.3625905075654679,-1.1751393027860062,-0.0774391245749257,-0.3736510283502575,-0.3922080176051474,-0.4120346223360425,0.8157426615986357,-0.9156815104052956,-0.8736026727088544,"[np.float64(0.7021230766382219), np.float64(0.3142408307423684), np.float64(-1.1949100843145877), np.float64(-2.235995209608994), np.float64(-0.4527248964975293), np.float64(-0.36259050756546796), np.float64(-1.1751393027860062), np.float64(-0.07743912457492572), np.float64(-0.37365102835025754), np.float64(-0.3922080176051474), np.float64(-0.4120346223360425), np.float64(0.8157426615986357), np.float64(-0.9156815104052956), np.float64(-0.8736026727088544)]",0,0.23502540163210217,0.8915567276365831
S1318,16.9,93.3,58.9,5.9,2.6,4.0,1,Bachelor,2.29,35.6,Fail,F,High Risk,1,0,3,0,3.29,2.35,0.17,15.77,-0.3324779099910951,1.0096541553277951,-0.4074011618841681,-0.7911983049385668,-0.1051878725741445,1.6575644058394858,0.8509629433967631,-0.0774391245749257,-0.2083629368840818,-0.2247014985734862,-0.5476704845837357,-0.0206593785830028,0.2484253597339774,-1.0568979341476477,"[np.float64(-0.33247790999109517), np.float64(1.0096541553277951), np.float64(-0.40740116188416814), np.float64(-0.7911983049385668), np.float64(-0.10518787257414451), np.float64(1.6575644058394858), np.float64(0.8509629433967631), np.float64(-0.07743912457492572), np.float64(-0.20836293688408186), np.float64(-0.22470149857348629), np.float64(-0.5476704845837357), np.float64(-0.020659378583002836), np.float64(0.24842535973397747), np.float64(-1.0568979341476477)]",0,-0.174200707410041,-0.15019661147110755
S1319,23.2,81.2,52.8,6.7,2.2,2.15,0,Bachelor,2.11,34.4,Fail,F,High Risk,1,0,3,0,2.18,1.96,0.41,18.84,0.3259045360457429,0.1048690771037455,-0.7234409268069024,-0.2407994841117376,-0.2596487720956488,-0.8676292359167066,-1.1751393027860062,-0.0774391245749257,-0.3150314145163231,-0.2720402974302601,-0.2221444151892719,0.3603130640516603,-0.1974028032980849,-1.161638083541244,"[np.float64(0.32590453604574293), np.float64(0.1048690771037455), np.float64(-0.7234409268069024), np.float64(-0.2407994841117376), np.float64(-0.2596487720956488), np.float64(-0.8676292359167066), np.float64(-1.1751393027860062), np.float64(-0.07743912457492572), np.float64(-0.31503141451632316), np.float64(-0.2720402974302601), np.float64(-0.22214441518927197), np.float64(0.36031306405166036), np.float64(-0.19740280329808496), np.float64(-1.161638083541244)]",0,0.03951648121402725,0.6081897167045193
S1320,18.7,96.0,61.3,5.5,4.3,4.0,1,Bachelor,2.49,50.5,Pass,D,Medium Risk,1,1,2,2,3.11,1.98,0.17,17.95,-0.1443686396948556,1.2115483463364676,-0.2830576478162072,-1.0663977153519817,0.5512709503922487,1.6575644058394858,0.8509629433967631,-0.0774391245749257,-0.2256605278514723,-0.2696126667196563,-0.5476704845837357,0.2498682842650641,0.7437899853251579,0.2436255874895043,"[np.float64(-0.14436863969485564), np.float64(1.2115483463364676), np.float64(-0.2830576478162072), np.float64(-1.0663977153519817), np.float64(0.5512709503922487), np.float64(1.6575644058394858), np.float64(0.8509629433967631), np.float64(-0.07743912457492572), np.float64(-0.22566052785147236), np.float64(-0.2696126667196563), np.float64(-0.5476704845837357), np.float64(0.24986828426506413), np.float64(0.7437899853251579), np.float64(0.24362558748950433)]",0,0.6643787457359572,-0.47129103863977045
S1321,21.0,72.2,66.1,6.8,1.0,3.2,0,Bachelor,1.79,46.5,Fail,F,Medium Risk,1,0,3,2,3.0,2.19,0.28,15.16,0.0959932056836726,-0.5681115595918289,-0.0343706196802853,-0.1719996315083841,-0.7230314706601618,0.5655887769719435,-1.1751393027860062,-0.0774391245749257,-0.2362312778870998,-0.2441225442583165,-0.3984710361112731,-0.0963574860771866,-0.9899862042439724,-0.1055082438224828,"[np.float64(0.0959932056836726), np.float64(-0.5681115595918289), np.float64(-0.03437061968028533), np.float64(-0.17199963150838418), np.float64(-0.7230314706601618), np.float64(0.5655887769719435), np.float64(-1.1751393027860062), np.float64(-0.07743912457492572), np.float64(-0.23623127788709986), np.float64(-0.24412254425831656), np.float64(-0.39847103611127316), np.float64(-0.09635748607718665), np.float64(-0.9899862042439725), np.float64(-0.10550824382248283)]",0,-0.213484554362481,0.33871490899002926
S1322,26.0,100.0,75.6,7.1,1.3,1.68,1,Bachelor,2.69,62.2,Pass,D,Low Risk,1,1,2,1,2.8,1.86,0.0,26.0,0.61851895650656,1.5106508515345007,0.4578224568387269,0.0343999263016767,-0.6071857960190336,-1.509164917876388,0.8509629433967631,-0.0774391245749257,-0.2554508234064226,-0.2841784509832789,-0.7782514504048142,1.248835112671917,1.2391546109163374,1.264842044077067,"[np.float64(0.61851895650656), np.float64(1.5106508515345007), np.float64(0.45782245683872697), np.float64(0.034399926301676716), np.float64(-0.6071857960190336), np.float64(-1.509164917876388), np.float64(0.8509629433967631), np.float64(-0.07743912457492572), np.float64(-0.2554508234064226), np.float64(-0.28417845098327893), np.float64(-0.7782514504048142), np.float64(1.248835112671917), np.float64(1.2391546109163374), np.float64(1.264842044077067)]",0,2.3533245477111535,-1.7144897776100154
S1323,11.8,100.0,63.6,6.7,6.7,3.09,1,High School,1.38,49.4,Fail,F,Medium Risk,0,0,3,2,4.97,3.75,0.0,11.8,-0.86545417583044,1.5106508515345007,-0.1638951135010777,-0.2407994841117376,1.4780363475212748,0.4154421280026559,0.8509629433967631,-1.1837123327881494,-0.0469187545217707,-0.0547673488312214,-0.7782514504048142,-0.5133175535861338,-2.005483686705892,0.1476137838787077,"[np.float64(-0.86545417583044), np.float64(1.5106508515345007), np.float64(-0.1638951135010777), np.float64(-0.2407994841117376), np.float64(1.4780363475212748), np.float64(0.41544212800265595), np.float64(0.8509629433967631), np.float64(-1.1837123327881494), np.float64(-0.04691875452177074), np.float64(-0.05476734883122147), np.float64(-0.7782514504048142), np.float64(-0.5133175535861338), np.float64(-2.005483686705892), np.float64(0.14761378387870772)]",0,-1.0269526064133714,-0.11327294757725132
S1324,40.9,74.6,74.7,6.0,8.8,1.12,1,Bachelor,2.17,58.7,Pass,D,Medium Risk,1,1,2,2,1.78,1.01,2.24,30.51,2.175645693958764,-0.3886500564730097,0.411193639063242,-0.7223984523352134,2.2889560700091724,-2.2735478580836674,0.8509629433967631,-0.0774391245749257,-0.3534705055549687,-0.3873527561839398,2.259991863943515,1.8085047270961292,-0.0487934156207308,0.9593499416790784,"[np.float64(2.175645693958764), np.float64(-0.3886500564730097), np.float64(0.411193639063242), np.float64(-0.7223984523352134), np.float64(2.2889560700091724), np.float64(-2.2735478580836674), np.float64(0.8509629433967631), np.float64(-0.07743912457492572), np.float64(-0.3534705055549687), np.float64(-0.38735275618393983), np.float64(2.259991863943515), np.float64(1.8085047270961294), np.float64(-0.04879341562073081), np.float64(0.9593499416790783)]",0,1.9812738080817776,2.1587749217114696
S1325,9.9,73.3,66.3,7.3,6.7,3.3,0,Bachelor,1.8,43.9,Fail,F,Medium Risk,1,0,3,2,6.08,4.82,1.79,7.26,-1.0640139611431372,-0.4858583706623702,-0.0240086601746217,0.1719996315083841,1.4780363475212748,0.7020857305803858,-1.1751393027860062,-0.0774391245749257,0.0597497231104705,0.0751108941860809,1.6496304838288949,-1.0767100257559616,-0.9652179729644136,-0.3324452341752746,"[np.float64(-1.0640139611431372), np.float64(-0.4858583706623702), np.float64(-0.024008660174621773), np.float64(0.17199963150838418), np.float64(1.4780363475212748), np.float64(0.7020857305803858), np.float64(-1.1751393027860062), np.float64(-0.07743912457492572), np.float64(0.059749723110470596), np.float64(0.07511089418608098), np.float64(1.6496304838288949), np.float64(-1.0767100257559616), np.float64(-0.9652179729644136), np.float64(-0.3324452341752746)]",0,-1.9027765173208178,1.5868869970272736
S1326,7.9,100.0,25.5,7.7,1.6,3.51,0,Bachelor,2.14,35.8,Fail,F,High Risk,1,0,3,0,2.87,6.27,0.0,7.9,-1.2730242614722922,1.5106508515345007,-2.137848399329959,0.4471990419217991,-0.4913401213779053,0.9887293331581156,-1.1751393027860062,-0.0774391245749257,-0.2487239824746596,0.2511141207048551,-0.7782514504048142,-0.997289060516162,-0.1230981094594073,-1.0394412425820487,"[np.float64(-1.2730242614722922), np.float64(1.5106508515345007), np.float64(-2.137848399329959), np.float64(0.4471990419217991), np.float64(-0.4913401213779053), np.float64(0.9887293331581157), np.float64(-1.1751393027860062), np.float64(-0.07743912457492572), np.float64(-0.24872398247465966), np.float64(0.25111412070485517), np.float64(-0.7782514504048142), np.float64(-0.9972890605161621), np.float64(-0.12309810945940733), np.float64(-1.0394412425820487)]",0,-1.2876513719788045,-0.36719355499865786
S1327,31.6,100.0,46.2,5.4,4.5,2.33,1,High School,2.36,42.0,Fail,F,Medium Risk,0,0,3,2,1.42,1.17,0.0,31.6,1.2037477974281938,1.5106508515345007,-1.065385590493795,-1.1351975679553352,0.6285014001530009,-0.6219347194215092,0.8509629433967631,-1.1837123327881494,-0.3880656874897496,-0.3679317104991095,-0.7782514504048142,1.9437685585201627,0.42180297869089,-0.4982838040484684,"[np.float64(1.2037477974281938), np.float64(1.5106508515345007), np.float64(-1.065385590493795), np.float64(-1.1351975679553352), np.float64(0.6285014001530009), np.float64(-0.6219347194215092), np.float64(0.8509629433967631), np.float64(-1.1837123327881494), np.float64(-0.3880656874897496), np.float64(-0.3679317104991095), np.float64(-0.7782514504048142), np.float64(1.9437685585201627), np.float64(0.42180297869089006), np.float64(-0.4982838040484684)]",0,1.902538050416941,0.05924261850005885
S1328,27.9,72.2,62.1,9.1,1.9,2.9,1,Master,1.92,61.0,Pass,D,Low Risk,2,1,2,1,2.15,2.23,0.53,20.14,0.817078741819257,-0.5681115595918289,-0.2416098097935533,1.4103969783687502,-0.3754944467367771,0.1560979161466146,0.8509629433967631,1.028834083638298,-0.3179143463442216,-0.239267282837109,-0.05938138049204,0.5216368996950032,-0.6679991976097058,1.1601018946834707,"[np.float64(0.817078741819257), np.float64(-0.5681115595918289), np.float64(-0.24160980979355332), np.float64(1.4103969783687502), np.float64(-0.3754944467367771), np.float64(0.15609791614661464), np.float64(0.8509629433967631), np.float64(1.0288340836382979), np.float64(-0.3179143463442216), np.float64(-0.239267282837109), np.float64(-0.05938138049204001), np.float64(0.5216368996950032), np.float64(-0.6679991976097058), np.float64(1.1601018946834707)]",0,1.0481643972970895,0.28988652191570446
S1329,26.2,73.7,40.8,6.9,2.1,4.0,0,High School,1.89,39.9,Fail,F,High Risk,0,0,3,0,1.5,1.8,0.55,19.31,0.6394199865394753,-0.4559481201425664,-1.3451584971467074,-0.1031997789050301,-0.2982639969760249,1.6575644058394858,-1.1751393027860062,-1.1837123327881494,-0.3803778692820205,-0.2914613431150903,-0.0322542080425013,0.4186378353996379,-0.7423038914483829,-0.6815790654872618,"[np.float64(0.6394199865394753), np.float64(-0.45594812014256647), np.float64(-1.3451584971467074), np.float64(-0.10319977890503014), np.float64(-0.2982639969760249), np.float64(1.6575644058394858), np.float64(-1.1751393027860062), np.float64(-1.1837123327881494), np.float64(-0.38037786928202055), np.float64(-0.29146134311509037), np.float64(-0.032254208042501335), np.float64(0.41863783539963795), np.float64(-0.7423038914483829), np.float64(-0.6815790654872618)]",0,0.13599247205472967,1.26485063705057
S1330,26.3,75.8,77.0,7.0,0.7,2.4,1,Bachelor,2.42,47.6,Fail,F,Medium Risk,1,0,3,2,2.82,1.81,0.17,19.94,0.6498705015559333,-0.2989193049135996,0.5303561733783712,-0.0343999263016767,-0.8388771453012902,-0.5263868518955995,0.8509629433967631,-0.0774391245749257,-0.2535288688544903,-0.2902475277597884,-0.5476704845837357,0.4968178480575659,0.5704123663682442,-0.0094964402116862,"[np.float64(0.6498705015559333), np.float64(-0.2989193049135996), np.float64(0.5303561733783712), np.float64(-0.034399926301676716), np.float64(-0.8388771453012902), np.float64(-0.5263868518955995), np.float64(0.8509629433967631), np.float64(-0.07743912457492572), np.float64(-0.25352886885449033), np.float64(-0.29024752775978846), np.float64(-0.5476704845837357), np.float64(0.4968178480575659), np.float64(0.5704123663682442), np.float64(-0.009496440211686245)]",0,1.0741556604214815,-0.43176602970533046
S1331,19.9,59.8,95.6,8.1,2.7,1.95,0,Master,2.17,51.0,Pass,D,Medium Risk,2,1,2,2,4.57,2.75,1.09,11.9,-0.0189624594973627,-1.4953293257057318,1.4940184074050686,0.7223984523352134,-0.0665726476937684,-1.1406231431335925,-1.1751393027860062,1.028834083638298,-0.0853578455604162,-0.1761488843614106,0.7001794480950423,-0.5009080277674153,-0.0487934156207308,0.2872673164035027,"[np.float64(-0.018962459497362756), np.float64(-1.4953293257057318), np.float64(1.4940184074050686), np.float64(0.7223984523352134), np.float64(-0.0665726476937684), np.float64(-1.1406231431335923), np.float64(-1.1751393027860062), np.float64(1.0288340836382979), np.float64(-0.0853578455604162), np.float64(-0.17614888436141063), np.float64(0.7001794480950423), np.float64(-0.5009080277674153), np.float64(-0.04879341562073081), np.float64(0.2872673164035027)]",0,-0.2554685523250551,0.43026707660457386
S1332,11.0,66.2,89.4,7.3,0.6,3.99,1,Bachelor,2.06,40.4,Fail,F,Medium Risk,1,0,3,2,7.45,4.37,0.2,7.28,-0.949058295962102,-1.0167653173888784,1.1727976627295034,0.1719996315083841,-0.8774923701816661,1.643914710478642,0.8509629433967631,-0.0774391245749257,0.1914036099178314,0.0204892031974958,-0.5069797259094277,-1.0742281205922175,-0.3212439596958795,-0.6379373365732633,"[np.float64(-0.949058295962102), np.float64(-1.0167653173888784), np.float64(1.1727976627295034), np.float64(0.17199963150838418), np.float64(-0.8774923701816661), np.float64(1.643914710478642), np.float64(0.8509629433967631), np.float64(-0.07743912457492572), np.float64(0.19140360991783148), np.float64(0.02048920319749583), np.float64(-0.5069797259094277), np.float64(-1.0742281205922177), np.float64(-0.3212439596958795), np.float64(-0.6379373365732633)]",0,-1.2812254211938077,-0.40662143448828714
S1333,20.8,64.9,60.7,8.4,1.2,4.0,0,High School,2.07,43.1,Fail,F,Medium Risk,0,0,3,2,2.78,2.73,0.42,13.5,0.0750921756507571,-1.113973631578239,-0.3141435263331971,0.928798010145275,-0.6458010208994097,1.6575644058394858,-1.1751393027860062,-1.1837123327881494,-0.2573727779583549,-0.1785765150720144,-0.2085808289645026,-0.3023556146679166,-0.296475728416321,-0.4022720004376718,"[np.float64(0.07509217565075718), np.float64(-1.113973631578239), np.float64(-0.31414352633319714), np.float64(0.928798010145275), np.float64(-0.6458010208994097), np.float64(1.6575644058394858), np.float64(-1.1751393027860062), np.float64(-1.1837123327881494), np.float64(-0.2573727779583549), np.float64(-0.1785765150720144), np.float64(-0.20858082896450264), np.float64(-0.3023556146679166), np.float64(-0.296475728416321), np.float64(-0.4022720004376718)]",0,-0.2017010332812945,0.5897394943213929
S1334,13.2,68.5,94.8,7.4,5.8,2.8,0,Bachelor,2.37,50.2,Pass,D,Medium Risk,1,1,2,2,6.68,3.73,1.83,9.04,-0.7191469656000317,-0.8447813769000097,1.4525705693824151,0.2407994841117382,1.13049932359789,0.0196009625381716,-1.1751393027860062,-0.0774391245749257,0.1174083596684388,-0.0571949795418252,1.7038848287279724,-0.8558204661827694,0.4465712099704496,0.2174405501411055,"[np.float64(-0.7191469656000317), np.float64(-0.8447813769000097), np.float64(1.4525705693824151), np.float64(0.2407994841117382), np.float64(1.13049932359789), np.float64(0.019600962538171687), np.float64(-1.1751393027860062), np.float64(-0.07743912457492572), np.float64(0.11740835966843882), np.float64(-0.05719497954182525), np.float64(1.7038848287279724), np.float64(-0.8558204661827694), np.float64(0.44657120997044963), np.float64(0.21744055014110553)]",0,-0.8589997461797101,0.7512064232308817
S1335,29.8,79.5,68.0,6.1,0.7,3.61,1,Bachelor,2.33,57.7,Pass,D,Medium Risk,1,1,2,2,2.21,1.4,0.14,23.69,1.0156385271319543,-0.0222494876054187,0.0640679956235174,-0.65359859973186,-0.8388771453012902,1.1252262867665588,0.8509629433967631,-0.0774391245749257,-0.3121484826884247,-0.340013957327166,-0.5883612432580437,0.962175066259516,0.3474982848522135,0.8720664838510814,"[np.float64(1.0156385271319543), np.float64(-0.022249487605418766), np.float64(0.06406799562351742), np.float64(-0.65359859973186), np.float64(-0.8388771453012902), np.float64(1.1252262867665588), np.float64(0.8509629433967631), np.float64(-0.07743912457492572), np.float64(-0.31214848268842477), np.float64(-0.340013957327166), np.float64(-0.5883612432580437), np.float64(0.962175066259516), np.float64(0.34749828485221357), np.float64(0.8720664838510814)]",0,1.6982408923119285,-0.38804862439692056
S1336,18.5,83.5,58.3,7.5,0.2,3.87,0,Master,2.28,41.0,Fail,F,Medium Risk,2,0,3,2,2.99,2.73,0.03,15.45,-0.165269669727771,0.2768530175926142,-0.4384870404011584,0.3095993367150916,-1.0319532697031704,1.4801183661485104,-1.1751393027860062,1.028834083638298,-0.2371922551630659,-0.1785765150720144,-0.7375606917305063,-0.0603698612029026,0.2236571284544179,-0.5855672618764651,"[np.float64(-0.16526966972777105), np.float64(0.27685301759261427), np.float64(-0.43848704040115843), np.float64(0.30959933671509166), np.float64(-1.0319532697031704), np.float64(1.4801183661485104), np.float64(-1.1751393027860062), np.float64(1.0288340836382979), np.float64(-0.23719225516306597), np.float64(-0.1785765150720144), np.float64(-0.7375606917305063), np.float64(-0.060369861202902615), np.float64(0.2236571284544179), np.float64(-0.5855672618764651)]",0,0.03476567689571656,-0.3468819518786807
S1337,11.7,100.0,52.7,5.3,0.2,2.21,1,Master,2.7,40.4,Fail,F,Medium Risk,2,0,3,2,4.15,2.99,0.0,11.7,-0.8759046908468979,1.5106508515345007,-0.7286219065597338,-1.2039974205586892,-1.0319532697031704,-0.7857310637516408,0.8509629433967631,1.028834083638298,-0.1257188911509939,-0.1470173158341652,-0.7782514504048142,-0.5257270794048527,1.2639228421958968,-0.6379373365732633,"[np.float64(-0.8759046908468979), np.float64(1.5106508515345007), np.float64(-0.7286219065597338), np.float64(-1.2039974205586892), np.float64(-1.0319532697031704), np.float64(-0.7857310637516408), np.float64(0.8509629433967631), np.float64(1.0288340836382979), np.float64(-0.12571889115099397), np.float64(-0.1470173158341652), np.float64(-0.7782514504048142), np.float64(-0.5257270794048527), np.float64(1.2639228421958968), np.float64(-0.6379373365732633)]",0,-0.15433533710571684,-1.2322723226405927
S1338,16.8,65.0,59.0,7.2,8.5,2.41,1,Bachelor,1.4,46.5,Fail,F,Medium Risk,1,0,3,2,3.31,2.88,2.98,10.92,-0.3429284250075526,-1.1064960689482886,-0.4022201821313363,0.1031997789050307,2.173110395368044,-0.5127371565347549,0.8509629433967631,-0.0774391245749257,-0.2064409823321495,-0.160369284742486,3.263697244576445,-0.6225213807908583,-1.955947224146774,-0.1055082438224828,"[np.float64(-0.34292842500755266), np.float64(-1.1064960689482886), np.float64(-0.40222018213133637), np.float64(0.10319977890503075), np.float64(2.173110395368044), np.float64(-0.5127371565347549), np.float64(0.8509629433967631), np.float64(-0.07743912457492572), np.float64(-0.20644098233214958), np.float64(-0.16036928474248605), np.float64(3.263697244576445), np.float64(-0.6225213807908583), np.float64(-1.955947224146774), np.float64(-0.10550824382248283)]",0,-1.7394979342682746,3.364952803109443
S1339,24.1,94.8,57.2,7.0,2.1,3.78,0,Bachelor,1.92,55.7,Pass,D,Medium Risk,1,1,2,2,2.28,1.98,0.11,22.85,0.4199591711938629,1.1218175947770574,-0.495477817682307,-0.0343999263016767,-0.2982639969760249,1.3572711079009114,-1.1751393027860062,-0.0774391245749257,-0.3054216417566618,-0.2696126667196563,-0.6290520019323518,0.8579350493822792,-0.6679991976097058,0.6974995681950878,"[np.float64(0.4199591711938629), np.float64(1.1218175947770574), np.float64(-0.495477817682307), np.float64(-0.034399926301676716), np.float64(-0.2982639969760249), np.float64(1.3572711079009114), np.float64(-1.1751393027860062), np.float64(-0.07743912457492572), np.float64(-0.3054216417566618), np.float64(-0.2696126667196563), np.float64(-0.6290520019323518), np.float64(0.8579350493822792), np.float64(-0.6679991976097058), np.float64(0.6974995681950878)]",0,1.017889853625655,-0.3399274206891803
S1340,14.4,76.8,68.4,6.7,1.6,4.0,0,High School,2.44,62.0,Pass,D,Low Risk,0,1,2,1,4.44,3.11,0.37,11.06,-0.5937407854025386,-0.2241436786140913,0.0847919146348445,-0.2407994841117376,-0.4913401213779053,1.6575644058394858,-1.1751393027860062,-1.1837123327881494,-0.0978505501479759,-0.1324515315705425,-0.2763987600883492,-0.6051480446446521,0.6199488289273622,1.247385352511467,"[np.float64(-0.5937407854025386), np.float64(-0.2241436786140913), np.float64(0.08479191463484455), np.float64(-0.2407994841117376), np.float64(-0.4913401213779053), np.float64(1.6575644058394858), np.float64(-1.1751393027860062), np.float64(-1.1837123327881494), np.float64(-0.09785055014797597), np.float64(-0.13245153157054254), np.float64(-0.27639876008834924), np.float64(-0.6051480446446521), np.float64(0.6199488289273622), np.float64(1.2473853525114673)]",0,0.210892847357594,-0.6617441812922402
S1341,11.8,79.3,68.2,6.8,5.0,3.25,1,High School,1.86,51.6,Pass,D,Medium Risk,0,1,2,2,5.33,3.81,1.04,9.36,-0.86545417583044,-0.0372046128653206,0.0744299551291809,-0.1719996315083841,0.8215775245548813,0.6338372537761647,0.8509629433967631,-1.1837123327881494,-0.0123235725869897,-0.0474844566994101,0.6323615169711956,-0.8161099835628696,-0.8166085852870594,0.3396373911003009,"[np.float64(-0.86545417583044), np.float64(-0.03720461286532063), np.float64(0.07442995512918099), np.float64(-0.17199963150838418), np.float64(0.8215775245548813), np.float64(0.6338372537761647), np.float64(0.8509629433967631), np.float64(-1.1837123327881494), np.float64(-0.012323572586989743), np.float64(-0.04748445669941011), np.float64(0.6323615169711956), np.float64(-0.8161099835628696), np.float64(-0.8166085852870594), np.float64(0.3396373911003009)]",0,-1.0260042035798336,0.5404390030080418
S1342,22.4,90.1,65.1,4.2,5.4,2.1,0,Bachelor,2.05,56.4,Pass,D,Medium Risk,1,1,2,2,2.78,1.27,0.53,20.18,0.2423004159140809,0.7703721511693684,-0.0861804172086024,-1.9607957991955796,0.9760384240763856,-0.9358777127209278,-1.1751393027860062,-0.0774391245749257,-0.2573727779583549,-0.3557935569460906,-0.05938138049204,0.5266007100224905,-0.346012190975439,0.7585979886746852,"[np.float64(0.2423004159140809), np.float64(0.7703721511693684), np.float64(-0.08618041720860242), np.float64(-1.9607957991955793), np.float64(0.9760384240763857), np.float64(-0.9358777127209278), np.float64(-1.1751393027860062), np.float64(-0.07743912457492572), np.float64(-0.2573727779583549), np.float64(-0.3557935569460906), np.float64(-0.05938138049204001), np.float64(0.5266007100224905), np.float64(-0.34601219097543906), np.float64(0.7585979886746852)]",0,0.6060731344121715,0.2303961528892583
S1343,22.4,63.2,73.7,6.2,1.2,4.0,1,Bachelor,2.03,37.4,Fail,F,High Risk,1,0,3,0,3.15,1.88,0.44,14.16,0.2423004159140809,-1.2410921962874033,0.359383841534925,-0.584798747128506,-0.6458010208994097,1.6575644058394858,0.8509629433967631,-0.0774391245749257,-0.2218166187476078,-0.2817508202726752,-0.1814536565149639,-0.2204527442643733,-0.3955486535345571,-0.8997877100572538,"[np.float64(0.2423004159140809), np.float64(-1.2410921962874033), np.float64(0.359383841534925), np.float64(-0.584798747128506), np.float64(-0.6458010208994097), np.float64(1.6575644058394858), np.float64(0.8509629433967631), np.float64(-0.07743912457492572), np.float64(-0.2218166187476078), np.float64(-0.28175082027267523), np.float64(-0.18145365651496398), np.float64(-0.22045274426437333), np.float64(-0.39554865353455715), np.float64(-0.8997877100572538)]",0,-0.3713456090181965,0.7466218013964441
S1344,14.9,85.7,88.8,7.1,3.5,2.38,1,Bachelor,2.22,57.7,Pass,D,Medium Risk,1,1,2,2,5.58,3.19,0.5,12.77,-0.5414882103202499,0.4413593954515327,1.1417117842125126,0.0343999263016767,0.2423491513492401,-0.5536862426172882,0.8509629433967631,-0.0774391245749257,0.0117008593121637,-0.1227410087281274,-0.100072139166348,-0.3929451531445629,0.0750477407770648,0.8720664838510814,"[np.float64(-0.5414882103202499), np.float64(0.4413593954515327), np.float64(1.1417117842125126), np.float64(0.034399926301676716), np.float64(0.24234915134924015), np.float64(-0.5536862426172882), np.float64(0.8509629433967631), np.float64(-0.07743912457492572), np.float64(0.011700859312163702), np.float64(-0.1227410087281274), np.float64(-0.10007213916634802), np.float64(-0.3929451531445629), np.float64(0.07504774077706486), np.float64(0.8720664838510814)]",0,0.08118473868521914,-0.832069266630309
S1345,15.3,82.5,84.0,7.2,4.4,2.53,1,High School,2.72,49.1,Fail,F,Medium Risk,0,0,3,2,5.15,3.15,0.77,12.62,-0.4996861502544188,0.202077391293106,0.8930247560765908,0.1031997789050307,0.589886175272625,-0.348940812204624,0.8509629433967631,-1.1837123327881494,-0.0296211635543801,-0.1275962701493349,0.2661446889024237,-0.411559441872641,1.313459304755015,0.1214287465303089,"[np.float64(-0.49968615025441887), np.float64(0.20207739129310603), np.float64(0.8930247560765908), np.float64(0.10319977890503075), np.float64(0.589886175272625), np.float64(-0.348940812204624), np.float64(0.8509629433967631), np.float64(-1.1837123327881494), np.float64(-0.029621163554380197), np.float64(-0.12759627014933497), np.float64(0.26614468890242376), np.float64(-0.411559441872641), np.float64(1.313459304755015), np.float64(0.12142874653030894)]",0,0.1951200600425087,-0.49536019937662495
S1346,22.3,87.4,35.3,5.5,3.2,3.07,0,High School,2.29,37.4,Fail,F,High Risk,0,0,3,0,1.52,1.67,0.4,19.49,0.2318499008976234,0.568477960160697,-1.6301123835524514,-1.0663977153519817,0.126503476708112,0.3881427372809674,-1.1751393027860062,-1.1837123327881494,-0.3784559147300882,-0.3072409427340149,-0.2357080014140412,0.4409749818733315,0.2484253597339774,-0.8997877100572538,"[np.float64(0.2318499008976234), np.float64(0.568477960160697), np.float64(-1.6301123835524514), np.float64(-1.0663977153519817), np.float64(0.126503476708112), np.float64(0.3881427372809674), np.float64(-1.1751393027860062), np.float64(-1.1837123327881494), np.float64(-0.37845591473008827), np.float64(-0.3072409427340149), np.float64(-0.23570800141404125), np.float64(0.44097498187333156), np.float64(0.24842535973397747), np.float64(-0.8997877100572538)]",0,0.2655152059576063,0.7195470734753429
S1347,5.5,84.3,13.9,8.9,0.5,4.0,0,Bachelor,2.01,32.0,Fail,F,High Risk,1,0,3,0,2.14,10.05,0.08,4.64,-1.523836621867278,0.3366735186322206,-2.738842050658437,1.2727972731620434,-0.9161075950620422,1.6575644058394858,-1.1751393027860062,-0.0774391245749257,-0.3188753236201877,0.7099363250089704,-0.6697427606066597,-1.4018396022063906,-0.4450851160936752,-1.3711183823284363,"[np.float64(-1.523836621867278), np.float64(0.33667351863222067), np.float64(-2.738842050658437), np.float64(1.2727972731620434), np.float64(-0.9161075950620422), np.float64(1.6575644058394858), np.float64(-1.1751393027860062), np.float64(-0.07743912457492572), np.float64(-0.3188753236201877), np.float64(0.7099363250089704), np.float64(-0.6697427606066597), np.float64(-1.4018396022063906), np.float64(-0.4450851160936752), np.float64(-1.3711183823284363)]",0,-2.0771081643383003,0.1667444515775959
S1348,5.9,100.0,83.7,5.7,6.3,3.48,0,High School,1.82,52.5,Pass,D,Medium Risk,0,1,2,2,12.13,6.05,0.0,5.9,-1.482034561801447,1.5106508515345007,0.8774818168180958,-0.9287980101452744,1.3235754479997703,0.9477802470755832,-1.1751393027860062,-1.1837123327881494,0.641140975069984,0.2244101828882136,-0.7782514504048142,-1.2454795768905351,-0.9156815104052956,0.4181925031454979,"[np.float64(-1.482034561801447), np.float64(1.5106508515345007), np.float64(0.8774818168180958), np.float64(-0.9287980101452743), np.float64(1.3235754479997703), np.float64(0.9477802470755832), np.float64(-1.1751393027860062), np.float64(-1.1837123327881494), np.float64(0.641140975069984), np.float64(0.2244101828882136), np.float64(-0.7782514504048142), np.float64(-1.2454795768905353), np.float64(-0.9156815104052956), np.float64(0.4181925031454979)]",0,-1.569486471020806,-1.1960391540006714
S1349,12.8,70.4,37.7,8.5,2.3,3.13,0,Master,1.48,40.5,Fail,F,Medium Risk,2,0,3,2,2.73,4.41,0.68,9.01,-0.7609490256658625,-0.7027076869309435,-1.5057688694844902,0.9975978627486284,-0.2210335472152728,0.4700409094460331,-1.1751393027860062,1.028834083638298,-0.2621776643381855,0.0253444646187034,0.1440724128794999,-0.8595433239283848,-1.7578013739103018,-0.6292089907904636,"[np.float64(-0.7609490256658625), np.float64(-0.7027076869309435), np.float64(-1.5057688694844902), np.float64(0.9975978627486284), np.float64(-0.22103354721527285), np.float64(0.47004090944603316), np.float64(-1.1751393027860062), np.float64(1.0288340836382979), np.float64(-0.26217766433818557), np.float64(0.0253444646187034), np.float64(0.1440724128794999), np.float64(-0.8595433239283848), np.float64(-1.7578013739103018), np.float64(-0.6292089907904636)]",0,-1.6823677857159616,1.298256080799371
S1350,17.9,72.0,60.5,7.6,1.0,3.17,1,High School,1.27,38.6,Fail,F,High Risk,0,0,3,0,3.2,2.86,0.28,12.89,-0.2279727598265176,-0.5830666848517307,-0.3245054858388607,0.3783991893184451,-0.7230314706601618,0.5246396908894103,0.8509629433967631,-1.1837123327881494,-0.2170117323677771,-0.1627969154530898,-0.3984710361112731,-0.3780537221621004,-2.2779342307810406,-0.7950475606636573,"[np.float64(-0.22797275982651768), np.float64(-0.5830666848517307), np.float64(-0.32450548583886074), np.float64(0.3783991893184451), np.float64(-0.7230314706601618), np.float64(0.5246396908894103), np.float64(0.8509629433967631), np.float64(-1.1837123327881494), np.float64(-0.2170117323677771), np.float64(-0.16279691545308983), np.float64(-0.39847103611127316), np.float64(-0.3780537221621004), np.float64(-2.2779342307810406), np.float64(-0.7950475606636573)]",0,-1.1131593307520307,0.7728498676369928
S1351,23.1,70.7,41.6,6.0,1.7,2.83,1,Bachelor,1.72,47.8,Fail,F,Medium Risk,1,0,3,2,1.73,1.76,0.5,16.33,0.3154540210292854,-0.6802749990410912,-1.3037106591240537,-0.7223984523352134,-0.4527248964975293,0.0605500486207048,0.8509629433967631,-0.0774391245749257,-0.3582753919347993,-0.2963166045362979,-0.100072139166348,0.0488339660018215,-1.1633638232008858,0.0079602513539127,"[np.float64(0.31545402102928544), np.float64(-0.6802749990410912), np.float64(-1.3037106591240535), np.float64(-0.7223984523352134), np.float64(-0.4527248964975293), np.float64(0.06055004862070488), np.float64(0.8509629433967631), np.float64(-0.07743912457492572), np.float64(-0.35827539193479935), np.float64(-0.29631660453629793), np.float64(-0.10007213916634802), np.float64(0.048833966001821556), np.float64(-1.1633638232008858), np.float64(0.007960251353912741)]",0,-0.1446088903257324,1.0828885488574398
S1352,34.8,71.7,29.0,9.7,0.1,3.25,0,PhD,2.58,44.8,Fail,F,Medium Risk,3,0,3,2,0.81,1.91,0.03,24.95,1.5381642779548412,-0.605499372741583,-1.956514107980849,1.823196093988872,-1.0705684945835463,0.6338372537761647,-1.1751393027860062,2.1351072918515213,-0.446685301323684,-0.2781093742067695,-0.7375606917305063,1.118535091575371,0.9667040668411886,-0.2538901221300776,"[np.float64(1.5381642779548412), np.float64(-0.605499372741583), np.float64(-1.956514107980849), np.float64(1.8231960939888718), np.float64(-1.0705684945835465), np.float64(0.6338372537761647), np.float64(-1.1751393027860062), np.float64(2.1351072918515213), np.float64(-0.446685301323684), np.float64(-0.2781093742067695), np.float64(-0.7375606917305063), np.float64(1.118535091575371), np.float64(0.9667040668411886), np.float64(-0.2538901221300776)]",0,1.7577144498793644,0.45761348108920813
S1353,28.6,70.4,75.8,5.2,0.4,0.78,0,High School,2.28,55.5,Pass,D,Medium Risk,0,1,2,2,2.56,1.24,0.12,20.13,0.8902323469344615,-0.7027076869309435,0.4681844163443905,-1.2727972731620427,-0.9547228199424184,-2.7376375003523736,-1.1751393027860062,-1.1837123327881494,-0.2785142780296099,-0.3594350030119962,-0.6154884157075824,0.5203959471131311,0.2236571284544179,0.6800428766294883,"[np.float64(0.8902323469344615), np.float64(-0.7027076869309435), np.float64(0.46818441634439056), np.float64(-1.2727972731620427), np.float64(-0.9547228199424184), np.float64(-2.7376375003523736), np.float64(-1.1751393027860062), np.float64(-1.1837123327881494), np.float64(-0.27851427802960993), np.float64(-0.35943500301199627), np.float64(-0.6154884157075824), np.float64(0.5203959471131311), np.float64(0.2236571284544179), np.float64(0.6800428766294883)]",0,1.2462537776411873,-0.36622189134514904
S1354,18.4,97.8,80.2,8.4,4.4,2.56,0,Bachelor,2.4,52.0,Pass,D,Medium Risk,1,1,2,2,4.13,3.08,0.1,18.0,-0.1757201847442289,1.3461444736755823,0.6961475254689861,0.928798010145275,0.589886175272625,-0.3079917261220908,-1.1751393027860062,-0.0774391245749257,-0.1276408457029263,-0.1360929776364482,-0.642615588157121,0.2560730471744235,0.5208759038091262,0.3745507742314995,"[np.float64(-0.17572018474422896), np.float64(1.3461444736755823), np.float64(0.6961475254689861), np.float64(0.928798010145275), np.float64(0.589886175272625), np.float64(-0.3079917261220908), np.float64(-1.1751393027860062), np.float64(-0.07743912457492572), np.float64(-0.1276408457029263), np.float64(-0.1360929776364482), np.float64(-0.642615588157121), np.float64(0.25607304717442353), np.float64(0.5208759038091262), np.float64(0.3745507742314995)]",0,0.7541718757000893,-1.085145403482064
S1355,19.8,100.0,53.5,8.5,0.0,2.99,1,High School,2.4,50.3,Pass,D,Medium Risk,0,1,2,2,2.57,2.9,0.0,19.8,-0.0294129745138202,1.5106508515345007,-0.6871740685370803,0.9975978627486284,-1.1091837194639227,0.2789451743942136,0.8509629433967631,-1.1837123327881494,-0.2775533007536438,-0.1579416540318822,-0.7782514504048142,0.4794445119113596,0.5208759038091262,0.2261688959239047,"[np.float64(-0.02941297451382028), np.float64(1.5106508515345007), np.float64(-0.6871740685370803), np.float64(0.9975978627486284), np.float64(-1.1091837194639227), np.float64(0.2789451743942136), np.float64(0.8509629433967631), np.float64(-1.1837123327881494), np.float64(-0.2775533007536438), np.float64(-0.15794165403188226), np.float64(-0.7782514504048142), np.float64(0.47944451191135967), np.float64(0.5208759038091262), np.float64(0.2261688959239047)]",0,1.0986130548474373,-1.2191953886327525
S1356,10.0,71.4,13.2,6.0,1.6,1.88,0,Bachelor,1.18,33.5,Fail,F,High Risk,1,0,3,0,1.2,3.93,0.46,7.14,-1.0535634461266794,-0.6279320606314353,-2.775108908928259,-0.7223984523352134,-0.4913401213779053,-1.2361710106595023,-1.1751393027860062,-0.0774391245749257,-0.4092071875610046,-0.0329186724357873,-0.1543264840654253,-1.091601456738424,-2.500848312297072,-1.2401931955864411,"[np.float64(-1.0535634461266794), np.float64(-0.6279320606314353), np.float64(-2.775108908928259), np.float64(-0.7223984523352134), np.float64(-0.4913401213779053), np.float64(-1.2361710106595023), np.float64(-1.1751393027860062), np.float64(-0.07743912457492572), np.float64(-0.40920718756100466), np.float64(-0.032918672435787395), np.float64(-0.1543264840654253), np.float64(-1.091601456738424), np.float64(-2.5008483122970717), np.float64(-1.2401931955864411)]",0,-2.413388835104118,1.7983505485939522
S1357,19.8,67.5,54.1,9.1,2.2,3.11,1,Bachelor,2.15,36.4,Fail,F,High Risk,1,0,3,0,2.6,3.11,0.72,13.36,-0.0294129745138202,-0.919557003199518,-0.65608819002009,1.4103969783687502,-0.2596487720956488,0.4427415187243445,0.8509629433967631,-0.0774391245749257,-0.2746703689257453,-0.1324515315705425,0.198326757778577,-0.3197289508141228,-0.0983298781798488,-0.9870711678852504,"[np.float64(-0.02941297451382028), np.float64(-0.9195570031995179), np.float64(-0.65608819002009), np.float64(1.4103969783687502), np.float64(-0.2596487720956488), np.float64(0.44274151872434453), np.float64(0.8509629433967631), np.float64(-0.07743912457492572), np.float64(-0.27467036892574537), np.float64(-0.13245153157054254), np.float64(0.19832675777857708), np.float64(-0.3197289508141228), np.float64(-0.09832987817984885), np.float64(-0.9870711678852505)]",0,-0.44453718748181525,0.9244224658830316
S1358,17.1,87.1,72.8,6.6,0.2,2.64,0,Bachelor,2.51,66.5,Pass,C,Low Risk,1,1,1,1,4.02,2.6,0.03,14.89,-0.3115768799581793,0.5460452722708437,0.3127550237594393,-0.3095993367150916,-1.0319532697031704,-0.1987941632353364,-1.1751393027860062,-0.0774391245749257,-0.1382115957385538,-0.194356114690939,-0.7375606917305063,-0.129863205787727,0.7933264478842749,1.640160912737453,"[np.float64(-0.31157687995817934), np.float64(0.5460452722708437), np.float64(0.3127550237594393), np.float64(-0.30959933671509166), np.float64(-1.0319532697031704), np.float64(-0.19879416323533644), np.float64(-1.1751393027860062), np.float64(-0.07743912457492572), np.float64(-0.13821159573855385), np.float64(-0.194356114690939), np.float64(-0.7375606917305063), np.float64(-0.129863205787727), np.float64(0.7933264478842749), np.float64(1.640160912737453)]",0,0.9790139612829006,-1.5326944196250323
S1359,23.2,71.7,35.4,7.4,9.15,4.0,1,Bachelor,1.48,21.1,Fail,F,High Risk,1,0,3,0,1.46,2.17,2.59,16.63,0.3259045360457429,-0.605499372741583,-1.6249314037996196,0.2407994841117382,2.424109357090489,1.6575644058394858,0.8509629433967631,-0.0774391245749257,-0.3842217783858851,-0.2465501749689203,2.7347173818104404,0.0860625434579776,-1.7578013739103018,-2.3225080726536014,"[np.float64(0.32590453604574293), np.float64(-0.605499372741583), np.float64(-1.6249314037996196), np.float64(0.2407994841117382), np.float64(2.424109357090489), np.float64(1.6575644058394858), np.float64(0.8509629433967631), np.float64(-0.07743912457492572), np.float64(-0.3842217783858851), np.float64(-0.24655017496892034), np.float64(2.7347173818104404), np.float64(0.08606254345797765), np.float64(-1.7578013739103018), np.float64(-2.3225080726536014)]",0,-1.6790558898043588,4.189343293674312
S1360,11.7,89.5,68.7,7.4,0.8,4.0,1,Master,2.4,42.8,Fail,F,Medium Risk,2,0,3,2,5.41,4.18,0.08,10.47,-0.8759046908468979,0.7255067753896639,0.1003348538933395,0.2407994841117382,-0.8002619204209138,1.6575644058394858,0.8509629433967631,1.028834083638298,-0.0046357543792606,-0.0025732885532401,-0.6697427606066597,-0.6783642469750922,0.5208759038091262,-0.4284570377860712,"[np.float64(-0.8759046908468979), np.float64(0.7255067753896639), np.float64(0.10033485389333953), np.float64(0.2407994841117382), np.float64(-0.8002619204209138), np.float64(1.6575644058394858), np.float64(0.8509629433967631), np.float64(1.0288340836382979), np.float64(-0.004635754379260633), np.float64(-0.002573288553240158), np.float64(-0.6697427606066597), np.float64(-0.6783642469750922), np.float64(0.5208759038091262), np.float64(-0.4284570377860712)]",0,-0.48703684726121316,-0.9853540594953448
S1361,25.2,83.0,64.7,6.8,1.1,2.43,0,High School,2.59,55.4,Pass,D,Medium Risk,0,1,2,2,2.47,1.84,0.19,20.92,0.5349148363748979,0.2394652044428601,-0.1069043362199288,-0.1719996315083841,-0.6844162457797857,-0.4854377658130663,-1.1751393027860062,-1.1837123327881494,-0.2871630735133051,-0.2866060816938828,-0.5205433121341971,0.6184312010810089,0.9914722981207472,0.6713145308466885,"[np.float64(0.5349148363748979), np.float64(0.23946520444286015), np.float64(-0.10690433621992881), np.float64(-0.17199963150838418), np.float64(-0.6844162457797857), np.float64(-0.48543776581306636), np.float64(-1.1751393027860062), np.float64(-1.1837123327881494), np.float64(-0.28716307351330517), np.float64(-0.2866060816938828), np.float64(-0.5205433121341971), np.float64(0.6184312010810089), np.float64(0.9914722981207471), np.float64(0.6713145308466885)]",0,1.4851769893836833,-0.6768020673313547
S1362,35.3,57.3,76.6,8.2,1.1,2.68,0,High School,2.29,62.0,Pass,D,Low Risk,0,1,2,1,2.11,1.59,0.47,20.23,1.59041685303713,-1.6822683914545025,0.5096322543670441,0.7911983049385668,-0.6844162457797857,-0.1441953817919592,-1.1751393027860062,-1.1837123327881494,-0.3217582554480861,-0.31695146557643,-0.140762897840656,0.53280547293185,0.2484253597339774,1.247385352511467,"[np.float64(1.59041685303713), np.float64(-1.6822683914545025), np.float64(0.5096322543670441), np.float64(0.7911983049385668), np.float64(-0.6844162457797857), np.float64(-0.14419538179195926), np.float64(-1.1751393027860062), np.float64(-1.1837123327881494), np.float64(-0.3217582554480861), np.float64(-0.31695146557643006), np.float64(-0.14076289784065604), np.float64(0.53280547293185), np.float64(0.24842535973397747), np.float64(1.2473853525114673)]",0,1.7266952653328531,0.26525171415377163
S1363,18.9,100.0,67.4,8.2,0.8,2.74,1,Master,2.66,53.4,Pass,D,Medium Risk,2,1,2,2,3.39,2.93,0.0,18.9,-0.1234676096619402,1.5106508515345007,0.0329821171065274,0.7911983049385668,-0.8002619204209138,-0.0622972096268934,0.8509629433967631,1.028834083638298,-0.1987531641244204,-0.1543002079659765,-0.7782514504048142,0.3677587795428914,1.1648499170776607,0.4967476151906949,"[np.float64(-0.12346760966194022), np.float64(1.5106508515345007), np.float64(0.032982117106527466), np.float64(0.7911983049385668), np.float64(-0.8002619204209138), np.float64(-0.06229720962689348), np.float64(0.8509629433967631), np.float64(1.0288340836382979), np.float64(-0.19875316412442048), np.float64(-0.15430020796597657), np.float64(-0.7782514504048142), np.float64(0.3677587795428914), np.float64(1.1648499170776607), np.float64(0.4967476151906949)]",0,1.2060277501278576,-1.582261118268655
S1364,24.0,100.0,45.5,4.4,0.0,2.44,0,Bachelor,3.08,48.6,Fail,F,Medium Risk,1,0,3,2,1.82,1.25,0.0,24.0,0.409508656177405,1.5106508515345007,-1.101652448763617,-1.823196093988872,-1.1091837194639227,-0.4717880704522223,-1.1751393027860062,-0.0774391245749257,-0.3496265964511041,-0.3582211876566943,-0.7782514504048142,1.0006445962975437,2.205115630819139,0.0777870176163105,"[np.float64(0.409508656177405), np.float64(1.5106508515345007), np.float64(-1.101652448763617), np.float64(-1.8231960939888718), np.float64(-1.1091837194639227), np.float64(-0.4717880704522223), np.float64(-1.1751393027860062), np.float64(-0.07743912457492572), np.float64(-0.3496265964511041), np.float64(-0.35822118765669436), np.float64(-0.7782514504048142), np.float64(1.0006445962975437), np.float64(2.205115630819139), np.float64(0.07778701761631054)]",0,1.852894026973232,-1.1370678139034458
S1365,26.9,70.8,88.9,9.0,3.9,2.96,1,Master,2.47,60.3,Pass,D,Low Risk,2,1,2,1,3.19,2.28,1.14,19.05,0.7125735916546795,-0.6727974364111409,1.1468927639653448,1.3415971257653967,0.3968100508707444,0.2379960883116804,0.8509629433967631,1.028834083638298,-0.2179727096437432,-0.2331982060605995,0.7679973792188887,0.3863730682709697,0.6942535227660399,1.0990034742038726,"[np.float64(0.7125735916546795), np.float64(-0.6727974364111409), np.float64(1.1468927639653448), np.float64(1.3415971257653967), np.float64(0.39681005087074445), np.float64(0.23799608831168043), np.float64(0.8509629433967631), np.float64(1.0288340836382979), np.float64(-0.21797270964374324), np.float64(-0.23319820606059957), np.float64(0.7679973792188887), np.float64(0.3863730682709697), np.float64(0.6942535227660399), np.float64(1.0990034742038726)]",0,1.2427187555516572,0.17184285650376235
S1366,16.0,74.2,61.8,4.5,9.15,2.19,1,Bachelor,1.91,34.7,Fail,F,High Risk,1,0,3,0,3.64,1.89,2.36,11.87,-0.4265325451392147,-0.4185603069928124,-0.2571527490520486,-1.7543962413855183,2.424109357090489,-0.8130304544733294,0.8509629433967631,-0.0774391245749257,-0.174728732225267,-0.2805370049173733,2.422754898640746,-0.504630885513031,-0.6927674288892649,-1.1354530461928447,"[np.float64(-0.42653254513921474), np.float64(-0.4185603069928124), np.float64(-0.25715274905204866), np.float64(-1.7543962413855185), np.float64(2.424109357090489), np.float64(-0.8130304544733294), np.float64(0.8509629433967631), np.float64(-0.07743912457492572), np.float64(-0.17472873222526702), np.float64(-0.2805370049173733), np.float64(2.422754898640746), np.float64(-0.504630885513031), np.float64(-0.6927674288892649), np.float64(-1.1354530461928447)]",0,-1.5803432010046952,2.778730844348077
S1367,22.2,84.3,64.5,8.5,0.8,1.9,1,Master,2.04,63.6,Pass,D,Low Risk,2,1,2,1,2.78,2.6,0.13,18.71,0.2213993858811654,0.3366735186322206,-0.1172662957255923,0.9975978627486284,-0.8002619204209138,-1.2088716199378138,0.8509629433967631,1.028834083638298,-0.2573727779583549,-0.194356114690939,-0.601924829482813,0.3441806804873262,-0.3707804222549976,1.3870388850362625,"[np.float64(0.22139938588116548), np.float64(0.33667351863222067), np.float64(-0.11726629572559238), np.float64(0.9975978627486284), np.float64(-0.8002619204209138), np.float64(-1.2088716199378138), np.float64(0.8509629433967631), np.float64(1.0288340836382979), np.float64(-0.2573727779583549), np.float64(-0.194356114690939), np.float64(-0.601924829482813), np.float64(0.3441806804873262), np.float64(-0.3707804222549976), np.float64(1.3870388850362625)]",0,1.0291301049211583,-0.8034262678159068
S1368,20.1,85.0,46.3,8.7,3.3,3.3,1,Bachelor,2.25,52.1,Pass,D,Medium Risk,1,1,2,2,2.19,2.93,0.5,17.08,0.001938570535553,0.3890164570418767,-1.0602046107409635,1.1351975679553352,0.1651187015884879,0.7020857305803858,0.8509629433967631,-0.0774391245749257,-0.314070437240357,-0.1543002079659765,-0.100072139166348,0.1419054096422115,0.1493524346157413,0.3832791200142993,"[np.float64(0.001938570535553035), np.float64(0.3890164570418767), np.float64(-1.0602046107409635), np.float64(1.1351975679553352), np.float64(0.16511870158848793), np.float64(0.7020857305803858), np.float64(0.8509629433967631), np.float64(-0.07743912457492572), np.float64(-0.31407043724035705), np.float64(-0.15430020796597657), np.float64(-0.10007213916634802), np.float64(0.14190540964221157), np.float64(0.14935243461574138), np.float64(0.3832791200142993)]",0,0.5132536128702324,0.1450506679949013
S1369,21.0,89.9,56.1,5.4,4.1,3.3,0,Master,2.36,53.0,Pass,D,Medium Risk,2,1,2,2,2.55,1.74,0.41,18.88,0.0959932056836726,0.7554170259094676,-0.5524685949634558,-1.1351975679553352,0.4740405006314965,0.7020857305803858,-1.1751393027860062,1.028834083638298,-0.2794752553055761,-0.2987442352469016,-0.2221444151892719,0.3652768743791477,0.42180297869089,0.4618342320594963,"[np.float64(0.0959932056836726), np.float64(0.7554170259094676), np.float64(-0.5524685949634558), np.float64(-1.1351975679553352), np.float64(0.4740405006314965), np.float64(0.7020857305803858), np.float64(-1.1751393027860062), np.float64(1.0288340836382979), np.float64(-0.2794752553055761), np.float64(-0.29874423524690163), np.float64(-0.22214441518927197), np.float64(0.36527687437914774), np.float64(0.42180297869089006), np.float64(0.4618342320594963)]",0,0.6364567206764133,0.031078832337194516
S1370,12.3,100.0,47.3,6.4,5.7,2.16,0,PhD,2.04,32.8,Fail,F,High Risk,3,0,3,0,3.56,3.45,0.0,12.3,-0.8132016007481513,1.5106508515345007,-1.0083948132126463,-0.4471990419217985,1.091884098717514,-0.853979540555862,-1.1751393027860062,2.1351072918515213,-0.1824165504329961,-0.0911818094902782,-0.7782514504048142,-0.4512699244925405,-0.3707804222549976,-1.301291616066039,"[np.float64(-0.8132016007481513), np.float64(1.5106508515345007), np.float64(-1.0083948132126463), np.float64(-0.4471990419217985), np.float64(1.091884098717514), np.float64(-0.853979540555862), np.float64(-1.1751393027860062), np.float64(2.1351072918515213), np.float64(-0.18241655043299615), np.float64(-0.0911818094902782), np.float64(-0.7782514504048142), np.float64(-0.45126992449254055), np.float64(-0.3707804222549976), np.float64(-1.301291616066039)]",0,-1.0747446234022524,0.10890652103637276
S1371,20.2,77.3,61.5,5.3,1.6,3.52,1,Bachelor,1.87,45.3,Fail,F,Medium Risk,1,0,3,2,2.9,1.78,0.36,15.61,0.0123890855520105,-0.1867558654643371,-0.2726956883105436,-1.2039974205586892,-0.4913401213779053,1.0023790285189604,0.8509629433967631,-0.0774391245749257,-0.2458410506467612,-0.293888973825694,-0.2899623463131185,-0.0405146198929527,-0.7918403540075004,-0.2102483932160792,"[np.float64(0.012389085552010558), np.float64(-0.18675586546433717), np.float64(-0.27269568831054364), np.float64(-1.2039974205586892), np.float64(-0.4913401213779053), np.float64(1.0023790285189604), np.float64(0.8509629433967631), np.float64(-0.07743912457492572), np.float64(-0.24584105064676126), np.float64(-0.29388897382569407), np.float64(-0.28996234631311857), np.float64(-0.04051461989295273), np.float64(-0.7918403540075004), np.float64(-0.21024839321607924)]",0,-0.21332283028485882,0.4191692244825682
S1372,25.0,68.0,99.2,6.7,1.1,2.29,0,High School,2.47,55.4,Pass,D,Medium Risk,0,1,2,2,3.82,1.82,0.35,17.0,0.5140138063419825,-0.8821691900497638,1.6805336785070106,-0.2407994841117376,-0.6844162457797857,-0.6765335008648865,-1.1751393027860062,-1.1837123327881494,-0.1574311412578765,-0.2890337124044865,-0.3035259325378879,0.1319777889872368,0.6942535227660399,0.6713145308466885,"[np.float64(0.5140138063419825), np.float64(-0.8821691900497638), np.float64(1.6805336785070106), np.float64(-0.2407994841117376), np.float64(-0.6844162457797857), np.float64(-0.6765335008648865), np.float64(-1.1751393027860062), np.float64(-1.1837123327881494), np.float64(-0.15743114125787658), np.float64(-0.2890337124044865), np.float64(-0.30352593253788795), np.float64(0.13197778898723686), np.float64(0.6942535227660399), np.float64(0.6713145308466885)]",0,1.028161597766089,-0.6457847208732526
S1373,34.5,59.3,37.6,6.5,1.2,3.0,1,High School,2.52,38.0,Fail,F,High Risk,0,0,3,0,1.06,1.29,0.49,20.46,1.5068127329054684,-1.532717138855486,-1.510949849237322,-0.3783991893184451,-0.6458010208994097,0.2925948697550576,0.8509629433967631,-1.1837123327881494,-0.4226608694245305,-0.3533659262354868,-0.1136357253911173,0.5613473823149029,0.8180946791638345,-0.8474176353604556,"[np.float64(1.5068127329054684), np.float64(-1.5327171388554859), np.float64(-1.510949849237322), np.float64(-0.3783991893184451), np.float64(-0.6458010208994097), np.float64(0.2925948697550576), np.float64(0.8509629433967631), np.float64(-1.1837123327881494), np.float64(-0.42266086942453057), np.float64(-0.3533659262354868), np.float64(-0.11363572539111735), np.float64(0.5613473823149029), np.float64(0.8180946791638345), np.float64(-0.8474176353604556)]",0,1.0363561307379543,1.3375560815728411
S1374,29.6,69.0,32.7,8.2,3.7,3.46,0,High School,2.25,46.5,Fail,F,Medium Risk,0,0,3,2,1.07,1.89,1.15,20.42,0.9947374970990388,-0.8073935637502555,-1.7648178571260755,0.7911983049385668,0.3195796011099924,0.9204808563538944,-1.1751393027860062,-1.1837123327881494,-0.4216998921485644,-0.2805370049173733,0.781560965443658,0.5563835719874156,0.1493524346157413,-0.1055082438224828,"[np.float64(0.9947374970990389), np.float64(-0.8073935637502555), np.float64(-1.7648178571260755), np.float64(0.7911983049385668), np.float64(0.3195796011099924), np.float64(0.9204808563538945), np.float64(-1.1751393027860062), np.float64(-1.1837123327881494), np.float64(-0.42169989214856446), np.float64(-0.2805370049173733), np.float64(0.781560965443658), np.float64(0.5563835719874156), np.float64(0.14935243461574138), np.float64(-0.10550824382248283)]",0,0.744148046653444,1.7127724796530448
S1375,41.5,79.5,94.4,9.0,5.1,2.77,0,High School,3.18,63.5,Pass,D,Low Risk,0,1,2,1,2.22,1.49,1.05,32.99,2.2383487840575107,-0.0222494876054187,1.4318466503710887,1.3415971257653967,0.8601927494352573,-0.0213481235443608,-1.1751393027860062,-1.1837123327881494,-0.3111875054124586,-0.3290896191294489,0.645925103195965,2.1162609674003523,2.452797943614729,1.3783105392534625,"[np.float64(2.2383487840575107), np.float64(-0.022249487605418766), np.float64(1.4318466503710887), np.float64(1.3415971257653967), np.float64(0.8601927494352573), np.float64(-0.021348123544360897), np.float64(-1.1751393027860062), np.float64(-1.1837123327881494), np.float64(-0.3111875054124586), np.float64(-0.32908961912944895), np.float64(0.645925103195965), np.float64(2.1162609674003523), np.float64(2.452797943614729), np.float64(1.3783105392534625)]",0,3.6903228930844407,-0.3040283799012221
S1376,12.3,100.0,60.8,9.1,0.6,3.16,1,Bachelor,2.27,54.8,Pass,D,Medium Risk,1,1,2,2,4.57,4.9,0.0,12.3,-0.8132016007481513,1.5106508515345007,-0.3089625465803657,1.4103969783687502,-0.8774923701816661,0.5109899955285663,0.8509629433967631,-0.0774391245749257,-0.0853578455604162,0.0848214170284961,-0.7782514504048142,-0.4512699244925405,0.1988888971748594,0.6189444561498902,"[np.float64(-0.8132016007481513), np.float64(1.5106508515345007), np.float64(-0.30896254658036576), np.float64(1.4103969783687502), np.float64(-0.8774923701816661), np.float64(0.5109899955285663), np.float64(0.8509629433967631), np.float64(-0.07743912457492572), np.float64(-0.0853578455604162), np.float64(0.08482141702849612), np.float64(-0.7782514504048142), np.float64(-0.45126992449254055), np.float64(0.1988888971748594), np.float64(0.6189444561498902)]",0,0.1487449662965886,-1.5721006817802727
S1377,28.7,72.2,51.6,6.2,1.4,2.39,0,Bachelor,2.36,39.8,Fail,F,High Risk,1,0,3,0,1.74,1.48,0.39,20.72,0.900682861950919,-0.5681115595918289,-0.7856126838408827,-0.584798747128506,-0.5685705711386575,-0.5400365472564436,-1.1751393027860062,-0.0774391245749257,-0.3573144146588332,-0.3303034344847508,-0.2492715876388105,0.5936121494435712,0.42180297869089,-0.6903074112700616,"[np.float64(0.900682861950919), np.float64(-0.5681115595918289), np.float64(-0.7856126838408827), np.float64(-0.584798747128506), np.float64(-0.5685705711386575), np.float64(-0.5400365472564436), np.float64(-1.1751393027860062), np.float64(-0.07743912457492572), np.float64(-0.3573144146588332), np.float64(-0.33030343448475086), np.float64(-0.24927158763881058), np.float64(0.5936121494435712), np.float64(0.42180297869089006), np.float64(-0.6903074112700616)]",0,0.7425936117764224,0.6623044715749127
S1378,21.8,83.4,85.8,6.7,7.0,2.64,1,Bachelor,2.43,65.5,Pass,C,Low Risk,1,1,1,1,3.76,2.08,1.16,18.18,0.1795973258153346,0.2693754549626639,0.9862823916275614,-0.2407994841117376,1.5938820221624028,-0.1987941632353364,0.8509629433967631,-0.0774391245749257,-0.1631970049136734,-0.2574745131666374,0.7951245516684273,0.2784101936481171,0.5951805976478038,1.5528774549094562,"[np.float64(0.17959732581533466), np.float64(0.2693754549626639), np.float64(0.9862823916275614), np.float64(-0.2407994841117376), np.float64(1.5938820221624028), np.float64(-0.19879416323533644), np.float64(0.8509629433967631), np.float64(-0.07743912457492572), np.float64(-0.16319700491367342), np.float64(-0.2574745131666374), np.float64(0.7951245516684273), np.float64(0.27841019364811714), np.float64(0.5951805976478038), np.float64(1.5528774549094562)]",0,1.0070071628317967,0.08018151897582891
S1379,41.9,79.8,52.9,4.5,4.9,2.64,1,Bachelor,2.12,46.9,Fail,F,Medium Risk,1,0,3,2,1.23,0.74,0.99,33.44,2.2801508441233413,0.0001832002844335,-0.7182599470540707,-1.7543962413855183,0.7829622996745054,-0.1987941632353364,0.8509629433967631,-0.0774391245749257,-0.4063242557331062,-0.4201257707770908,0.5645435858473489,2.1721038335845857,-0.1726345720185253,-0.0705948606912842,"[np.float64(2.2801508441233413), np.float64(0.00018320028443350112), np.float64(-0.7182599470540707), np.float64(-1.7543962413855185), np.float64(0.7829622996745054), np.float64(-0.19879416323533644), np.float64(0.8509629433967631), np.float64(-0.07743912457492572), np.float64(-0.4063242557331062), np.float64(-0.42012577077709085), np.float64(0.5645435858473489), np.float64(2.1721038335845857), np.float64(-0.17263457201852536), np.float64(-0.07059486069128425)]",0,2.038576063177234,1.5672150384196368
S1380,11.9,97.8,100.0,5.8,9.15,2.2,1,Bachelor,2.36,49.7,Fail,F,Medium Risk,1,0,3,2,7.75,3.22,0.2,11.64,-0.8550036608139823,1.3461444736755823,1.721981516529664,-0.8599981575419209,2.424109357090489,-0.7993807591124849,0.8509629433967631,-0.0774391245749257,0.2202329281968156,-0.1190995626622217,-0.5069797259094277,-0.5331727948960838,0.42180297869089,0.1737988212271071,"[np.float64(-0.8550036608139823), np.float64(1.3461444736755823), np.float64(1.7219815165296641), np.float64(-0.8599981575419209), np.float64(2.424109357090489), np.float64(-0.7993807591124849), np.float64(0.8509629433967631), np.float64(-0.07743912457492572), np.float64(0.2202329281968156), np.float64(-0.1190995626622217), np.float64(-0.5069797259094277), np.float64(-0.5331727948960838), np.float64(0.42180297869089006), np.float64(0.17379882122710713)]",0,-0.3581712028109046,-0.8911454522802356
S1381,11.6,100.0,78.6,8.4,4.2,2.66,1,High School,2.05,57.0,Pass,D,Medium Risk,0,1,2,2,6.24,4.78,0.0,11.6,-0.8863552058633556,1.5106508515345007,0.6132518494236783,0.928798010145275,0.5126557255118728,-0.1714947725136478,0.8509629433967631,-1.1837123327881494,0.0751253595259288,0.0702556327648734,-0.7782514504048142,-0.5381366052235713,-0.346012190975439,0.8109680633714834,"[np.float64(-0.8863552058633556), np.float64(1.5106508515345007), np.float64(0.6132518494236783), np.float64(0.928798010145275), np.float64(0.5126557255118728), np.float64(-0.17149477251364784), np.float64(0.8509629433967631), np.float64(-1.1837123327881494), np.float64(0.07512535952592882), np.float64(0.0702556327648734), np.float64(-0.7782514504048142), np.float64(-0.5381366052235713), np.float64(-0.34601219097543906), np.float64(0.8109680633714834)]",0,-0.12585170262095846,-1.4266872747335813
S1382,14.0,72.0,55.2,9.4,1.5,1.56,1,High School,1.7,38.6,Fail,F,High Risk,0,0,3,0,3.68,4.48,0.42,10.08,-0.6355428454683697,-0.5830666848517307,-0.5990974127389411,1.6167965361788117,-0.5299553462582814,-1.672961262206519,0.8509629433967631,-1.1837123327881494,-0.1708848231214024,0.0338411721058166,-0.2085808289645026,-0.7267613976680951,-1.2129002857600035,-0.7950475606636573,"[np.float64(-0.6355428454683697), np.float64(-0.5830666848517307), np.float64(-0.5990974127389411), np.float64(1.6167965361788117), np.float64(-0.5299553462582814), np.float64(-1.672961262206519), np.float64(0.8509629433967631), np.float64(-1.1837123327881494), np.float64(-0.17088482312140246), np.float64(0.03384117210581668), np.float64(-0.20858082896450264), np.float64(-0.7267613976680951), np.float64(-1.2129002857600037), np.float64(-0.7950475606636573)]",0,-1.138427126541048,0.40628019773125335
S1383,0.0,72.7,100.0,5.1,2.7,2.41,1,High School,1.96,48.8,Fail,F,Medium Risk,0,0,3,2,100.0,51.0,0.74,0.0,-2.0986149477724543,-0.5307237464420748,1.721981516529664,-1.3415971257653967,-0.0665726476937684,-0.5127371565347549,0.8509629433967631,-1.1837123327881494,9.085248298984435,5.680510204970217,0.2254539302281157,-1.977641600194937,-0.5689262724914698,0.0952437091819095,"[np.float64(-2.0986149477724543), np.float64(-0.5307237464420748), np.float64(1.7219815165296641), np.float64(-1.3415971257653967), np.float64(-0.0665726476937684), np.float64(-0.5127371565347549), np.float64(0.8509629433967631), np.float64(-1.1837123327881494), np.float64(9.085248298984437), np.float64(5.680510204970217), np.float64(0.22545393022811577), np.float64(-1.977641600194937), np.float64(-0.5689262724914698), np.float64(0.09524370918190952)]",1,-7.398652545986239,-5.778770522384262
S1384,14.7,95.7,52.9,6.1,3.2,2.57,0,Bachelor,2.18,34.1,Fail,F,High Risk,1,0,3,0,3.37,2.77,0.14,14.07,-0.5623892403531655,1.1891156584466154,-0.7182599470540707,-0.65359859973186,0.126503476708112,-0.2943420307612468,-1.1751393027860062,-0.0774391245749257,-0.2006751186763527,-0.1737212536508068,-0.5883612432580437,-0.2316213175012201,-0.0240251843411712,-1.1878231208896428,"[np.float64(-0.5623892403531655), np.float64(1.1891156584466154), np.float64(-0.7182599470540707), np.float64(-0.65359859973186), np.float64(0.126503476708112), np.float64(-0.2943420307612468), np.float64(-1.1751393027860062), np.float64(-0.07743912457492572), np.float64(-0.20067511867635277), np.float64(-0.17372125365080685), np.float64(-0.5883612432580437), np.float64(-0.23162131750122014), np.float64(-0.024025184341171235), np.float64(-1.1878231208896428)]",0,-0.5664272719371715,-0.0993556413909348
S1385,12.4,90.2,79.8,7.0,0.2,2.6,1,High School,1.92,62.5,Pass,D,Low Risk,0,1,2,1,5.96,3.74,0.02,11.18,-0.8027510857316935,0.7778497137993199,0.6754236064576589,-0.0343999263016767,-1.0319532697031704,-0.2533929446787136,0.8509629433967631,-1.1837123327881494,0.0482179957988769,-0.0559811641865233,-0.7511242779552756,-0.5902566136621897,-0.6679991976097058,1.291027081425466,"[np.float64(-0.8027510857316935), np.float64(0.7778497137993199), np.float64(0.6754236064576589), np.float64(-0.034399926301676716), np.float64(-1.0319532697031704), np.float64(-0.2533929446787136), np.float64(0.8509629433967631), np.float64(-1.1837123327881494), np.float64(0.04821799579887693), np.float64(-0.05598116418652333), np.float64(-0.7511242779552756), np.float64(-0.5902566136621897), np.float64(-0.6679991976097058), np.float64(1.2910270814254659)]",0,-0.05239232778646392,-1.5374665997187886
S1386,21.5,100.0,71.0,7.4,2.4,2.61,1,High School,2.79,55.0,Pass,D,Medium Risk,0,1,2,2,3.16,2.33,0.0,21.5,0.1482457807659613,1.5106508515345007,0.2194973882084686,0.2407994841117382,-0.1824183223348967,-0.2397432493178696,0.8509629433967631,-1.1837123327881494,-0.2208556414716416,-0.22712912928409,-0.7782514504048142,0.690406450829577,1.4868369237119274,0.6364011477154898,"[np.float64(0.14824578076596134), np.float64(1.5106508515345007), np.float64(0.21949738820846867), np.float64(0.2407994841117382), np.float64(-0.18241832233489674), np.float64(-0.2397432493178696), np.float64(0.8509629433967631), np.float64(-1.1837123327881494), np.float64(-0.22085564147164163), np.float64(-0.22712912928409007), np.float64(-0.7782514504048142), np.float64(0.690406450829577), np.float64(1.4868369237119274), np.float64(0.6364011477154898)]",0,1.6989612866643906,-1.5101349902218146
S1387,23.4,88.8,91.0,5.8,3.7,2.75,1,Bachelor,2.67,51.8,Pass,D,Medium Risk,1,1,2,2,3.73,1.68,0.41,20.78,0.3468055660786583,0.6731638369800079,1.2556933387748104,-0.8599981575419209,0.3195796011099924,-0.0486475142660494,0.8509629433967631,-0.0774391245749257,-0.1660799367415718,-0.306027127378713,-0.2221444151892719,0.6010578649348027,1.1896181483572192,0.3570940826658998,"[np.float64(0.34680556607865837), np.float64(0.6731638369800079), np.float64(1.2556933387748104), np.float64(-0.8599981575419209), np.float64(0.3195796011099924), np.float64(-0.048647514266049484), np.float64(0.8509629433967631), np.float64(-0.07743912457492572), np.float64(-0.16607993674157182), np.float64(-0.30602712737871307), np.float64(-0.22214441518927197), np.float64(0.6010578649348027), np.float64(1.1896181483572192), np.float64(0.35709408266589987)]",0,1.2753153335617684,-0.7808339543378299
S1388,38.8,74.6,96.2,7.6,0.5,3.18,1,Master,2.64,65.2,Pass,C,Low Risk,2,1,1,1,2.42,1.35,0.13,28.94,1.9561848786131515,-0.3886500564730097,1.5251042859220594,0.3783991893184451,-0.9161075950620422,0.5382893862502549,0.8509629433967631,1.028834083638298,-0.2919679598931358,-0.3460830341036754,-0.601924829482813,1.6136751717422462,1.1153134545185428,1.5266924175610574,"[np.float64(1.9561848786131513), np.float64(-0.3886500564730097), np.float64(1.5251042859220594), np.float64(0.3783991893184451), np.float64(-0.9161075950620422), np.float64(0.5382893862502549), np.float64(0.8509629433967631), np.float64(1.0288340836382979), np.float64(-0.29196795989313584), np.float64(-0.34608303410367547), np.float64(-0.601924829482813), np.float64(1.6136751717422462), np.float64(1.1153134545185428), np.float64(1.5266924175610574)]",0,3.0288737188915964,-0.9856934984968997
S1389,29.5,88.9,65.6,6.3,4.6,3.5,0,High School,2.04,60.0,Pass,D,Medium Risk,0,1,2,2,2.15,1.46,0.51,26.23,0.984286982082581,0.6806413996099594,-0.0602755184444438,-0.5159988945251526,0.6671166250333769,0.9750796377972718,-1.1751393027860062,-1.1837123327881494,-0.3179143463442216,-0.3327310651953546,-0.0865085529415786,1.27737702205497,-0.3707804222549976,1.0728184368554738,"[np.float64(0.984286982082581), np.float64(0.6806413996099594), np.float64(-0.06027551844444388), np.float64(-0.5159988945251526), np.float64(0.6671166250333769), np.float64(0.9750796377972718), np.float64(-1.1751393027860062), np.float64(-1.1837123327881494), np.float64(-0.3179143463442216), np.float64(-0.33273106519535467), np.float64(-0.08650855294157868), np.float64(1.27737702205497), np.float64(-0.3707804222549976), np.float64(1.0728184368554738)]",0,1.5892430106716238,0.19654432655788173
S1390,14.2,96.6,49.9,7.0,2.6,2.28,1,Bachelor,2.03,39.5,Fail,F,High Risk,1,0,3,0,3.28,3.29,0.09,13.72,-0.6146418154354543,1.2564137221161722,-0.873689339639022,-0.0343999263016767,-0.1051878725741445,-0.6901831962257311,0.8509629433967631,-0.0774391245749257,-0.209323914160048,-0.1106028551751084,-0.6561791743818904,-0.2750546578667354,-0.3955486535345571,-0.7164924486184604,"[np.float64(-0.6146418154354543), np.float64(1.2564137221161722), np.float64(-0.873689339639022), np.float64(-0.034399926301676716), np.float64(-0.10518787257414451), np.float64(-0.6901831962257311), np.float64(0.8509629433967631), np.float64(-0.07743912457492572), np.float64(-0.20932391416004803), np.float64(-0.11060285517510847), np.float64(-0.6561791743818904), np.float64(-0.27505465786673544), np.float64(-0.39554865353455715), np.float64(-0.7164924486184604)]",0,-0.47558232581199605,-0.32080113609771715
S1391,11.0,92.3,74.2,7.8,9.1,1.84,1,Bachelor,1.93,37.9,Fail,F,High Risk,1,0,3,0,6.18,4.67,0.7,10.15,-0.949058295962102,0.9348785290282868,0.3852887402990835,0.5159988945251526,2.4048017446503,-1.2907697921028791,0.8509629433967631,-0.0774391245749257,0.0693594958701319,0.0569036638565525,0.1711995853290384,-0.718074729594992,-0.6432309663301469,-0.8561459811432554,"[np.float64(-0.949058295962102), np.float64(0.9348785290282868), np.float64(0.3852887402990835), np.float64(0.5159988945251526), np.float64(2.4048017446503), np.float64(-1.2907697921028791), np.float64(0.8509629433967631), np.float64(-0.07743912457492572), np.float64(0.06935949587013193), np.float64(0.05690366385655256), np.float64(0.17119958532903842), np.float64(-0.718074729594992), np.float64(-0.6432309663301469), np.float64(-0.8561459811432554)]",0,-1.3400126135577097,0.4173113556085318
S1392,24.9,87.6,51.4,7.0,0.1,1.97,0,Master,2.25,48.9,Fail,F,Medium Risk,2,0,3,2,1.98,1.91,0.01,21.81,0.5035632913255246,0.5834330854205978,-0.7959746433465463,-0.0343999263016767,-1.0705684945835463,-1.1133237524119035,-1.1751393027860062,1.028834083638298,-0.3342509600356459,-0.2781093742067695,-0.764687864180045,0.7288759808676047,0.1493524346157413,0.1039720549647093,"[np.float64(0.5035632913255246), np.float64(0.5834330854205978), np.float64(-0.7959746433465463), np.float64(-0.034399926301676716), np.float64(-1.0705684945835465), np.float64(-1.1133237524119037), np.float64(-1.1751393027860062), np.float64(1.0288340836382979), np.float64(-0.3342509600356459), np.float64(-0.2781093742067695), np.float64(-0.764687864180045), np.float64(0.7288759808676047), np.float64(0.14935243461574138), np.float64(0.10397205496470933)]",0,1.0343041118933867,-0.4518727015481812
S1393,6.8,96.0,100.0,6.3,0.9,2.41,1,PhD,2.23,43.4,Fail,F,Medium Risk,3,0,3,2,12.82,5.88,0.04,6.53,-1.3879799266533273,1.2115483463364676,1.721981516529664,-0.5159988945251526,-0.7616466955405379,-0.5127371565347549,0.8509629433967631,2.1351072918515213,0.7074484071116475,0.2037753218480814,-0.7239971055057369,-1.1672995642326076,0.0998159720566233,-0.376086963089273,"[np.float64(-1.3879799266533273), np.float64(1.2115483463364676), np.float64(1.7219815165296641), np.float64(-0.5159988945251526), np.float64(-0.7616466955405379), np.float64(-0.5127371565347549), np.float64(0.8509629433967631), np.float64(2.1351072918515213), np.float64(0.7074484071116475), np.float64(0.20377532184808145), np.float64(-0.7239971055057369), np.float64(-1.1672995642326076), np.float64(0.09981597205662333), np.float64(-0.37608696308927303)]",0,-1.3394749921542688,-2.027229184695634
S1394,38.3,97.5,67.7,6.8,2.8,2.52,1,High School,2.12,77.1,Pass,B,Low Risk,0,1,0,1,1.72,1.22,0.07,37.34,1.9039323035308624,1.32371178578573,0.0485250563650224,-0.1719996315083841,-0.0279574228133924,-0.3625905075654679,0.8509629433967631,-1.1837123327881494,-0.3592363692107655,-0.3618626337226001,-0.6833063468314289,2.6560753405146147,-0.1726345720185253,2.5653655657142185,"[np.float64(1.9039323035308624), np.float64(1.32371178578573), np.float64(0.04852505636502245), np.float64(-0.17199963150838418), np.float64(-0.02795742281339246), np.float64(-0.36259050756546796), np.float64(0.8509629433967631), np.float64(-1.1837123327881494), np.float64(-0.3592363692107655), np.float64(-0.3618626337226001), np.float64(-0.6833063468314289), np.float64(2.6560753405146147), np.float64(-0.17263457201852536), np.float64(2.5653655657142185)]",0,3.599223522404279,-0.9462770372372625
S1395,31.8,100.0,57.7,6.9,1.1,2.18,1,High School,2.41,53.5,Pass,D,Medium Risk,0,1,2,2,1.76,1.49,0.0,31.8,1.2246488274611094,1.5106508515345007,-0.4695729189181484,-0.1031997789050301,-0.6844162457797857,-0.8266801498341734,0.8509629433967631,-1.1837123327881494,-0.3553924601069009,-0.3290896191294489,-0.7782514504048142,1.9685876101576,0.5456441350886857,0.5054759609734947,"[np.float64(1.2246488274611094), np.float64(1.5106508515345007), np.float64(-0.4695729189181484), np.float64(-0.10319977890503014), np.float64(-0.6844162457797857), np.float64(-0.8266801498341734), np.float64(0.8509629433967631), np.float64(-1.1837123327881494), np.float64(-0.35539246010690095), np.float64(-0.32908961912944895), np.float64(-0.7782514504048142), np.float64(1.9685876101576), np.float64(0.5456441350886857), np.float64(0.5054759609734947)]",0,2.5075769476093948,-0.9038367677721191
S1396,15.3,89.7,68.7,6.4,3.8,1.76,1,Master,2.0,53.5,Pass,D,Medium Risk,2,1,2,2,4.21,2.8,0.39,13.72,-0.4996861502544188,0.7404619006495657,0.1003348538933395,-0.4471990419217985,0.3581948259903683,-1.3999673549896334,0.8509629433967631,1.028834083638298,-0.1199530274951971,-0.1700798075849011,-0.2492715876388105,-0.2750546578667354,-0.4698533473732336,0.5054759609734947,"[np.float64(-0.49968615025441887), np.float64(0.7404619006495657), np.float64(0.10033485389333953), np.float64(-0.4471990419217985), np.float64(0.35819482599036834), np.float64(-1.3999673549896334), np.float64(0.8509629433967631), np.float64(1.0288340836382979), np.float64(-0.11995302749519719), np.float64(-0.17007980758490118), np.float64(-0.24927158763881058), np.float64(-0.27505465786673544), np.float64(-0.46985334737323364), np.float64(0.5054759609734947)]",0,-0.18483407459786186,-0.35267289545454844
S1397,2.9,77.5,38.1,6.6,4.3,2.44,1,Bachelor,1.73,31.0,Fail,F,High Risk,1,0,3,0,9.77,12.83,0.97,2.25,-1.7955500122951795,-0.1718007402044353,-1.485044950473163,-0.3095993367150916,0.5512709503922487,-0.4717880704522223,0.8509629433967631,-0.0774391245749257,0.4143503379419754,1.047376993782896,0.5374164133978102,-1.698427269273767,-1.1385955919213266,-1.4584018401564331,"[np.float64(-1.7955500122951797), np.float64(-0.1718007402044353), np.float64(-1.4850449504731633), np.float64(-0.30959933671509166), np.float64(0.5512709503922487), np.float64(-0.4717880704522223), np.float64(0.8509629433967631), np.float64(-0.07743912457492572), np.float64(0.4143503379419754), np.float64(1.047376993782896), np.float64(0.5374164133978102), np.float64(-1.698427269273767), np.float64(-1.1385955919213266), np.float64(-1.4584018401564331)]",0,-3.310526886646549,0.7676964797215555
S1398,33.5,82.2,45.6,9.4,0.3,2.95,0,Bachelor,2.25,47.1,Fail,F,Medium Risk,1,0,3,2,1.32,1.92,0.05,27.54,1.4023075827408908,0.1796447034032537,-1.0964714690107853,1.6167965361788117,-0.9933380448227944,0.2243463929508364,-1.1751393027860062,-0.0774391245749257,-0.397675460249411,-0.2768955588514676,-0.7104335192809677,1.4399418102801846,0.1493524346157413,-0.0531381691256846,"[np.float64(1.4023075827408908), np.float64(0.17964470340325375), np.float64(-1.0964714690107853), np.float64(1.6167965361788117), np.float64(-0.9933380448227944), np.float64(0.22434639295083642), np.float64(-1.1751393027860062), np.float64(-0.07743912457492572), np.float64(-0.397675460249411), np.float64(-0.27689555885146766), np.float64(-0.7104335192809677), np.float64(1.4399418102801846), np.float64(0.14935243461574138), np.float64(-0.05313816912568464)]",0,1.843818819547955,0.005865792682847316
S1399,18.9,98.1,89.0,7.8,2.2,3.28,1,Bachelor,3.13,57.9,Pass,D,Medium Risk,1,1,2,2,4.47,2.79,0.04,18.54,-0.1234676096619402,1.3685771615654343,1.1520737437181765,0.5159988945251526,-0.2596487720956488,0.6747863398586973,0.8509629433967631,-0.0774391245749257,-0.0949676183200776,-0.171293622940203,-0.7239971055057369,0.3230844865955042,2.328956787216933,0.8895231754166805,"[np.float64(-0.12346760966194022), np.float64(1.3685771615654345), np.float64(1.1520737437181763), np.float64(0.5159988945251526), np.float64(-0.2596487720956488), np.float64(0.6747863398586973), np.float64(0.8509629433967631), np.float64(-0.07743912457492572), np.float64(-0.09496761832007762), np.float64(-0.17129362294020306), np.float64(-0.7239971055057369), np.float64(0.32308448659550426), np.float64(2.328956787216933), np.float64(0.8895231754166805)]",0,1.713508428604345,-2.0821799870158477
S1400,32.4,67.7,51.9,6.6,2.1,2.35,0,Bachelor,1.59,55.8,Pass,D,Medium Risk,1,1,2,2,1.55,1.4,0.68,21.93,1.2873519175598556,-0.904601877939616,-0.7700697445823877,-0.3095993367150916,-0.2982639969760249,-0.5946353286998207,-1.1751393027860062,-0.0774391245749257,-0.3755729829021899,-0.340013957327166,0.1440724128794999,0.7437674118500672,-1.4853508298351523,0.7062279139778871,"[np.float64(1.2873519175598556), np.float64(-0.9046018779396161), np.float64(-0.7700697445823877), np.float64(-0.30959933671509166), np.float64(-0.2982639969760249), np.float64(-0.5946353286998207), np.float64(-1.1751393027860062), np.float64(-0.07743912457492572), np.float64(-0.3755729829021899), np.float64(-0.340013957327166), np.float64(0.1440724128794999), np.float64(0.7437674118500672), np.float64(-1.4853508298351525), np.float64(0.7062279139778871)]",0,0.7621270375787887,1.2394394688530899
S1401,4.1,85.5,44.1,8.0,1.4,2.47,1,PhD,2.18,34.7,Fail,F,High Risk,3,0,3,0,8.65,11.67,0.2,3.51,-1.670143832097687,0.4264042701916308,-1.1741861653032608,0.65359859973186,-0.5685705711386575,-0.4308389843696891,0.8509629433967631,2.1351072918515213,0.306720883033768,0.9065744125678769,-0.5069797259094277,-1.5420672439579115,-0.0240251843411712,-1.1354530461928447,"[np.float64(-1.6701438320976867), np.float64(0.42640427019163085), np.float64(-1.1741861653032608), np.float64(0.65359859973186), np.float64(-0.5685705711386575), np.float64(-0.43083898436968915), np.float64(0.8509629433967631), np.float64(2.1351072918515213), np.float64(0.30672088303376804), np.float64(0.9065744125678767), np.float64(-0.5069797259094277), np.float64(-1.5420672439579117), np.float64(-0.024025184341171235), np.float64(-1.1354530461928447)]",0,-2.301072997309742,-0.6790471790755024
S1402,14.0,74.1,75.7,6.5,8.1,2.06,1,PhD,1.87,51.5,Pass,D,Medium Risk,3,1,2,2,5.05,3.1,2.1,10.37,-0.6355428454683697,-0.4260378696227638,0.4630034365915591,-0.3783991893184451,2.0186494958465397,-0.9904764941643048,0.8509629433967631,2.1351072918515213,-0.0392309363140416,-0.1336653469258444,2.0701016567967443,-0.690773772793811,-0.7918403540075004,0.3309090453175011,"[np.float64(-0.6355428454683697), np.float64(-0.4260378696227638), np.float64(0.4630034365915591), np.float64(-0.3783991893184451), np.float64(2.0186494958465393), np.float64(-0.9904764941643049), np.float64(0.8509629433967631), np.float64(2.1351072918515213), np.float64(-0.03923093631404163), np.float64(-0.13366534692584442), np.float64(2.0701016567967443), np.float64(-0.690773772793811), np.float64(-0.7918403540075004), np.float64(0.3309090453175011)]",0,-1.2459887821804385,1.7282408366715236
S1403,20.1,80.4,88.7,8.8,5.3,2.77,0,Master,2.67,62.0,Pass,D,Low Risk,2,1,2,1,4.2,2.96,1.04,16.16,0.001938570535553,0.0450485760641391,1.1365308044596814,1.20399742055869,0.9374231991960096,-0.0213481235443608,-1.1751393027860062,1.028834083638298,-0.1209140047711633,-0.1506587619000709,0.6323615169711956,0.02773777211,1.1896181483572192,1.247385352511467,"[np.float64(0.001938570535553035), np.float64(0.0450485760641391), np.float64(1.1365308044596814), np.float64(1.2039974205586899), np.float64(0.9374231991960095), np.float64(-0.021348123544360897), np.float64(-1.1751393027860062), np.float64(1.0288340836382979), np.float64(-0.1209140047711633), np.float64(-0.1506587619000709), np.float64(0.6323615169711956), np.float64(0.027737772110000045), np.float64(1.1896181483572192), np.float64(1.2473853525114673)]",0,0.9167465797159985,-0.337645038979345
S1404,20.5,99.2,79.4,7.6,3.6,2.12,0,High School,2.48,62.9,Pass,D,Low Risk,0,1,2,1,3.69,2.51,0.03,20.34,0.0437406306013838,1.4508303504948945,0.6546996874463326,0.3783991893184451,0.2809643762296163,-0.9085783219992392,-1.1751393027860062,-1.1837123327881494,-0.1699238458454363,-0.205280452888656,-0.7375606917305063,0.5464559513324404,0.7190217540455983,1.3259404645566644,"[np.float64(0.043740630601383876), np.float64(1.4508303504948943), np.float64(0.6546996874463326), np.float64(0.3783991893184451), np.float64(0.2809643762296163), np.float64(-0.9085783219992392), np.float64(-1.1751393027860062), np.float64(-1.1837123327881494), np.float64(-0.16992384584543635), np.float64(-0.20528045288865607), np.float64(-0.7375606917305063), np.float64(0.5464559513324404), np.float64(0.7190217540455983), np.float64(1.3259404645566644)]",0,1.4947903575034744,-1.496480049192891
S1405,15.5,82.9,84.9,6.8,3.8,3.26,1,Master,2.66,46.3,Fail,F,Medium Risk,2,0,3,2,5.15,2.94,0.65,12.85,-0.4787851202215034,0.2319876418129097,0.9396535738520764,-0.1719996315083841,0.3581948259903683,0.6474869491370087,0.8509629433967631,1.028834083638298,-0.0296211635543801,-0.1530863926106747,0.1033816542051918,-0.383017532489588,1.1648499170776607,-0.1229649353880824,"[np.float64(-0.47878512022150344), np.float64(0.23198764181290976), np.float64(0.9396535738520765), np.float64(-0.17199963150838418), np.float64(0.35819482599036834), np.float64(0.6474869491370087), np.float64(0.8509629433967631), np.float64(1.0288340836382979), np.float64(-0.029621163554380197), np.float64(-0.1530863926106747), np.float64(0.10338165420519188), np.float64(-0.383017532489588), np.float64(1.1648499170776607), np.float64(-0.12296493538808244)]",0,0.015713295948030843,-0.4492412614446228
S1406,26.2,80.7,49.9,7.7,1.9,1.37,0,High School,1.98,40.4,Fail,F,Medium Risk,0,0,3,2,1.83,2.0,0.37,21.14,0.6394199865394753,0.0674812639539913,-0.873689339639022,0.4471990419217991,-0.3754944467367771,-1.9323054740625605,-1.1751393027860062,-1.1837123327881494,-0.348665619175138,-0.2671850360090525,-0.2763987600883492,0.6457321578821899,-0.5193898099323517,-0.6379373365732633,"[np.float64(0.6394199865394753), np.float64(0.06748126395399137), np.float64(-0.873689339639022), np.float64(0.4471990419217991), np.float64(-0.3754944467367771), np.float64(-1.9323054740625605), np.float64(-1.1751393027860062), np.float64(-1.1837123327881494), np.float64(-0.348665619175138), np.float64(-0.2671850360090525), np.float64(-0.27639876008834924), np.float64(0.6457321578821899), np.float64(-0.5193898099323517), np.float64(-0.6379373365732633)]",0,0.5175429047119916,0.5064489003769823
S1407,9.3,59.6,36.6,4.6,7.6,2.51,1,High School,1.0949999999999995,20.4,Fail,F,High Risk,0,0,3,0,3.55,3.22,3.07,5.54,-1.1267170512418836,-1.5102844509656332,-1.562759646765639,-1.685596388782165,1.8255733714446591,-0.3762402029263126,0.8509629433967631,-1.1837123327881494,-0.1833775277089623,-0.1190995626622217,3.3857695205993688,-1.290153869837923,-2.711378278173324,-2.383606493133199,"[np.float64(-1.1267170512418836), np.float64(-1.5102844509656332), np.float64(-1.562759646765639), np.float64(-1.685596388782165), np.float64(1.8255733714446591), np.float64(-0.3762402029263126), np.float64(0.8509629433967631), np.float64(-1.1837123327881494), np.float64(-0.1833775277089623), np.float64(-0.1190995626622217), np.float64(3.3857695205993688), np.float64(-1.290153869837923), np.float64(-2.711378278173324), np.float64(-2.383606493133199)]",-1,-3.7246538502009825,4.552615365649497
S1408,18.6,91.2,95.0,5.3,3.6,3.04,0,Master,2.9,56.4,Pass,D,Medium Risk,2,1,2,2,4.85,1.92,0.32,16.96,-0.1548191547113131,0.8526253400988282,1.4629325288880788,-1.2039974205586892,0.2809643762296163,0.3471936511984347,-1.1751393027860062,1.028834083638298,-0.0584504818333644,-0.2768955588514676,-0.3442166912121959,0.1270139786597495,1.7592874677870762,0.7585979886746852,"[np.float64(-0.15481915471131316), np.float64(0.8526253400988282), np.float64(1.4629325288880788), np.float64(-1.2039974205586892), np.float64(0.2809643762296163), np.float64(0.34719365119843476), np.float64(-1.1751393027860062), np.float64(1.0288340836382979), np.float64(-0.0584504818333644), np.float64(-0.27689555885146766), np.float64(-0.3442166912121959), np.float64(0.1270139786597495), np.float64(1.7592874677870762), np.float64(0.7585979886746852)]",0,1.040086288601769,-1.2905796569199264
S1409,21.2,89.7,58.5,5.2,3.9,2.95,0,High School,2.17,51.0,Pass,D,Medium Risk,0,1,2,2,2.64,1.66,0.4,19.02,0.116894235716588,0.7404619006495657,-0.4281250808954949,-1.2727972731620427,0.3968100508707444,0.2243463929508364,-1.1751393027860062,-1.1837123327881494,-0.2708264598218808,-0.3084547580893168,-0.2357080014140412,0.3826502105253539,-0.0487934156207308,0.2872673164035027,"[np.float64(0.11689423571658802), np.float64(0.7404619006495657), np.float64(-0.4281250808954949), np.float64(-1.2727972731620427), np.float64(0.39681005087074445), np.float64(0.22434639295083642), np.float64(-1.1751393027860062), np.float64(-1.1837123327881494), np.float64(-0.2708264598218808), np.float64(-0.3084547580893168), np.float64(-0.23570800141404125), np.float64(0.3826502105253539), np.float64(-0.04879341562073081), np.float64(0.2872673164035027)]",0,0.5277209095244639,0.084395611108392
S1410,25.1,100.0,60.0,7.2,5.9,4.0,1,High School,2.61,34.3,Fail,F,High Risk,0,0,3,0,2.3,1.95,0.0,25.1,0.5244643213584403,1.5106508515345007,-0.3504103846030192,0.1031997789050307,1.169114548478266,1.6575644058394858,0.8509629433967631,-1.1837123327881494,-0.3034996872047295,-0.2732541127855619,-0.7782514504048142,1.1371493803034494,1.041008760679865,-1.170366429324044,"[np.float64(0.5244643213584403), np.float64(1.5106508515345007), np.float64(-0.35041038460301926), np.float64(0.10319977890503075), np.float64(1.1691145484782661), np.float64(1.6575644058394858), np.float64(0.8509629433967631), np.float64(-1.1837123327881494), np.float64(-0.30349968720472953), np.float64(-0.27325411278556194), np.float64(-0.7782514504048142), np.float64(1.1371493803034494), np.float64(1.041008760679865), np.float64(-1.1703664293240439)]",0,1.187214132001275,-0.12986938315181257
S1411,27.1,75.4,91.6,9.6,1.0,3.08,1,High School,3.01,61.1,Pass,D,Low Risk,0,1,2,1,3.26,2.42,0.25,20.43,0.7334746216875953,-0.3288295554334022,1.2867792172918004,1.7543962413855183,-0.7230314706601618,0.4017924326418119,0.8509629433967631,-1.1837123327881494,-0.2112458687119803,-0.216204791086373,-0.4391617947855811,0.5576245245692872,2.031738011862225,1.1688302404662705,"[np.float64(0.7334746216875953), np.float64(-0.32882955543340225), np.float64(1.2867792172918004), np.float64(1.7543962413855185), np.float64(-0.7230314706601618), np.float64(0.40179243264181197), np.float64(0.8509629433967631), np.float64(-1.1837123327881494), np.float64(-0.2112458687119803), np.float64(-0.21620479108637305), np.float64(-0.43916179478558115), np.float64(0.5576245245692872), np.float64(2.031738011862225), np.float64(1.1688302404662705)]",0,2.214582589367635,-1.3620030911247965
S1412,8.8,83.3,76.1,10.3,4.9,2.0,1,Master,1.79,47.4,Fail,F,Medium Risk,2,0,3,2,7.77,7.59,0.82,7.33,-1.1789696263241725,0.2618978923327124,0.4837273556028855,2.235995209608995,0.7829622996745054,-1.0723746663293707,0.8509629433967631,1.028834083638298,0.2221548827487478,0.4113377476047049,0.3339626200262703,-1.0680233576828584,-0.9899862042439724,-0.0269531317772858,"[np.float64(-1.1789696263241725), np.float64(0.26189789233271243), np.float64(0.48372735560288554), np.float64(2.235995209608995), np.float64(0.7829622996745054), np.float64(-1.0723746663293707), np.float64(0.8509629433967631), np.float64(1.0288340836382979), np.float64(0.22215488274874784), np.float64(0.41133774760470493), np.float64(0.3339626200262703), np.float64(-1.0680233576828584), np.float64(-0.9899862042439725), np.float64(-0.026953131777285852)]",0,-1.5207808487804504,-0.1803216522510421
S1413,4.7,83.7,74.1,8.0,0.7,2.72,0,Bachelor,2.23,42.0,Fail,F,Medium Risk,1,0,3,2,13.0,10.37,0.11,3.93,-1.60744074199894,0.2918081428525161,0.3801077605462513,0.65359859973186,-0.8388771453012902,-0.089596600348582,-1.1751393027860062,-0.0774391245749257,0.724745998079038,0.7487784163786307,-0.6290520019323518,-1.489947235519293,0.0998159720566233,-0.4982838040484684,"[np.float64(-1.60744074199894), np.float64(0.29180814285251616), np.float64(0.38010776054625134), np.float64(0.65359859973186), np.float64(-0.8388771453012902), np.float64(-0.08959660034858206), np.float64(-1.1751393027860062), np.float64(-0.07743912457492572), np.float64(0.724745998079038), np.float64(0.7487784163786307), np.float64(-0.6290520019323518), np.float64(-1.4899472355192933), np.float64(0.09981597205662333), np.float64(-0.4982838040484684)]",0,-1.9099982230857644,-1.5204086227823201
S1414,32.8,100.0,100.0,7.8,1.3,1.38,1,Bachelor,2.66,80.1,Pass,B,Low Risk,1,1,0,1,2.96,1.63,0.0,32.8,1.3291539776256864,1.5106508515345007,1.721981516529664,0.5159988945251526,-0.6071857960190336,-1.9186557787017164,0.8509629433967631,-0.0774391245749257,-0.2400751869909644,-0.3120962041552225,-0.7782514504048142,2.0926828683447862,1.1648499170776607,2.827215939198209,"[np.float64(1.3291539776256864), np.float64(1.5106508515345007), np.float64(1.7219815165296641), np.float64(0.5159988945251526), np.float64(-0.6071857960190336), np.float64(-1.9186557787017164), np.float64(0.8509629433967631), np.float64(-0.07743912457492572), np.float64(-0.24007518699096442), np.float64(-0.3120962041552225), np.float64(-0.7782514504048142), np.float64(2.0926828683447862), np.float64(1.1648499170776607), np.float64(2.827215939198209)]",0,3.744974583191736,-2.3985181165582534
S1415,23.3,78.6,52.1,4.3,1.2,2.74,1,High School,2.03,48.5,Fail,F,Medium Risk,0,0,3,2,2.14,1.25,0.26,18.31,0.3363550510622008,-0.0895475512749766,-0.7597077850767242,-1.891995946592226,-0.6458010208994097,-0.0622972096268934,0.8509629433967631,-1.1837123327881494,-0.3188753236201877,-0.3582211876566943,-0.4255982085608118,0.2945425772124512,-0.3955486535345571,0.0690586718335107,"[np.float64(0.33635505106220087), np.float64(-0.08954755127497663), np.float64(-0.7597077850767242), np.float64(-1.891995946592226), np.float64(-0.6458010208994097), np.float64(-0.06229720962689348), np.float64(0.8509629433967631), np.float64(-1.1837123327881494), np.float64(-0.3188753236201877), np.float64(-0.35822118765669436), np.float64(-0.4255982085608118), np.float64(0.29454257721245125), np.float64(-0.39554865353455715), np.float64(0.06905867183351073)]",0,0.39409117281128814,0.31239396331395036
S1416,12.5,84.2,83.6,6.2,9.15,2.13,1,Master,2.05,53.0,Pass,D,Medium Risk,2,1,2,2,6.19,3.29,1.45,10.52,-0.7923005707152359,0.3291959560022703,0.8723008370652636,-0.584798747128506,2.424109357090489,-0.8949286266383952,0.8509629433967631,1.028834083638298,0.0703204731460981,-0.1106028551751084,1.1884685521867375,-0.672159484065733,-0.346012190975439,0.4618342320594963,"[np.float64(-0.7923005707152359), np.float64(0.3291959560022703), np.float64(0.8723008370652636), np.float64(-0.584798747128506), np.float64(2.424109357090489), np.float64(-0.8949286266383952), np.float64(0.8509629433967631), np.float64(1.0288340836382979), np.float64(0.07032047314609814), np.float64(-0.11060285517510847), np.float64(1.1884685521867377), np.float64(-0.672159484065733), np.float64(-0.34601219097543906), np.float64(0.4618342320594963)]",0,-0.925658088088179,0.7720719698775167
S1417,35.5,89.1,66.1,5.8,5.8,3.53,1,Master,2.15,54.3,Pass,D,Medium Risk,2,1,2,2,1.81,1.12,0.63,31.63,1.611317883070046,0.6955965248698601,-0.0343706196802853,-0.8599981575419209,1.13049932359789,1.0160287238798045,0.8509629433967631,1.028834083638298,-0.3505875737270703,-0.374000787275619,0.0762544817556532,1.9474914162657784,-0.0983298781798488,0.5753027272358918,"[np.float64(1.6113178830700459), np.float64(0.6955965248698601), np.float64(-0.03437061968028533), np.float64(-0.8599981575419209), np.float64(1.13049932359789), np.float64(1.0160287238798043), np.float64(0.8509629433967631), np.float64(1.0288340836382979), np.float64(-0.3505875737270703), np.float64(-0.374000787275619), np.float64(0.0762544817556532), np.float64(1.9474914162657782), np.float64(-0.09832987817984885), np.float64(0.5753027272358918)]",0,2.020978540606604,0.6442365863074897
S1418,21.2,82.8,70.4,6.1,3.6,2.36,1,Bachelor,1.97,56.7,Pass,D,Medium Risk,1,1,2,2,3.17,1.95,0.62,17.55,0.116894235716588,0.2245100791829583,0.1884115096914787,-0.65359859973186,0.2809643762296163,-0.5809856333389767,0.8509629433967631,-0.0774391245749257,-0.2198946641956755,-0.2732541127855619,0.0626908955308838,0.2002301809901896,-0.5441580412119107,0.7847830260230847,"[np.float64(0.11689423571658802), np.float64(0.2245100791829583), np.float64(0.1884115096914787), np.float64(-0.65359859973186), np.float64(0.2809643762296163), np.float64(-0.5809856333389767), np.float64(0.8509629433967631), np.float64(-0.07743912457492572), np.float64(-0.21989466419567552), np.float64(-0.27325411278556194), np.float64(0.06269089553088388), np.float64(0.20023018099018963), np.float64(-0.5441580412119107), np.float64(0.7847830260230847)]",0,0.40771036440765224,0.10156249918048646
S1419,31.8,73.3,95.6,6.7,3.9,2.71,1,Bachelor,2.98,73.2,Pass,C,Low Risk,1,1,1,1,2.91,1.44,1.04,23.31,1.2246488274611094,-0.4858583706623702,1.4940184074050686,-0.2407994841117376,0.3968100508707444,-0.1032462957094266,0.8509629433967631,-0.0774391245749257,-0.2448800733707951,-0.3351586959059584,0.6323615169711956,0.9150188681483848,1.9574333180235484,2.224960080185032,"[np.float64(1.2246488274611094), np.float64(-0.4858583706623702), np.float64(1.4940184074050686), np.float64(-0.2407994841117376), np.float64(0.39681005087074445), np.float64(-0.10324629570942667), np.float64(0.8509629433967631), np.float64(-0.07743912457492572), np.float64(-0.2448800733707951), np.float64(-0.3351586959059584), np.float64(0.6323615169711956), np.float64(0.9150188681483847), np.float64(1.9574333180235484), np.float64(2.2249600801850318)]",0,2.6019651397424384,-0.5086727180499259
S1420,20.7,82.9,75.2,6.3,2.5,2.29,0,High School,2.52,61.5,Pass,D,Low Risk,0,1,2,1,3.47,2.06,0.43,17.16,0.0646416606342993,0.2319876418129097,0.4370985378274006,-0.5159988945251526,-0.1438030974545206,-0.6765335008648865,-1.1751393027860062,-1.1837123327881494,-0.1910653459166913,-0.2599021438772411,-0.1950172427397333,0.1518330302971867,0.8180946791638345,1.203743623597469,"[np.float64(0.0646416606342993), np.float64(0.23198764181290976), np.float64(0.4370985378274006), np.float64(-0.5159988945251526), np.float64(-0.14380309745452063), np.float64(-0.6765335008648865), np.float64(-1.1751393027860062), np.float64(-1.1837123327881494), np.float64(-0.19106534591669136), np.float64(-0.25990214387724114), np.float64(-0.1950172427397333), np.float64(0.15183303029718676), np.float64(0.8180946791638345), np.float64(1.203743623597469)]",0,1.0539827552835248,-0.7263648046428341
S1421,40.6,96.1,75.8,4.0,8.8,4.0,1,PhD,2.78,50.6,Pass,D,Medium Risk,3,1,2,2,1.82,0.68,0.34,39.02,2.144294148909391,1.219025908966418,0.4681844163443905,-2.098395504402287,2.2889560700091724,1.6575644058394858,0.8509629433967631,2.1351072918515213,-0.3496265964511041,-0.4274086629089021,-0.3170895187626572,2.8645553742690884,1.462068692432368,0.2523539332723041,"[np.float64(2.144294148909391), np.float64(1.219025908966418), np.float64(0.46818441634439056), np.float64(-2.098395504402287), np.float64(2.2889560700091724), np.float64(1.6575644058394858), np.float64(0.8509629433967631), np.float64(2.1351072918515213), np.float64(-0.3496265964511041), np.float64(-0.42740866290890217), np.float64(-0.3170895187626572), np.float64(2.8645553742690884), np.float64(1.462068692432368), np.float64(0.2523539332723041)]",0,3.0700553451457138,0.3732812221579247
S1422,37.6,64.6,86.5,8.1,2.1,2.54,0,Bachelor,2.66,59.8,Pass,D,Medium Risk,1,1,2,2,2.24,1.48,0.74,24.29,1.8307786984156589,-1.1364063194680925,1.0225492498973836,0.7223984523352134,-0.2982639969760249,-0.3352911168437794,-1.1751393027860062,-0.0774391245749257,-0.3092655508605263,-0.3303034344847508,0.2254539302281157,1.0366322211718275,1.1648499170776607,1.0553617452898745,"[np.float64(1.8307786984156587), np.float64(-1.1364063194680925), np.float64(1.0225492498973836), np.float64(0.7223984523352134), np.float64(-0.2982639969760249), np.float64(-0.3352911168437794), np.float64(-1.1751393027860062), np.float64(-0.07743912457492572), np.float64(-0.3092655508605263), np.float64(-0.33030343448475086), np.float64(0.22545393022811577), np.float64(1.0366322211718277), np.float64(1.1648499170776607), np.float64(1.0553617452898743)]",0,2.30336712710158,0.07635848444541812
S1423,17.5,82.0,57.7,5.4,1.4,4.0,1,PhD,2.1,41.8,Fail,F,Medium Risk,3,0,3,2,3.12,2.08,0.25,14.35,-0.2697748198923485,0.1646895781433519,-0.4695729189181484,-1.1351975679553352,-0.5685705711386575,1.6575644058394858,0.8509629433967631,2.1351072918515213,-0.2246995505755062,-0.2574745131666374,-0.4391617947855811,-0.1968746452088079,-0.2221710345776434,-0.515740495614068,"[np.float64(-0.2697748198923485), np.float64(0.1646895781433519), np.float64(-0.4695729189181484), np.float64(-1.1351975679553352), np.float64(-0.5685705711386575), np.float64(1.6575644058394858), np.float64(0.8509629433967631), np.float64(2.1351072918515213), np.float64(-0.2246995505755062), np.float64(-0.2574745131666374), np.float64(-0.43916179478558115), np.float64(-0.19687464520880793), np.float64(-0.22217103457764342), np.float64(-0.515740495614068)]",0,-0.3877094379978657,0.17918550578463643
S1424,29.7,69.5,48.2,7.4,0.5,3.45,0,Bachelor,2.67,53.0,Pass,D,Medium Risk,1,1,2,2,1.57,1.7,0.15,20.64,1.0051880121154966,-0.7700057506005015,-0.9617659954371608,0.2407994841117382,-0.9161075950620422,0.9068311609930506,-1.1751393027860062,-0.0774391245749257,-0.3736510283502575,-0.3035994966681092,-0.5747976570332743,0.5836845287885964,1.1896181483572192,0.4618342320594963,"[np.float64(1.0051880121154966), np.float64(-0.7700057506005015), np.float64(-0.9617659954371608), np.float64(0.2407994841117382), np.float64(-0.9161075950620422), np.float64(0.9068311609930506), np.float64(-1.1751393027860062), np.float64(-0.07743912457492572), np.float64(-0.37365102835025754), np.float64(-0.3035994966681092), np.float64(-0.5747976570332743), np.float64(0.5836845287885964), np.float64(1.1896181483572192), np.float64(0.4618342320594963)]",0,1.5382945206017462,0.04974119304864776
S1425,26.5,97.9,44.1,10.1,4.6,3.19,1,Master,2.4,56.9,Pass,D,Medium Risk,2,1,2,2,1.6,2.6,0.1,25.94,0.6707715315888486,1.3536220363055338,-1.1741861653032608,2.098395504402287,0.6671166250333769,0.551939081611099,0.8509629433967631,1.028834083638298,-0.3707680965223591,-0.194356114690939,-0.642615588157121,1.2413893971806862,0.5208759038091262,0.8022397175886836,"[np.float64(0.6707715315888486), np.float64(1.3536220363055338), np.float64(-1.1741861653032608), np.float64(2.098395504402287), np.float64(0.6671166250333769), np.float64(0.551939081611099), np.float64(0.8509629433967631), np.float64(1.0288340836382979), np.float64(-0.37076809652235915), np.float64(-0.194356114690939), np.float64(-0.642615588157121), np.float64(1.2413893971806862), np.float64(0.5208759038091262), np.float64(0.8022397175886836)]",0,1.8471827252991808,-0.39801070081664003
S1426,33.7,57.2,25.7,5.6,4.0,3.09,1,Master,1.96,32.8,Fail,F,High Risk,2,0,3,0,0.74,1.14,1.71,19.28,1.4232086127738066,-1.6897459540844528,-2.127486439824295,-0.9975978627486284,0.4354252757511205,0.4154421280026559,0.8509629433967631,1.028834083638298,-0.453412142255447,-0.3715731565650152,1.5411217940307402,0.4149149776540227,-0.5689262724914698,-1.301291616066039,"[np.float64(1.4232086127738066), np.float64(-1.6897459540844528), np.float64(-2.127486439824295), np.float64(-0.9975978627486284), np.float64(0.43542527575112056), np.float64(0.41544212800265595), np.float64(0.8509629433967631), np.float64(1.0288340836382979), np.float64(-0.453412142255447), np.float64(-0.3715731565650152), np.float64(1.5411217940307402), np.float64(0.4149149776540227), np.float64(-0.5689262724914698), np.float64(-1.301291616066039)]",0,-0.1757782578052267,3.2858012392242024
S1427,10.4,71.6,100.0,3.2124999999999986,1.5,3.12,0,Bachelor,2.47,47.6,Fail,F,Medium Risk,1,0,3,2,8.77,2.03,0.43,7.45,-1.0117613860608483,-0.6129769353715345,1.721981516529664,-2.640194343653698,-0.5299553462582814,0.4563912140851891,-1.1751393027860062,-0.0774391245749257,0.3182526103453616,-0.2635435899431468,-0.1950172427397333,-1.0531319267003962,0.6942535227660399,-0.0094964402116862,"[np.float64(-1.0117613860608485), np.float64(-0.6129769353715345), np.float64(1.7219815165296641), np.float64(-2.640194343653698), np.float64(-0.5299553462582814), np.float64(0.4563912140851891), np.float64(-1.1751393027860062), np.float64(-0.07743912457492572), np.float64(0.3182526103453616), np.float64(-0.26354358994314686), np.float64(-0.1950172427397333), np.float64(-1.0531319267003962), np.float64(0.6942535227660399), np.float64(-0.009496440211686245)]",0,-0.9019079437013452,-0.7200247170882672
S1428,26.9,85.7,42.9,6.6,0.1,1.26,0,PhD,1.85,32.8,Fail,F,High Risk,3,0,3,0,1.54,1.67,0.01,23.05,0.7125735916546795,0.4413593954515327,-1.2363579223372416,-0.3095993367150916,-1.0705684945835463,-2.082452123031848,-1.1751393027860062,2.1351072918515213,-0.376533960178156,-0.3072409427340149,-0.764687864180045,0.8827541010197164,-0.8413768165666184,-1.301291616066039,"[np.float64(0.7125735916546795), np.float64(0.4413593954515327), np.float64(-1.2363579223372416), np.float64(-0.30959933671509166), np.float64(-1.0705684945835465), np.float64(-2.082452123031848), np.float64(-1.1751393027860062), np.float64(2.1351072918515213), np.float64(-0.376533960178156), np.float64(-0.3072409427340149), np.float64(-0.764687864180045), np.float64(0.8827541010197164), np.float64(-0.8413768165666184), np.float64(-1.301291616066039)]",0,0.28975908272347495,0.425410816706278
S1429,30.6,100.0,60.6,8.7,5.5,2.58,0,Bachelor,3.04,68.1,Pass,C,Low Risk,1,1,1,1,1.92,1.95,0.0,30.6,1.0992426472636163,1.5106508515345007,-0.3193245060860289,1.1351975679553352,1.0146536489567617,-0.2806923354004022,-1.1751393027860062,-0.0774391245749257,-0.3400168236914427,-0.2732541127855619,-0.7782514504048142,1.819673300332976,2.1060427057009026,1.7798144452622473,"[np.float64(1.0992426472636163), np.float64(1.5106508515345007), np.float64(-0.31932450608602897), np.float64(1.1351975679553352), np.float64(1.0146536489567617), np.float64(-0.2806923354004022), np.float64(-1.1751393027860062), np.float64(-0.07743912457492572), np.float64(-0.34001682369144276), np.float64(-0.27325411278556194), np.float64(-0.7782514504048142), np.float64(1.8196733003329761), np.float64(2.1060427057009026), np.float64(1.7798144452622473)]",0,3.234171298915406,-1.2261636016482793
S1430,2.4,79.0,59.5,9.9,0.0,3.48,1,High School,1.53,36.2,Fail,F,High Risk,0,0,3,0,17.5,22.35,0.0,1.9,-1.8478025873774684,-0.0596373007551729,-0.3763152833671778,1.96079579919558,-1.1091837194639227,0.9477802470755832,0.8509629433967631,-1.1837123327881494,1.1571857722638,2.202929212030297,-0.7782514504048142,-1.741860609639282,-1.6339602175125068,-1.0045278594508495,"[np.float64(-1.8478025873774684), np.float64(-0.0596373007551729), np.float64(-0.3763152833671778), np.float64(1.96079579919558), np.float64(-1.1091837194639227), np.float64(0.9477802470755832), np.float64(0.8509629433967631), np.float64(-1.1837123327881494), np.float64(1.1571857722638), np.float64(2.2029292120302975), np.float64(-0.7782514504048142), np.float64(-1.7418606096392821), np.float64(-1.6339602175125068), np.float64(-1.0045278594508495)]",0,-3.468352173409119,-1.5221371612450303
S1431,8.2,71.7,71.1,5.2,3.6,2.76,1,Bachelor,2.34,39.3,Fail,F,High Risk,1,0,3,0,7.73,4.09,1.02,5.88,-1.241672716422919,-0.605499372741583,0.2246783679613,-1.2727972731620427,0.2809643762296163,-0.0349978189052054,0.8509629433967631,-0.0774391245749257,0.2183109736448833,-0.0134976267509571,0.6052343445216569,-1.2479614820542793,0.372266516131772,-0.73394914018406,"[np.float64(-1.241672716422919), np.float64(-0.605499372741583), np.float64(0.22467836796130009), np.float64(-1.2727972731620427), np.float64(0.2809643762296163), np.float64(-0.034997818905205494), np.float64(0.8509629433967631), np.float64(-0.07743912457492572), np.float64(0.21831097364488336), np.float64(-0.013497626750957165), np.float64(0.6052343445216569), np.float64(-1.2479614820542793), np.float64(0.37226651613177203), np.float64(-0.73394914018406)]",0,-1.6263024212569341,0.41472018038155267
S1432,0.0,100.0,81.3,7.7,9.15,1.68,0,Master,1.82,37.3,Fail,F,High Risk,2,0,3,0,81.3,77.0,0.0,0.0,-2.0986149477724543,1.5106508515345007,0.7531383027501345,0.4471990419217991,2.424109357090489,-1.509164917876388,-1.1751393027860062,1.028834083638298,7.288220792927759,8.836430128755135,-0.7782514504048142,-1.977641600194937,-0.9156815104052956,-0.9085160558400536,"[np.float64(-2.0986149477724543), np.float64(1.5106508515345007), np.float64(0.7531383027501345), np.float64(0.4471990419217991), np.float64(2.424109357090489), np.float64(-1.509164917876388), np.float64(-1.1751393027860062), np.float64(1.0288340836382979), np.float64(7.288220792927759), np.float64(8.836430128755135), np.float64(-0.7782514504048142), np.float64(-1.977641600194937), np.float64(-0.9156815104052956), np.float64(-0.9085160558400536)]",1,-8.213547121896465,-6.19478663532584
S1433,17.3,58.3,82.2,6.3,1.7,2.76,1,Bachelor,1.98,55.6,Pass,D,Medium Risk,1,1,2,2,4.49,2.45,0.71,10.09,-0.2906758499252639,-1.6074927651549942,0.7997671205256202,-0.5159988945251526,-0.4527248964975293,-0.0349978189052054,0.8509629433967631,-0.0774391245749257,-0.0930456637681453,-0.2125633450204673,0.1847631715538077,-0.7255204450862233,-0.5193898099323517,0.688771222412288,"[np.float64(-0.29067584992526396), np.float64(-1.6074927651549942), np.float64(0.7997671205256202), np.float64(-0.5159988945251526), np.float64(-0.4527248964975293), np.float64(-0.034997818905205494), np.float64(0.8509629433967631), np.float64(-0.07743912457492572), np.float64(-0.09304566376814531), np.float64(-0.21256334502046736), np.float64(0.18476317155380775), np.float64(-0.7255204450862233), np.float64(-0.5193898099323517), np.float64(0.688771222412288)]",0,-0.47285559998526705,0.36215887212460457
S1434,27.2,47.0,53.3,6.8,0.8,4.0,0,High School,1.49,21.0,Fail,F,High Risk,0,0,3,0,1.89,1.71,0.42,12.78,0.7439251367040528,-2.4524573423394376,-0.6975360280427438,-0.1719996315083841,-0.8002619204209138,1.6575644058394858,-1.1751393027860062,-1.1837123327881494,-0.3428997555193412,-0.3023856813128073,-0.2085808289645026,-0.391704200562691,-1.7330331426307428,-2.331236418436401,"[np.float64(0.7439251367040528), np.float64(-2.4524573423394376), np.float64(-0.6975360280427438), np.float64(-0.17199963150838418), np.float64(-0.8002619204209138), np.float64(1.6575644058394858), np.float64(-1.1751393027860062), np.float64(-1.1837123327881494), np.float64(-0.3428997555193412), np.float64(-0.30238568131280735), np.float64(-0.20858082896450264), np.float64(-0.39170420056269106), np.float64(-1.7330331426307428), np.float64(-2.331236418436401)]",0,-1.3020233509968564,2.310879907783345
S1435,35.0,86.6,61.7,10.9125,3.7,3.8,1,Bachelor,2.62,59.7,Pass,D,Medium Risk,1,1,2,2,1.71,2.14,0.5,30.31,1.5590653079877572,0.5086574591210895,-0.2623337288048801,2.6573943068045365,0.3195796011099924,1.3845704986226,0.8509629433967631,-0.0774391245749257,-0.3601973464867316,-0.250191621034826,-0.100072139166348,1.7836856754586916,1.0657769919594249,1.0466333995070751,"[np.float64(1.5590653079877572), np.float64(0.5086574591210895), np.float64(-0.2623337288048801), np.float64(2.6573943068045365), np.float64(0.3195796011099924), np.float64(1.3845704986226), np.float64(0.8509629433967631), np.float64(-0.07743912457492572), np.float64(-0.36019734648673163), np.float64(-0.250191621034826), np.float64(-0.10007213916634802), np.float64(1.7836856754586916), np.float64(1.0657769919594247), np.float64(1.0466333995070751)]",0,2.7970673206383148,-0.23448337213696185
S1436,20.7,72.5,70.7,4.7,5.1,2.75,1,Bachelor,1.76,43.9,Fail,F,Medium Risk,1,0,3,2,3.26,1.54,1.4,15.01,0.0646416606342993,-0.5456788717019766,0.2039544489499737,-1.616796536178811,0.8601927494352573,-0.0486475142660494,0.8509629433967631,-0.0774391245749257,-0.2112458687119803,-0.3230205423529395,1.120650621062891,-0.1149717748052647,-1.0642908980826498,-0.3324452341752746,"[np.float64(0.0646416606342993), np.float64(-0.5456788717019766), np.float64(0.2039544489499737), np.float64(-1.616796536178811), np.float64(0.8601927494352573), np.float64(-0.048647514266049484), np.float64(0.8509629433967631), np.float64(-0.07743912457492572), np.float64(-0.2112458687119803), np.float64(-0.32302054235293953), np.float64(1.120650621062891), np.float64(-0.1149717748052647), np.float64(-1.0642908980826498), np.float64(-0.3324452341752746)]",0,-0.6809393733935925,1.6031841862557017
S1437,36.3,64.7,60.0,7.4,2.4,3.56,0,Bachelor,2.24,50.1,Pass,D,Medium Risk,1,1,2,2,1.61,1.4,0.85,23.49,1.6949220032017076,-1.128928756838141,-0.3504103846030192,0.2407994841117382,-0.1824183223348967,1.0569778099623377,-1.1751393027860062,-0.0774391245749257,-0.369807119246393,-0.340013957327166,0.3746533787005783,0.9373560146220784,0.1245842033361829,0.2087122043583057,"[np.float64(1.6949220032017076), np.float64(-1.128928756838141), np.float64(-0.35041038460301926), np.float64(0.2407994841117382), np.float64(-0.18241832233489674), np.float64(1.0569778099623375), np.float64(-1.1751393027860062), np.float64(-0.07743912457492572), np.float64(-0.369807119246393), np.float64(-0.340013957327166), np.float64(0.37465337870057835), np.float64(0.9373560146220783), np.float64(0.1245842033361829), np.float64(0.20871220435830573)]",0,1.4042878536380519,1.1727482931878723
S1438,6.2,90.6,97.1,7.7,9.15,2.51,1,Bachelor,2.14,59.4,Pass,D,Medium Risk,1,1,2,2,13.49,7.81,0.86,5.62,-1.450683016752074,0.8077599643191226,1.5717331036975444,0.4471990419217991,2.424109357090489,-0.3762402029263126,0.8509629433967631,-0.0774391245749257,0.7718338846013787,0.4380416854213464,0.3882169649253477,-1.2802262491829477,-0.1230981094594073,1.0204483621586755,"[np.float64(-1.450683016752074), np.float64(0.8077599643191226), np.float64(1.5717331036975444), np.float64(0.4471990419217991), np.float64(2.424109357090489), np.float64(-0.3762402029263126), np.float64(0.8509629433967631), np.float64(-0.07743912457492572), np.float64(0.7718338846013787), np.float64(0.43804168542134647), np.float64(0.3882169649253477), np.float64(-1.2802262491829477), np.float64(-0.12309810945940733), np.float64(1.0204483621586755)]",0,-1.3731229452021991,-0.8477547394226355
S1439,3.0,83.7,74.8,8.6,0.2,1.44,0,Master,2.21,37.1,Fail,F,High Risk,2,0,3,0,18.7,16.27,0.03,2.51,-1.7850994972787215,0.2918081428525161,0.4163746188160734,1.0663977153519817,-1.0319532697031704,-1.8367576065366509,-1.1751393027860062,1.028834083638298,1.2725030453797364,1.4649294760067468,-0.7375606917305063,-1.6661625021450983,0.0502795094975052,-0.9259727474056524,"[np.float64(-1.7850994972787217), np.float64(0.29180814285251616), np.float64(0.41637461881607346), np.float64(1.0663977153519817), np.float64(-1.0319532697031704), np.float64(-1.8367576065366507), np.float64(-1.1751393027860062), np.float64(1.0288340836382979), np.float64(1.2725030453797364), np.float64(1.4649294760067468), np.float64(-0.7375606917305063), np.float64(-1.6661625021450983), np.float64(0.05027950949750529), np.float64(-0.9259727474056525)]",0,-2.671424211121192,-2.0759762063713016
S1440,19.4,71.5,79.7,7.1,2.1,2.06,0,High School,2.22,56.2,Pass,D,Medium Risk,0,1,2,2,3.91,2.47,0.6,13.87,-0.0712150345796514,-0.6204544980014849,0.6702426267048275,0.0343999263016767,-0.2982639969760249,-0.9904764941643048,-1.1751393027860062,-1.1837123327881494,-0.1487823457741813,-0.2101357143098635,0.0355637230813452,-0.2564403691386576,0.0750477407770648,0.7411412971090863,"[np.float64(-0.07121503457965149), np.float64(-0.6204544980014849), np.float64(0.6702426267048275), np.float64(0.034399926301676716), np.float64(-0.2982639969760249), np.float64(-0.9904764941643049), np.float64(-1.1751393027860062), np.float64(-1.1837123327881494), np.float64(-0.1487823457741813), np.float64(-0.21013571430986358), np.float64(0.0355637230813452), np.float64(-0.2564403691386576), np.float64(0.07504774077706486), np.float64(0.7411412971090863)]",0,0.2750107320341418,-0.18612324569678695
S1441,23.8,60.8,78.3,7.5,3.8,4.0,0,Bachelor,2.4,52.2,Pass,D,Medium Risk,1,1,2,2,3.16,2.14,1.49,14.47,0.3886076261444895,-1.4205536994062236,0.5977089101651832,0.3095993367150916,0.3581948259903683,1.6575644058394858,-1.1751393027860062,-0.0774391245749257,-0.2208556414716416,-0.250191621034826,1.242722897085815,-0.1819832142263454,0.5208759038091262,0.3920074657970991,"[np.float64(0.38860762614448957), np.float64(-1.4205536994062236), np.float64(0.5977089101651832), np.float64(0.30959933671509166), np.float64(0.35819482599036834), np.float64(1.6575644058394858), np.float64(-1.1751393027860062), np.float64(-0.07743912457492572), np.float64(-0.22085564147164163), np.float64(-0.250191621034826), np.float64(1.242722897085815), np.float64(-0.18198321422634542), np.float64(0.5208759038091262), np.float64(0.3920074657970991)]",0,0.24237794919132089,1.1511709206799348
S1442,19.7,93.1,88.5,6.4,6.0,2.58,0,High School,2.1,63.7,Pass,D,Low Risk,0,1,2,1,4.28,2.2,0.41,18.34,-0.0398634895302781,0.9946990300678932,1.1261688449540177,-0.4471990419217985,1.207729773358642,-0.2806923354004022,-1.1751393027860062,-1.1837123327881494,-0.1132261865634342,-0.2429087289030146,-0.2221444151892719,0.298265434958067,-0.2221710345776434,1.3957672308190625,"[np.float64(-0.03986348953027817), np.float64(0.9946990300678932), np.float64(1.1261688449540177), np.float64(-0.4471990419217985), np.float64(1.207729773358642), np.float64(-0.2806923354004022), np.float64(-1.1751393027860062), np.float64(-1.1837123327881494), np.float64(-0.1132261865634342), np.float64(-0.24290872890301465), np.float64(-0.22214441518927197), np.float64(0.298265434958067), np.float64(-0.22217103457764342), np.float64(1.3957672308190623)]",0,0.8042411832748273,-0.6511099308149741
S1443,0.0,89.8,68.6,7.4,0.6,2.61,1,High School,1.68,35.5,Fail,F,High Risk,0,0,3,0,68.6,74.0,0.06,0.0,-2.0986149477724543,0.7479394632795161,0.0951538741405073,0.2407994841117382,-0.8774923701816661,-0.2397432493178696,0.8509629433967631,-1.1837123327881494,6.067779652450764,8.472285522164567,-0.6968699330561983,-1.977641600194937,-1.262436748319122,-1.0656262799304477,"[np.float64(-2.0986149477724543), np.float64(0.7479394632795161), np.float64(0.09515387414050738), np.float64(0.2407994841117382), np.float64(-0.8774923701816661), np.float64(-0.2397432493178696), np.float64(0.8509629433967631), np.float64(-1.1837123327881494), np.float64(6.0677796524507635), np.float64(8.472285522164567), np.float64(-0.6968699330561983), np.float64(-1.977641600194937), np.float64(-1.262436748319122), np.float64(-1.0656262799304475)]",1,-7.631146220235021,-5.955115165362704
S1444,19.1,78.5,39.1,6.5,4.8,2.56,1,Master,2.43,33.0,Fail,F,High Risk,2,0,3,0,1.95,2.3,1.03,14.99,-0.1025665796290244,-0.097025113904927,-1.4332351529448464,-0.3783991893184451,0.7443470747941291,-0.3079917261220908,0.8509629433967631,1.028834083638298,-0.3371338918635443,-0.2307705753499958,0.6187979307464262,-0.1174536799690083,0.5951805976478038,-1.2838349245004397,"[np.float64(-0.10256657962902443), np.float64(-0.09702511390492703), np.float64(-1.4332351529448464), np.float64(-0.3783991893184451), np.float64(0.7443470747941291), np.float64(-0.3079917261220908), np.float64(0.8509629433967631), np.float64(1.0288340836382979), np.float64(-0.3371338918635443), np.float64(-0.2307705753499958), np.float64(0.6187979307464262), np.float64(-0.11745367996900838), np.float64(0.5951805976478038), np.float64(-1.2838349245004395)]",0,-0.4380372757554815,1.3830689981985804
S1445,7.0,100.0,73.0,7.9,2.4,4.0,1,PhD,2.13,56.1,Pass,D,Medium Risk,3,1,2,2,9.12,7.18,0.0,7.0,-1.367078896620412,1.5106508515345007,0.3231169832651028,0.5847987471285065,-0.1824183223348967,1.6575644058394858,0.8509629433967631,2.1351072918515213,0.3518868150041764,0.3615713180373273,-0.7782514504048142,-1.10897479288463,-0.1478663407389669,0.7324129513262865,"[np.float64(-1.367078896620412), np.float64(1.5106508515345007), np.float64(0.32311698326510285), np.float64(0.5847987471285065), np.float64(-0.18241832233489674), np.float64(1.6575644058394858), np.float64(0.8509629433967631), np.float64(2.1351072918515213), np.float64(0.3518868150041764), np.float64(0.36157131803732734), np.float64(-0.7782514504048142), np.float64(-1.10897479288463), np.float64(-0.1478663407389669), np.float64(0.7324129513262865)]",0,-0.933593524131322,-1.705785439174151
S1446,26.7,63.9,52.0,6.4,1.5,4.0,0,Bachelor,2.68,49.1,Fail,F,Medium Risk,1,0,3,2,1.88,1.64,0.54,17.06,0.691672561621764,-1.188749257877748,-0.7648887648295559,-0.4471990419217985,-0.5299553462582814,1.6575644058394858,-1.1751393027860062,-0.0774391245749257,-0.3438607327953073,-0.3108823887999206,-0.0458177942672706,0.1394235044784679,1.2143863796367789,0.1214287465303089,"[np.float64(0.691672561621764), np.float64(-1.1887492578777479), np.float64(-0.7648887648295559), np.float64(-0.4471990419217985), np.float64(-0.5299553462582814), np.float64(1.6575644058394858), np.float64(-1.1751393027860062), np.float64(-0.07743912457492572), np.float64(-0.3438607327953073), np.float64(-0.31088238879992064), np.float64(-0.04581779426727067), np.float64(0.1394235044784679), np.float64(1.2143863796367789), np.float64(0.12142874653030894)]",0,0.861955425073297,0.6210238809663545
S1447,23.7,57.1,54.4,7.6,0.4,4.0,0,Master,2.06,32.6,Fail,F,High Risk,2,0,3,0,2.2,2.18,0.17,13.53,0.3781571111280317,-1.697223516714404,-0.6405452507615951,0.3783991893184451,-0.9547228199424184,1.6575644058394858,-1.1751393027860062,1.028834083638298,-0.3131094599643909,-0.2453363596136184,-0.5476704845837357,-0.298632756922301,-0.3212439596958795,-1.3187483076316382,"[np.float64(0.3781571111280317), np.float64(-1.6972235167144039), np.float64(-0.6405452507615951), np.float64(0.3783991893184451), np.float64(-0.9547228199424184), np.float64(1.6575644058394858), np.float64(-1.1751393027860062), np.float64(1.0288340836382979), np.float64(-0.3131094599643909), np.float64(-0.24533635961361844), np.float64(-0.5476704845837357), np.float64(-0.29863275692230107), np.float64(-0.3212439596958795), np.float64(-1.3187483076316382)]",0,-0.5097394243219576,1.0764065730019199
S1448,10.6,69.6,76.7,7.0,6.0,2.67,1,Master,1.94,36.8,Fail,F,High Risk,2,0,3,0,6.61,4.34,1.82,7.38,-0.9908603560279332,-0.762528187970551,0.5148132341198762,-0.0343999263016767,1.207729773358642,-0.1578450771528038,0.8509629433967631,1.028834083638298,0.1106815187366759,0.0168477571315901,1.690321242503203,-1.0618185947734993,-0.6184627350505878,-0.952157784754052,"[np.float64(-0.9908603560279331), np.float64(-0.762528187970551), np.float64(0.5148132341198762), np.float64(-0.034399926301676716), np.float64(1.207729773358642), np.float64(-0.15784507715280385), np.float64(0.8509629433967631), np.float64(1.0288340836382979), np.float64(0.11068151873667592), np.float64(0.016847757131590126), np.float64(1.690321242503203), np.float64(-1.0618185947734993), np.float64(-0.6184627350505878), np.float64(-0.952157784754052)]",0,-1.9638352960390033,1.5349212700926242
S1449,14.9,79.3,89.8,8.7,0.5,3.04,1,Master,2.72,57.0,Pass,D,Medium Risk,2,1,2,2,5.65,3.9,0.1,11.82,-0.5414882103202499,-0.0372046128653206,1.1935215817408298,1.1351975679553352,-0.9161075950620422,0.3471936511984347,0.8509629433967631,1.028834083638298,0.0184277002439266,-0.0365601185016931,-0.642615588157121,-0.5108356484223902,1.313459304755015,0.8109680633714834,"[np.float64(-0.5414882103202499), np.float64(-0.03720461286532063), np.float64(1.1935215817408298), np.float64(1.1351975679553352), np.float64(-0.9161075950620422), np.float64(0.34719365119843476), np.float64(0.8509629433967631), np.float64(1.0288340836382979), np.float64(0.018427700243926697), np.float64(-0.0365601185016931), np.float64(-0.642615588157121), np.float64(-0.5108356484223902), np.float64(1.313459304755015), np.float64(0.8109680633714834)]",0,0.5194422027575357,-1.6157438006235108
S1450,9.4,83.7,65.4,6.9,1.1,1.59,0,High School,2.3,50.3,Pass,D,Medium Risk,0,1,2,2,6.29,4.78,0.18,7.87,-1.116266536225426,0.2918081428525161,-0.0706374779501067,-0.1031997789050301,-0.6844162457797857,-1.6320121761239863,-1.1751393027860062,-1.1837123327881494,0.0799302459057594,0.0702556327648734,-0.5341068983589664,-1.0010119182617776,0.2731935910135359,0.2261688959239047,"[np.float64(-1.116266536225426), np.float64(0.29180814285251616), np.float64(-0.0706374779501067), np.float64(-0.10319977890503014), np.float64(-0.6844162457797857), np.float64(-1.6320121761239863), np.float64(-1.1751393027860062), np.float64(-1.1837123327881494), np.float64(0.07993024590575948), np.float64(0.0702556327648734), np.float64(-0.5341068983589664), np.float64(-1.0010119182617776), np.float64(0.27319359101353596), np.float64(0.2261688959239047)]",0,-0.7055077356770966,-1.0160713524947647
S1451,19.4,76.4,71.2,4.3,1.0,3.98,1,PhD,2.22,41.9,Fail,F,Medium Risk,3,0,3,2,3.49,1.5,0.24,14.82,-0.0712150345796514,-0.2540539291338939,0.2298593477141322,-1.891995946592226,-0.7230314706601618,1.630265015117797,0.8509629433967631,2.1351072918515213,-0.189143391364759,-0.3278758037741471,-0.4527253810103505,-0.1385498738608301,0.0750477407770648,-0.5070121498312682,"[np.float64(-0.07121503457965149), np.float64(-0.25405392913389396), np.float64(0.22985934771413224), np.float64(-1.891995946592226), np.float64(-0.7230314706601618), np.float64(1.6302650151177973), np.float64(0.8509629433967631), np.float64(2.1351072918515213), np.float64(-0.18914339136475908), np.float64(-0.3278758037741471), np.float64(-0.4527253810103505), np.float64(-0.13854987386083012), np.float64(0.07504774077706486), np.float64(-0.5070121498312682)]",0,-0.20580339138329548,0.090776078435389
S1452,29.6,85.3,99.0,8.9,6.2,1.87,1,Bachelor,2.52,39.0,Fail,F,High Risk,1,0,3,0,3.24,2.06,0.91,25.25,0.9947374970990388,0.4114491449317289,1.6701717190013472,1.2727972731620434,1.2849602231193944,-1.2498207060203463,0.8509629433967631,-0.0774391245749257,-0.2131678232639125,-0.2599021438772411,0.4560348960491943,1.1557636690315272,0.8180946791638345,-0.7601341775324587,"[np.float64(0.9947374970990389), np.float64(0.41144914493172896), np.float64(1.6701717190013472), np.float64(1.2727972731620434), np.float64(1.2849602231193944), np.float64(-1.2498207060203463), np.float64(0.8509629433967631), np.float64(-0.07743912457492572), np.float64(-0.21316782326391254), np.float64(-0.25990214387724114), np.float64(0.45603489604919434), np.float64(1.1557636690315272), np.float64(0.8180946791638345), np.float64(-0.7601341775324587)]",0,1.330819175039515,0.15822391010731526
S1453,10.1,61.2,69.8,5.6,3.4,2.97,1,Bachelor,1.79,42.2,Fail,F,Medium Risk,1,0,3,2,6.29,3.63,1.32,6.18,-1.043112931110222,-1.39064344888642,0.157325631174488,-0.9975978627486284,0.203733926468864,0.251645783672525,0.8509629433967631,-0.0774391245749257,0.0799302459057594,-0.0693331330948441,1.0121419312647368,-1.2107329045981232,-0.9899862042439724,-0.4808271124828688,"[np.float64(-1.0431129311102219), np.float64(-1.3906434488864199), np.float64(0.15732563117448803), np.float64(-0.9975978627486284), np.float64(0.20373392646886404), np.float64(0.251645783672525), np.float64(0.8509629433967631), np.float64(-0.07743912457492572), np.float64(0.07993024590575948), np.float64(-0.06933313309484418), np.float64(1.0121419312647368), np.float64(-1.2107329045981232), np.float64(-0.9899862042439725), np.float64(-0.4808271124828688)]",0,-1.9511646361486346,1.3027419191616592
S1454,25.0,100.0,100.0,6.0,4.8,1.92,1,High School,2.73,51.6,Pass,D,Medium Risk,0,1,2,2,3.85,1.63,0.0,25.0,0.5140138063419825,1.5106508515345007,1.721981516529664,-0.7223984523352134,0.7443470747941291,-1.181572229216125,0.8509629433967631,-1.1837123327881494,-0.1545482094299781,-0.3120962041552225,-0.7782514504048142,1.1247398544847305,1.3382275360345737,0.3396373911003009,"[np.float64(0.5140138063419825), np.float64(1.5106508515345007), np.float64(1.7219815165296641), np.float64(-0.7223984523352134), np.float64(0.7443470747941291), np.float64(-1.181572229216125), np.float64(0.8509629433967631), np.float64(-1.1837123327881494), np.float64(-0.15454820942997813), np.float64(-0.3120962041552225), np.float64(-0.7782514504048142), np.float64(1.1247398544847305), np.float64(1.3382275360345735), np.float64(0.3396373911003009)]",0,1.8884346181478748,-1.4691119896411313
S1455,14.7,78.8,76.3,6.1,0.9,2.33,0,Bachelor,2.38,31.8,Fail,F,High Risk,1,0,3,0,4.86,2.77,0.19,11.58,-0.5623892403531655,-0.0745924260150747,0.4940893151085491,-0.65359859973186,-0.7616466955405379,-0.6219347194215092,-1.1751393027860062,-0.0774391245749257,-0.0574895045573981,-0.1737212536508068,-0.5205433121341971,-0.540618510387315,0.4713394412500081,-1.3885750738940357,"[np.float64(-0.5623892403531655), np.float64(-0.07459242601507476), np.float64(0.4940893151085491), np.float64(-0.65359859973186), np.float64(-0.7616466955405379), np.float64(-0.6219347194215092), np.float64(-1.1751393027860062), np.float64(-0.07743912457492572), np.float64(-0.057489504557398194), np.float64(-0.17372125365080685), np.float64(-0.5205433121341971), np.float64(-0.540618510387315), np.float64(0.47133944125000815), np.float64(-1.3885750738940357)]",0,-0.6983717970215721,-0.34384899893429255
S1456,12.1,96.8,29.8,9.1,2.9,2.13,0,High School,1.93,16.9,Fail,F,High Risk,0,0,3,0,2.27,4.98,0.09,11.71,-0.8341026307810668,1.271368847376074,-1.9150662699581955,1.4103969783687502,0.0106578020669836,-0.8949286266383952,-1.1751393027860062,-1.1837123327881494,-0.3063826190326279,0.0945319398709112,-0.6561791743818904,-0.5244861268229807,-0.6432309663301469,-2.689098595531188,"[np.float64(-0.8341026307810668), np.float64(1.271368847376074), np.float64(-1.9150662699581955), np.float64(1.4103969783687502), np.float64(0.010657802066983652), np.float64(-0.8949286266383952), np.float64(-1.1751393027860062), np.float64(-1.1837123327881494), np.float64(-0.3063826190326279), np.float64(0.09453193987091126), np.float64(-0.6561791743818904), np.float64(-0.5244861268229807), np.float64(-0.6432309663301469), np.float64(-2.689098595531188)]",0,-1.47647250990845,0.4444549654369573
S1457,18.9,85.1,80.1,3.8,2.5,2.31,1,High School,2.38,56.1,Pass,D,Medium Risk,0,1,2,2,4.03,1.36,0.37,16.08,-0.1234676096619402,0.396494019671827,0.6909665457161539,-2.235995209608994,-0.1438030974545206,-0.6492341101431979,0.8509629433967631,-1.1837123327881494,-0.1372506184625876,-0.3448692187483735,-0.2763987600883492,0.0178101514550248,0.4713394412500081,0.7324129513262865,"[np.float64(-0.12346760966194022), np.float64(0.39649401967182707), np.float64(0.6909665457161539), np.float64(-2.235995209608994), np.float64(-0.14380309745452063), np.float64(-0.6492341101431979), np.float64(0.8509629433967631), np.float64(-1.1837123327881494), np.float64(-0.13725061846258765), np.float64(-0.3448692187483735), np.float64(-0.27639876008834924), np.float64(0.017810151455024882), np.float64(0.47133944125000815), np.float64(0.7324129513262865)]",0,0.5805198330240304,-0.639125645203324
S1458,9.6,86.9,72.6,10.9125,5.4,2.37,0,Bachelor,2.69,48.3,Fail,F,Medium Risk,1,0,3,2,6.85,7.42,0.71,8.34,-1.0953655061925105,0.5310901470109428,0.3023930642537757,2.6573943068045365,0.9760384240763856,-0.5673359379781321,-1.1751393027860062,-0.0774391245749257,0.1337449733598631,0.3907028865645727,0.1847631715538077,-0.9426871469138,1.2391546109163374,0.0516019802679111,"[np.float64(-1.0953655061925105), np.float64(0.5310901470109428), np.float64(0.3023930642537757), np.float64(2.6573943068045365), np.float64(0.9760384240763857), np.float64(-0.5673359379781321), np.float64(-1.1751393027860062), np.float64(-0.07743912457492572), np.float64(0.13374497335986316), np.float64(0.39070288656457275), np.float64(0.18476317155380775), np.float64(-0.9426871469138), np.float64(1.2391546109163374), np.float64(0.051601980267911136)]",0,-0.5320057385156812,-0.7882766377588517
S1459,14.5,88.5,90.8,8.6,7.1,2.36,1,Master,2.44,49.5,Fail,F,Medium Risk,2,0,3,2,5.86,3.96,0.82,12.83,-0.583290270386081,0.6507311490901556,1.245331379269147,1.0663977153519817,1.6324972470427788,-0.5809856333389767,0.8509629433967631,1.028834083638298,0.0386082230392155,-0.0292772263698817,0.3339626200262703,-0.3854994376533316,0.6199488289273622,0.1563421296615075,"[np.float64(-0.583290270386081), np.float64(0.6507311490901556), np.float64(1.245331379269147), np.float64(1.0663977153519817), np.float64(1.6324972470427788), np.float64(-0.5809856333389767), np.float64(0.8509629433967631), np.float64(1.0288340836382979), np.float64(0.038608223039215586), np.float64(-0.029277226369881743), np.float64(0.3339626200262703), np.float64(-0.38549943765333167), np.float64(0.6199488289273622), np.float64(0.15634212966150754)]",0,-0.13330105076904394,-0.3490390824337897
S1460,8.0,86.7,78.5,7.3,0.0,3.47,1,Master,2.34,58.8,Pass,D,Medium Risk,2,1,2,2,8.72,5.87,0.0,6.94,-1.2625737464558344,0.516135021751041,0.6080708696708468,0.1719996315083841,-1.1091837194639227,0.9341305517147392,0.8509629433967631,1.028834083638298,0.313447723965531,0.2025615064927795,-0.7782514504048142,-1.1164205083758612,0.372266516131772,0.9680782874618774,"[np.float64(-1.2625737464558344), np.float64(0.516135021751041), np.float64(0.6080708696708468), np.float64(0.17199963150838418), np.float64(-1.1091837194639227), np.float64(0.9341305517147391), np.float64(0.8509629433967631), np.float64(1.0288340836382979), np.float64(0.31344772396553106), np.float64(0.20256150649277957), np.float64(-0.7782514504048142), np.float64(-1.1164205083758612), np.float64(0.37226651613177203), np.float64(0.9680782874618774)]",0,-0.5793209757182032,-1.8209262181829273
S1461,39.6,89.6,62.2,6.9,3.4,1.92,0,Bachelor,2.11,65.2,Pass,C,Low Risk,1,1,1,1,1.53,1.2,0.35,35.48,2.0397889987448137,0.7329843380196143,-0.2364288300407215,-0.1031997789050301,0.203733926468864,-1.181572229216125,-1.1751393027860062,-0.0774391245749257,-0.3774949374541221,-0.3642902644332038,-0.3035259325378879,2.4252581602864467,-0.1974028032980849,1.5266924175610574,"[np.float64(2.0397889987448137), np.float64(0.7329843380196143), np.float64(-0.23642883004072154), np.float64(-0.10319977890503014), np.float64(0.20373392646886404), np.float64(-1.181572229216125), np.float64(-1.1751393027860062), np.float64(-0.07743912457492572), np.float64(-0.3774949374541221), np.float64(-0.36429026443320384), np.float64(-0.30352593253788795), np.float64(2.4252581602864467), np.float64(-0.19740280329808496), np.float64(1.5266924175610574)]",0,2.948852917363418,-0.055583151242767456
S1462,20.4,99.9,40.5,7.4,0.2,2.98,1,Master,1.48,61.0,Pass,D,Low Risk,2,1,2,1,1.89,2.45,0.0,20.38,0.0332901155849259,1.5031732889045504,-1.3607014364052024,0.2407994841117382,-1.0319532697031704,0.265295479033369,0.8509629433967631,1.028834083638298,-0.3428997555193412,-0.2125633450204673,-0.7782514504048142,0.5514197616599278,-1.7578013739103018,1.1601018946834707,"[np.float64(0.03329011558492598), np.float64(1.5031732889045504), np.float64(-1.3607014364052024), np.float64(0.2407994841117382), np.float64(-1.0319532697031704), np.float64(0.26529547903336903), np.float64(0.8509629433967631), np.float64(1.0288340836382979), np.float64(-0.3428997555193412), np.float64(-0.21256334502046736), np.float64(-0.7782514504048142), np.float64(0.5514197616599278), np.float64(-1.7578013739103018), np.float64(1.1601018946834707)]",0,0.5660972925761548,-0.5107907428514703
S1463,13.0,82.9,60.8,7.8,2.4,3.77,0,Master,2.3,33.1,Fail,F,High Risk,2,0,3,0,4.34,3.99,0.41,10.78,-0.7400479956329471,0.2319876418129097,-0.3089625465803657,0.5159988945251526,-0.1824183223348967,1.3436214125400674,-1.1751393027860062,1.028834083638298,-0.1074603229076374,-0.025635780303976,-0.2221444151892719,-0.6398947169370645,0.2731935910135359,-1.2751065787176397,"[np.float64(-0.7400479956329471), np.float64(0.23198764181290976), np.float64(-0.30896254658036576), np.float64(0.5159988945251526), np.float64(-0.18241832233489674), np.float64(1.3436214125400674), np.float64(-1.1751393027860062), np.float64(1.0288340836382979), np.float64(-0.1074603229076374), np.float64(-0.02563578030397604), np.float64(-0.22214441518927197), np.float64(-0.6398947169370645), np.float64(0.27319359101353596), np.float64(-1.2751065787176397)]",0,-0.9503166793326548,0.09143560534681124
S1464,22.1,90.6,48.0,8.0,1.0,2.39,1,Master,2.2,48.7,Fail,F,Medium Risk,2,0,3,2,2.08,2.46,0.09,20.02,0.2109488708647079,0.8077599643191226,-0.9721279549428244,0.65359859973186,-0.7230314706601618,-0.5400365472564436,0.8509629433967631,1.028834083638298,-0.3246411872759845,-0.2113495296651655,-0.6561791743818904,0.5067454687125407,0.0255112782179468,0.0865153633991103,"[np.float64(0.21094887086470795), np.float64(0.8077599643191226), np.float64(-0.9721279549428243), np.float64(0.65359859973186), np.float64(-0.7230314706601618), np.float64(-0.5400365472564436), np.float64(0.8509629433967631), np.float64(1.0288340836382979), np.float64(-0.3246411872759845), np.float64(-0.2113495296651655), np.float64(-0.6561791743818904), np.float64(0.5067454687125407), np.float64(0.02551127821794681), np.float64(0.08651536339911035)]",0,0.7826747820980768,-0.4126021421759262
S1465,18.9,78.7,53.4,7.8,1.1,2.23,1,High School,1.91,32.9,Fail,F,High Risk,0,0,3,0,2.68,2.79,0.23,14.87,-0.1234676096619402,-0.0820699886450251,-0.6923550482899121,0.5159988945251526,-0.6844162457797857,-0.7584316730299523,0.8509629433967631,-1.1837123327881494,-0.2669825507180162,-0.171293622940203,-0.4662889672351198,-0.1323451109514709,-0.6927674288892649,-1.2925632702832393,"[np.float64(-0.12346760966194022), np.float64(-0.08206998864502517), np.float64(-0.6923550482899121), np.float64(0.5159988945251526), np.float64(-0.6844162457797857), np.float64(-0.7584316730299523), np.float64(0.8509629433967631), np.float64(-1.1837123327881494), np.float64(-0.26698255071801624), np.float64(-0.17129362294020306), np.float64(-0.4662889672351198), np.float64(-0.13234511095147092), np.float64(-0.6927674288892649), np.float64(-1.2925632702832393)]",0,-0.49467741420875005,0.36556525693959246
S1466,17.8,100.0,76.8,7.1,1.3,2.62,1,Bachelor,2.52,52.8,Pass,D,Medium Risk,1,1,2,2,4.09,2.69,0.0,17.8,-0.2384232748429752,1.5106508515345007,0.5199942138727076,0.0343999263016767,-0.6071857960190336,-0.226093553957025,0.8509629433967631,-0.0774391245749257,-0.1314847548067908,-0.1834317764932219,-0.7782514504048142,0.2312539955369863,0.8180946791638345,0.4443775404938966,"[np.float64(-0.2384232748429752), np.float64(1.5106508515345007), np.float64(0.5199942138727076), np.float64(0.034399926301676716), np.float64(-0.6071857960190336), np.float64(-0.22609355395702502), np.float64(0.8509629433967631), np.float64(-0.07743912457492572), np.float64(-0.13148475480679087), np.float64(-0.18343177649322198), np.float64(-0.7782514504048142), np.float64(0.2312539955369863), np.float64(0.8180946791638345), np.float64(0.44437754049389666)]",0,0.9395265316416348,-1.5857867740123484
S1467,26.1,69.9,98.4,6.7,2.9,3.74,1,PhD,2.55,55.5,Pass,D,Medium Risk,3,1,2,2,3.63,1.75,0.87,18.24,0.6289694715230179,-0.7400955000806977,1.6390858404843571,-0.2407994841117376,0.0106578020669836,1.3026723264575348,0.8509629433967631,2.1351072918515213,-0.1756897095012332,-0.2975304198915998,0.401780551150117,0.2858559091393481,0.8923993730025109,0.6800428766294883,"[np.float64(0.6289694715230179), np.float64(-0.7400955000806977), np.float64(1.6390858404843571), np.float64(-0.2407994841117376), np.float64(0.010657802066983652), np.float64(1.3026723264575348), np.float64(0.8509629433967631), np.float64(2.1351072918515213), np.float64(-0.1756897095012332), np.float64(-0.2975304198915998), np.float64(0.401780551150117), np.float64(0.28585590913934816), np.float64(0.8923993730025109), np.float64(0.6800428766294883)]",0,1.002590441280764,-0.03048255344602195
S1468,27.6,100.0,72.9,6.8,1.2,2.96,1,Bachelor,2.98,64.2,Pass,D,Low Risk,1,1,2,1,2.55,1.68,0.0,27.6,0.785727196769884,1.5106508515345007,0.3179360035122714,-0.1719996315083841,-0.6458010208994097,0.2379960883116804,0.8509629433967631,-0.0774391245749257,-0.2794752553055761,-0.306027127378713,-0.7782514504048142,1.447387525771416,1.9574333180235484,1.4394089597330606,"[np.float64(0.785727196769884), np.float64(1.5106508515345007), np.float64(0.3179360035122714), np.float64(-0.17199963150838418), np.float64(-0.6458010208994097), np.float64(0.23799608831168043), np.float64(0.8509629433967631), np.float64(-0.07743912457492572), np.float64(-0.2794752553055761), np.float64(-0.30602712737871307), np.float64(-0.7782514504048142), np.float64(1.447387525771416), np.float64(1.9574333180235484), np.float64(1.4394089597330606)]",0,2.816437258688238,-1.783576848830512
S1469,14.7,79.4,41.1,6.7,4.0,2.38,1,Bachelor,1.85,38.0,Fail,F,High Risk,1,0,3,0,2.62,3.05,0.82,11.67,-0.5623892403531655,-0.0297270502353691,-1.329615557888212,-0.2407994841117376,0.4354252757511205,-0.5536862426172882,0.8509629433967631,-0.0774391245749257,-0.2727484143738131,-0.1397344237023539,0.3339626200262703,-0.5294499371504683,-0.8413768165666184,-0.8474176353604556,"[np.float64(-0.5623892403531655), np.float64(-0.029727050235369167), np.float64(-1.329615557888212), np.float64(-0.2407994841117376), np.float64(0.43542527575112056), np.float64(-0.5536862426172882), np.float64(0.8509629433967631), np.float64(-0.07743912457492572), np.float64(-0.2727484143738131), np.float64(-0.1397344237023539), np.float64(0.3339626200262703), np.float64(-0.5294499371504683), np.float64(-0.8413768165666184), np.float64(-0.8474176353604556)]",0,-1.111125985892278,1.1710298973912932
S1470,14.2,58.5,73.9,8.7,1.6,3.19,1,Bachelor,1.82,49.6,Fail,F,Medium Risk,1,0,3,2,4.86,4.09,0.66,8.31,-0.6146418154354543,-1.5925376398950923,0.3697458010405885,1.1351975679553352,-0.4913401213779053,0.551939081611099,0.8509629433967631,-0.0774391245749257,-0.0574895045573981,-0.0134976267509571,0.1169452404299612,-0.9464100046594156,-0.9156815104052956,0.1650704754443073,"[np.float64(-0.6146418154354543), np.float64(-1.5925376398950923), np.float64(0.3697458010405885), np.float64(1.1351975679553352), np.float64(-0.4913401213779053), np.float64(0.551939081611099), np.float64(0.8509629433967631), np.float64(-0.07743912457492572), np.float64(-0.057489504557398194), np.float64(-0.013497626750957165), np.float64(0.11694524042996123), np.float64(-0.9464100046594155), np.float64(-0.9156815104052956), np.float64(0.16507047544430734)]",0,-1.0257931842561816,0.473466526469569
S1471,17.2,81.9,88.9,7.9,0.2,1.92,0,Bachelor,2.62,60.7,Pass,D,Low Risk,1,1,2,1,4.88,3.09,0.04,14.09,-0.3011263649417218,0.1572120155134015,1.1468927639653448,0.5847987471285065,-1.0319532697031704,-1.181572229216125,-1.1751393027860062,-0.0774391245749257,-0.0555675500054659,-0.1348791622811463,-0.7239971055057369,-0.2291394123374764,1.0657769919594249,1.1339168573350715,"[np.float64(-0.30112636494172185), np.float64(0.1572120155134015), np.float64(1.1468927639653448), np.float64(0.5847987471285065), np.float64(-1.0319532697031704), np.float64(-1.181572229216125), np.float64(-1.1751393027860062), np.float64(-0.07743912457492572), np.float64(-0.05556755000546596), np.float64(-0.13487916228114633), np.float64(-0.7239971055057369), np.float64(-0.22913941233747645), np.float64(1.0657769919594247), np.float64(1.1339168573350717)]",0,0.8736874147833424,-1.7000833849805785
S1472,0.0,69.8,52.8,3.2124999999999986,4.6,3.35,0,Bachelor,1.43,43.8,Fail,F,Medium Risk,1,0,3,2,52.8,32.12,1.39,0.0,-2.0986149477724543,-0.7475730627106492,-0.7234409268069024,-2.640194343653698,0.6671166250333769,0.7703342073846077,-1.1751393027860062,-0.0774391245749257,4.549435556424266,3.388826814160245,1.107087034838122,-1.977641600194937,-1.8816425303080968,-0.3411735799580744,"[np.float64(-2.0986149477724543), np.float64(-0.7475730627106492), np.float64(-0.7234409268069024), np.float64(-2.640194343653698), np.float64(0.6671166250333769), np.float64(0.7703342073846077), np.float64(-1.1751393027860062), np.float64(-0.07743912457492572), np.float64(4.549435556424266), np.float64(3.388826814160245), np.float64(1.1070870348381219), np.float64(-1.977641600194937), np.float64(-1.8816425303080968), np.float64(-0.3411735799580744)]",-1,-6.095176426966093,-1.2075123839223783
S1473,4.8,92.6,62.3,8.0,1.0,3.13,0,High School,2.24,40.4,Fail,F,Medium Risk,0,0,3,2,10.74,10.18,0.07,4.44,-1.5969902269824825,0.957311216918139,-0.2312478502878901,0.65359859973186,-0.7230314706601618,0.4700409094460331,-1.1751393027860062,-1.1837123327881494,0.5075651337106908,0.7257159246278948,-0.6833063468314289,-1.426658653843828,0.1245842033361829,-0.6379373365732633,"[np.float64(-1.5969902269824823), np.float64(0.957311216918139), np.float64(-0.2312478502878901), np.float64(0.65359859973186), np.float64(-0.7230314706601618), np.float64(0.47004090944603316), np.float64(-1.1751393027860062), np.float64(-1.1837123327881494), np.float64(0.5075651337106908), np.float64(0.7257159246278948), np.float64(-0.6833063468314289), np.float64(-1.426658653843828), np.float64(0.1245842033361829), np.float64(-0.6379373365732633)]",0,-1.7447725626004824,-1.4697620108303178
S1474,33.7,70.2,65.3,7.3,1.7,2.55,0,Bachelor,2.23,47.4,Fail,F,Medium Risk,1,0,3,2,1.88,1.49,0.51,23.66,1.4232086127738066,-0.7176628121908454,-0.0758184577029388,0.1719996315083841,-0.4527248964975293,-0.3216414214829354,-1.1751393027860062,-0.0774391245749257,-0.3438607327953073,-0.3290896191294489,-0.0865085529415786,0.9584522085139002,0.0998159720566233,-0.0269531317772858,"[np.float64(1.4232086127738066), np.float64(-0.7176628121908454), np.float64(-0.07581845770293885), np.float64(0.17199963150838418), np.float64(-0.4527248964975293), np.float64(-0.3216414214829354), np.float64(-1.1751393027860062), np.float64(-0.07743912457492572), np.float64(-0.3438607327953073), np.float64(-0.32908961912944895), np.float64(-0.08650855294157868), np.float64(0.9584522085139002), np.float64(0.09981597205662333), np.float64(-0.026953131777285852)]",0,1.3346988888263414,0.5818607579007102
S1475,36.4,73.3,49.3,7.0,3.5,2.13,1,Master,2.06,53.7,Pass,D,Medium Risk,2,1,2,2,1.32,1.32,0.93,26.68,1.7053725182181654,-0.4858583706623702,-0.9047752181560124,-0.0343999263016767,0.2423491513492401,-0.8949286266383952,0.8509629433967631,1.028834083638298,-0.397675460249411,-0.3497244801695811,0.483162068498733,1.333219888239204,-0.3212439596958795,0.5229326525390943,"[np.float64(1.7053725182181654), np.float64(-0.4858583706623702), np.float64(-0.9047752181560123), np.float64(-0.034399926301676716), np.float64(0.24234915134924015), np.float64(-0.8949286266383952), np.float64(0.8509629433967631), np.float64(1.0288340836382979), np.float64(-0.397675460249411), np.float64(-0.3497244801695811), np.float64(0.48316206849873305), np.float64(1.3332198882392041), np.float64(-0.3212439596958795), np.float64(0.5229326525390943)]",0,1.566356402875909,1.2479541973932755
S1476,17.5,51.7,78.0,6.4,1.2,2.09,1,Master,1.92,38.2,Fail,F,High Risk,2,0,3,0,4.22,2.46,0.58,9.05,-0.2697748198923485,-2.1010118987317483,0.5821659709066883,-0.4471990419217985,-0.6458010208994097,-0.9495274080817724,0.8509629433967631,1.028834083638298,-0.118992050219231,-0.2113495296651655,0.0084365506318065,-0.8545795136008973,-0.6679991976097058,-0.829960943794856,"[np.float64(-0.2697748198923485), np.float64(-2.1010118987317483), np.float64(0.5821659709066883), np.float64(-0.4471990419217985), np.float64(-0.6458010208994097), np.float64(-0.9495274080817724), np.float64(0.8509629433967631), np.float64(1.0288340836382979), np.float64(-0.11899205021923107), np.float64(-0.2113495296651655), np.float64(0.008436550631806525), np.float64(-0.8545795136008973), np.float64(-0.6679991976097058), np.float64(-0.829960943794856)]",0,-1.1798379721845336,0.9099106657769531
S1477,25.8,73.2,62.6,8.7,0.2,3.23,1,High School,2.36,64.3,Pass,D,Low Risk,0,1,2,1,2.34,2.3,0.05,18.89,0.5976179264736445,-0.4933359332923206,-0.2157049110293947,1.1351975679553352,-1.0319532697031704,0.6065378630544761,0.8509629433967631,-1.1837123327881494,-0.2996557781008649,-0.2307705753499958,-0.7104335192809677,0.3665178269610197,0.42180297869089,1.4481373055158595,"[np.float64(0.5976179264736445), np.float64(-0.4933359332923206), np.float64(-0.21570491102939476), np.float64(1.1351975679553352), np.float64(-1.0319532697031704), np.float64(0.6065378630544761), np.float64(0.8509629433967631), np.float64(-1.1837123327881494), np.float64(-0.29965577810086497), np.float64(-0.2307705753499958), np.float64(-0.7104335192809677), np.float64(0.36651782696101975), np.float64(0.42180297869089006), np.float64(1.4481373055158597)]",0,1.5422250187931843,-0.6809433898443537
S1478,23.1,43.6,73.4,8.4,1.4,3.78,0,PhD,2.27,44.3,Fail,F,Medium Risk,3,0,3,2,3.05,2.47,0.79,10.07,0.3154540210292854,-2.706694471757765,0.34384090227643,0.928798010145275,-0.5685705711386575,1.3572711079009114,-1.1751393027860062,2.1351072918515213,-0.2314263915072691,-0.2101357143098635,0.2932718613519625,-0.728002350249967,0.1988888971748594,-0.297531851044076,"[np.float64(0.31545402102928544), np.float64(-2.7066944717577655), np.float64(0.34384090227643), np.float64(0.928798010145275), np.float64(-0.5685705711386575), np.float64(1.3572711079009114), np.float64(-1.1751393027860062), np.float64(2.1351072918515213), np.float64(-0.23142639150726918), np.float64(-0.21013571430986358), np.float64(0.2932718613519625), np.float64(-0.728002350249967), np.float64(0.1988888971748594), np.float64(-0.29753185104407603)]",0,-0.45066325191593726,1.2188686654358714
S1479,46.375,56.2,47.3,5.8,8.7,2.29,1,Bachelor,2.18,47.2,Fail,F,Medium Risk,1,0,3,2,1.0,0.86,3.81,26.06,2.747811391109826,-1.7645215803839611,-1.0083948132126463,-0.8599981575419209,2.250340845128796,-0.6765335008648865,0.8509629433967631,-0.0774391245749257,-0.4284267330803274,-0.4055599865134681,4.389474901232299,1.256280828163148,-0.0240251843411712,-0.0444098233428848,"[np.float64(2.747811391109826), np.float64(-1.7645215803839611), np.float64(-1.0083948132126463), np.float64(-0.8599981575419209), np.float64(2.250340845128796), np.float64(-0.6765335008648865), np.float64(0.8509629433967631), np.float64(-0.07743912457492572), np.float64(-0.4284267330803274), np.float64(-0.40555998651346814), np.float64(4.389474901232299), np.float64(1.2562808281631481), np.float64(-0.024025184341171235), np.float64(-0.04440982334288484)]",-1,1.1085407458971825,4.597761669897059
S1480,31.2,91.4,56.3,7.6,3.1,3.17,0,Bachelor,1.97,51.1,Pass,D,Medium Risk,1,1,2,2,1.75,1.67,0.27,28.52,1.1619457373623627,0.86758046535873,-0.5421066354577926,0.3783991893184451,0.0878882518277358,0.5246396908894103,-1.1751393027860062,-0.0774391245749257,-0.356353437382867,-0.3072409427340149,-0.4120346223360425,1.5615551633036275,-0.5441580412119107,0.2959956621863025,"[np.float64(1.1619457373623627), np.float64(0.86758046535873), np.float64(-0.5421066354577926), np.float64(0.3783991893184451), np.float64(0.08788825182773588), np.float64(0.5246396908894103), np.float64(-1.1751393027860062), np.float64(-0.07743912457492572), np.float64(-0.35635343738286707), np.float64(-0.3072409427340149), np.float64(-0.4120346223360425), np.float64(1.5615551633036275), np.float64(-0.5441580412119107), np.float64(0.2959956621863025)]",0,1.5828732530800775,0.175332377736939
S1481,18.7,91.8,79.4,5.5,3.3,1.13,1,Master,2.05,57.2,Pass,D,Medium Risk,2,1,2,2,4.03,1.98,0.27,17.17,-0.1443686396948556,0.8974907158785327,0.6546996874463326,-1.0663977153519817,0.1651187015884879,-2.2598981627228234,0.8509629433967631,1.028834083638298,-0.1372506184625876,-0.2696126667196563,-0.4120346223360425,0.1530739828790588,-0.346012190975439,0.828424754937083,"[np.float64(-0.14436863969485564), np.float64(0.8974907158785327), np.float64(0.6546996874463326), np.float64(-1.0663977153519817), np.float64(0.16511870158848793), np.float64(-2.2598981627228234), np.float64(0.8509629433967631), np.float64(1.0288340836382979), np.float64(-0.13725061846258765), np.float64(-0.2696126667196563), np.float64(-0.4120346223360425), np.float64(0.1530739828790588), np.float64(-0.34601219097543906), np.float64(0.828424754937083)]",0,0.43334728781422954,-0.7298536839409355
S1482,10.4,86.4,57.5,4.9,3.0,2.33,1,Master,2.13,38.5,Fail,F,High Risk,2,0,3,0,5.04,3.09,0.41,8.99,-1.0117613860608483,0.4937023338611886,-0.479934878423812,-1.4791968309721035,0.0492730269473597,-0.6219347194215092,0.8509629433967631,1.028834083638298,-0.0401919135900077,-0.1348791622811463,-0.2221444151892719,-0.8620252290921285,-0.1478663407389669,-0.8037759064464571,"[np.float64(-1.0117613860608485), np.float64(0.49370233386118867), np.float64(-0.479934878423812), np.float64(-1.4791968309721035), np.float64(0.049273026947359765), np.float64(-0.6219347194215092), np.float64(0.8509629433967631), np.float64(1.0288340836382979), np.float64(-0.04019191359000774), np.float64(-0.13487916228114633), np.float64(-0.22214441518927197), np.float64(-0.8620252290921285), np.float64(-0.1478663407389669), np.float64(-0.8037759064464571)]",0,-1.237821726661102,0.06104737732621014
S1483,3.9,65.5,99.5,6.1,0.7,2.78,0,PhD,1.91,39.7,Fail,F,High Risk,3,0,3,0,20.31,9.28,0.24,2.55,-1.6910448621306022,-1.0691082557985343,1.6960766177655056,-0.65359859973186,-0.8388771453012902,-0.0076984281835169,-1.1751393027860062,2.1351072918515213,1.4272203868102846,0.6164725426507245,-0.4527253810103505,-1.661198691817611,-0.6927674288892649,-0.6990357570528608,"[np.float64(-1.6910448621306022), np.float64(-1.0691082557985345), np.float64(1.6960766177655056), np.float64(-0.65359859973186), np.float64(-0.8388771453012902), np.float64(-0.007698428183516904), np.float64(-1.1751393027860062), np.float64(2.1351072918515213), np.float64(1.4272203868102846), np.float64(0.6164725426507245), np.float64(-0.4527253810103505), np.float64(-1.661198691817611), np.float64(-0.6927674288892649), np.float64(-0.6990357570528608)]",0,-2.8791107203374393,-1.1333513499495624
S1484,22.0,79.3,57.0,8.3,1.6,2.07,0,Bachelor,2.08,62.1,Pass,D,Low Risk,1,1,2,1,2.48,2.56,0.33,17.45,0.20049835584825,-0.0372046128653206,-0.5058397771879706,0.8599981575419215,-0.4913401213779053,-0.976826798803461,-1.1751393027860062,-0.0774391245749257,-0.286202096237339,-0.1992113761121465,-0.3306531049874265,0.1878206551714707,-0.2717074971367614,1.2561136982942671,"[np.float64(0.20049835584825007), np.float64(-0.03720461286532063), np.float64(-0.5058397771879706), np.float64(0.8599981575419215), np.float64(-0.4913401213779053), np.float64(-0.976826798803461), np.float64(-1.1751393027860062), np.float64(-0.07743912457492572), np.float64(-0.28620209623733905), np.float64(-0.19921137611214657), np.float64(-0.3306531049874265), np.float64(0.18782065517147079), np.float64(-0.27170749713676146), np.float64(1.2561136982942671)]",0,0.8083199201038703,-0.2787259255678185
S1485,12.4,79.9,69.5,8.4,4.2,2.05,0,Master,2.33,37.9,Fail,F,High Risk,2,0,3,0,5.19,4.49,0.84,9.91,-0.8027510857316935,0.0076607629143849,0.141782691915993,0.928798010145275,0.5126557255118728,-1.0041261895251496,-1.1751393027860062,1.028834083638298,-0.0257772544505156,0.0350549874611185,0.3610897924758089,-0.7478575915599168,0.3474982848522135,-0.8561459811432554,"[np.float64(-0.8027510857316935), np.float64(0.007660762914384965), np.float64(0.14178269191599305), np.float64(0.928798010145275), np.float64(0.5126557255118728), np.float64(-1.0041261895251496), np.float64(-1.1751393027860062), np.float64(1.0288340836382979), np.float64(-0.02577725445051564), np.float64(0.03505498746111854), np.float64(0.36108979247580897), np.float64(-0.7478575915599168), np.float64(0.34749828485221357), np.float64(-0.8561459811432554)]",0,-0.9840417715292582,0.2218809247456552
S1486,5.8,62.6,83.7,7.8,0.3,2.27,1,High School,1.68,43.4,Fail,F,Medium Risk,0,0,3,2,12.31,8.4,0.11,3.63,-1.4924850768179048,-1.2859575720671084,0.8774818168180958,0.5159988945251526,-0.9933380448227944,-0.703832891586575,0.8509629433967631,-1.1837123327881494,0.6584385660373745,0.5096567913841582,-0.6290520019323518,-1.5271758129754494,-1.262436748319122,-0.376086963089273,"[np.float64(-1.4924850768179048), np.float64(-1.2859575720671084), np.float64(0.8774818168180958), np.float64(0.5159988945251526), np.float64(-0.9933380448227944), np.float64(-0.703832891586575), np.float64(0.8509629433967631), np.float64(-1.1837123327881494), np.float64(0.6584385660373745), np.float64(0.5096567913841582), np.float64(-0.6290520019323518), np.float64(-1.5271758129754494), np.float64(-1.262436748319122), np.float64(-0.37608696308927303)]",0,-2.2622165765608444,-0.7166840966956577
S1487,13.5,100.0,36.6,8.1,1.0,3.03,1,Master,1.66,48.3,Fail,F,Medium Risk,2,0,3,2,2.52,3.99,0.0,13.5,-0.6877954205506583,1.5106508515345007,-1.562759646765639,0.7223984523352134,-0.7230314706601618,0.3335439558375901,0.8509629433967631,1.028834083638298,-0.2823581871334745,-0.025635780303976,-0.7782514504048142,-0.3023556146679166,-1.3119732108782398,0.0516019802679111,"[np.float64(-0.6877954205506583), np.float64(1.5106508515345007), np.float64(-1.562759646765639), np.float64(0.7223984523352134), np.float64(-0.7230314706601618), np.float64(0.33354395583759017), np.float64(0.8509629433967631), np.float64(1.0288340836382979), np.float64(-0.2823581871334745), np.float64(-0.02563578030397604), np.float64(-0.7782514504048142), np.float64(-0.3023556146679166), np.float64(-1.3119732108782398), np.float64(0.051601980267911136)]",0,-0.5112400813087795,-0.42329577540681707
S1488,9.2,93.2,29.8,7.8,1.0,2.65,1,Master,1.82,24.2,Fail,F,High Risk,2,0,3,0,2.92,5.52,0.07,8.57,-1.1371675662583416,1.0021765926978448,-1.9150662699581955,0.5159988945251526,-0.7230314706601618,-0.1851444678744924,0.8509629433967631,1.028834083638298,-0.2439190960948289,0.1600779690572133,-0.6833063468314289,-0.914145237530747,-0.9156815104052956,-2.0519293533868117,"[np.float64(-1.1371675662583416), np.float64(1.0021765926978448), np.float64(-1.9150662699581955), np.float64(0.5159988945251526), np.float64(-0.7230314706601618), np.float64(-0.18514446787449243), np.float64(0.8509629433967631), np.float64(1.0288340836382979), np.float64(-0.24391909609482898), np.float64(0.1600779690572133), np.float64(-0.6833063468314289), np.float64(-0.914145237530747), np.float64(-0.9156815104052956), np.float64(-2.0519293533868113)]",0,-1.820684863210693,0.21413504168559555
S1489,36.9,76.7,34.5,6.0,1.7,1.01,0,Bachelor,1.91,53.2,Pass,D,Medium Risk,1,1,2,2,0.91,1.12,0.4,28.3,1.7576250933004542,-0.2316212412440417,-1.6715602215751049,-0.7223984523352134,-0.4527248964975293,-2.423694507052955,-1.1751393027860062,-0.0774391245749257,-0.4370755285640226,-0.374000787275619,-0.2357080014140412,1.5342542065024467,-0.6927674288892649,0.4792909236250959,"[np.float64(1.7576250933004542), np.float64(-0.2316212412440417), np.float64(-1.6715602215751049), np.float64(-0.7223984523352134), np.float64(-0.4527248964975293), np.float64(-2.423694507052955), np.float64(-1.1751393027860062), np.float64(-0.07743912457492572), np.float64(-0.43707552856402265), np.float64(-0.374000787275619), np.float64(-0.23570800141404125), np.float64(1.5342542065024467), np.float64(-0.6927674288892649), np.float64(0.4792909236250959)]",0,1.659066529958674,0.934360254119151
S1490,28.8,80.4,90.3,7.6,9.15,1.1,1,High School,2.02,45.5,Fail,F,Medium Risk,0,0,3,2,3.03,1.8,1.79,23.16,0.911133376967377,0.0450485760641391,1.2194264805049884,0.3783991893184451,2.424109357090489,-2.300847248805356,0.8509629433967631,-1.1837123327881494,-0.2333483460592014,-0.2914613431150903,1.6496304838288949,0.8964045794203069,-0.4203168848141156,-0.1927917016504796,"[np.float64(0.911133376967377), np.float64(0.0450485760641391), np.float64(1.2194264805049884), np.float64(0.3783991893184451), np.float64(2.424109357090489), np.float64(-2.300847248805356), np.float64(0.8509629433967631), np.float64(-1.1837123327881494), np.float64(-0.23334834605920146), np.float64(-0.29146134311509037), np.float64(1.6496304838288949), np.float64(0.8964045794203069), np.float64(-0.4203168848141156), np.float64(-0.19279170165047962)]",0,0.640607868071792,1.5147988868600206
S1491,19.9,83.1,54.0,8.2,0.2,2.31,1,Master,2.11,55.0,Pass,D,Medium Risk,2,1,2,2,2.58,2.79,0.03,16.54,-0.0189624594973627,0.2469427670728105,-0.6612691697729218,0.7911983049385668,-1.0319532697031704,-0.6492341101431979,0.8509629433967631,1.028834083638298,-0.2765923234776776,-0.171293622940203,-0.7375606917305063,0.0748939702211308,-0.1974028032980849,0.6364011477154898,"[np.float64(-0.018962459497362756), np.float64(0.24694276707281057), np.float64(-0.6612691697729218), np.float64(0.7911983049385668), np.float64(-1.0319532697031704), np.float64(-0.6492341101431979), np.float64(0.8509629433967631), np.float64(1.0288340836382979), np.float64(-0.27659232347767765), np.float64(-0.17129362294020306), np.float64(-0.7375606917305063), np.float64(0.07489397022113087), np.float64(-0.19740280329808496), np.float64(0.6364011477154898)]",0,0.5469664115654237,-0.5962547905700774
S1492,34.8,49.4,100.0,8.1,2.2,3.17,1,High School,2.7,52.8,Pass,D,Medium Risk,0,1,2,2,2.79,1.6,1.11,17.19,1.5381642779548412,-2.2729958392206178,1.721981516529664,0.7223984523352134,-0.2596487720956488,0.5246396908894103,0.8509629433967631,-1.1837123327881494,-0.2564118006823888,-0.3157376502211281,0.727306620544581,0.1555558880428025,1.2639228421958968,0.4443775404938966,"[np.float64(1.5381642779548412), np.float64(-2.2729958392206178), np.float64(1.7219815165296641), np.float64(0.7223984523352134), np.float64(-0.2596487720956488), np.float64(0.5246396908894103), np.float64(0.8509629433967631), np.float64(-1.1837123327881494), np.float64(-0.2564118006823888), np.float64(-0.31573765022112815), np.float64(0.727306620544581), np.float64(0.1555558880428025), np.float64(1.2639228421958968), np.float64(0.44437754049389666)]",0,1.4426982766285572,0.608935114841638
S1493,20.8,76.3,53.7,8.8,0.6,0.7499999999999998,0,High School,1.95,53.3,Pass,D,Medium Risk,0,1,2,2,2.46,2.87,0.14,15.87,0.0750921756507571,-0.2615314917638454,-0.6768121090314168,1.20399742055869,-0.8774923701816661,-2.778586586434906,-1.1751393027860062,-1.1837123327881494,-0.2881240507892713,-0.1615831000977879,-0.5883612432580437,-0.0082498527642842,-0.5936945037710287,0.4880192694078951,"[np.float64(0.07509217565075718), np.float64(-0.26153149176384544), np.float64(-0.6768121090314168), np.float64(1.2039974205586899), np.float64(-0.8774923701816661), np.float64(-2.7785865864349066), np.float64(-1.1751393027860062), np.float64(-1.1837123327881494), np.float64(-0.2881240507892713), np.float64(-0.16158310009778792), np.float64(-0.5883612432580437), np.float64(-0.00824985276428421), np.float64(-0.5936945037710287), np.float64(0.4880192694078951)]",0,0.36541991918398076,-0.2503017682525785
S1494,11.4,69.8,68.7,8.1,9.15,2.4,0,Master,1.94,46.3,Fail,F,Medium Risk,2,0,3,2,5.54,4.69,2.76,7.96,-0.907256235896271,-0.7475730627106492,0.1003348538933395,0.7223984523352134,2.424109357090489,-0.5263868518955995,-1.1751393027860062,1.028834083638298,0.0078569502082991,0.0593312945671564,2.965298347631519,-0.9898433450249308,-0.6184627350505878,-0.1229649353880824,"[np.float64(-0.907256235896271), np.float64(-0.7475730627106492), np.float64(0.10033485389333953), np.float64(0.7223984523352134), np.float64(2.424109357090489), np.float64(-0.5263868518955995), np.float64(-1.1751393027860062), np.float64(1.0288340836382979), np.float64(0.007856950208299148), np.float64(0.0593312945671564), np.float64(2.965298347631519), np.float64(-0.9898433450249309), np.float64(-0.6184627350505878), np.float64(-0.12296493538808244)]",0,-1.8258490594798558,2.4255449556334976
S1495,35.2,65.0,95.8,7.5,0.4,2.38,1,Bachelor,3.15,70.4,Pass,C,Low Risk,1,1,1,1,2.65,1.46,0.14,22.88,1.579966338020673,-1.1064960689482886,1.5043803669107323,0.3095993367150916,-0.9547228199424184,-0.5536862426172882,0.8509629433967631,-0.0774391245749257,-0.2698654825459147,-0.3327310651953546,-0.5883612432580437,0.8616579071278945,2.378493249776051,1.9805663982666408,"[np.float64(1.579966338020673), np.float64(-1.1064960689482886), np.float64(1.5043803669107323), np.float64(0.30959933671509166), np.float64(-0.9547228199424184), np.float64(-0.5536862426172882), np.float64(0.8509629433967631), np.float64(-0.07743912457492572), np.float64(-0.2698654825459147), np.float64(-0.33273106519535467), np.float64(-0.5883612432580437), np.float64(0.8616579071278945), np.float64(2.378493249776051), np.float64(1.9805663982666408)]",0,3.0264695100403105,-1.3052449241194006
S1496,25.4,75.8,100.0,8.6,1.6,3.91,0,Master,2.62,63.1,Pass,D,Low Risk,2,1,2,1,3.79,2.31,0.39,19.25,0.5558158664078133,-0.2989193049135996,1.721981516529664,1.0663977153519817,-0.4913401213779053,1.5347171475918877,-1.1751393027860062,1.028834083638298,-0.1603140730857749,-0.2295567599946938,-0.2492715876388105,0.4111921199084069,1.0657769919594249,1.343397156122264,"[np.float64(0.5558158664078133), np.float64(-0.2989193049135996), np.float64(1.7219815165296641), np.float64(1.0663977153519817), np.float64(-0.4913401213779053), np.float64(1.5347171475918875), np.float64(-1.1751393027860062), np.float64(1.0288340836382979), np.float64(-0.16031407308577497), np.float64(-0.22955675999469385), np.float64(-0.24927158763881058), np.float64(0.41119211990840693), np.float64(1.0657769919594247), np.float64(1.343397156122264)]",0,1.578572720184893,-1.0197296520538464
S1497,9.6,100.0,100.0,7.0,4.0,2.49,0,Bachelor,2.5,51.9,Pass,D,Medium Risk,1,1,2,2,9.43,4.76,0.0,9.6,-1.0953655061925105,1.5106508515345007,1.721981516529664,-0.0343999263016767,0.4354252757511205,-0.4035395936480005,-1.1751393027860062,-0.0774391245749257,0.3816771105591267,0.0678280020542695,-0.7782514504048142,-0.7863271215979447,0.7685582166047165,0.3658224284486997,"[np.float64(-1.0953655061925105), np.float64(1.5106508515345007), np.float64(1.7219815165296641), np.float64(-0.034399926301676716), np.float64(0.43542527575112056), np.float64(-0.40353959364800057), np.float64(-1.1751393027860062), np.float64(-0.07743912457492572), np.float64(0.38167711055912673), np.float64(0.06782800205426956), np.float64(-0.7782514504048142), np.float64(-0.7863271215979447), np.float64(0.7685582166047165), np.float64(0.3658224284486997)]",0,-0.3151078251721552,-2.0015627676937227
S1498,18.1,89.6,89.2,5.7,3.7,3.11,0,High School,2.27,48.5,Fail,F,Medium Risk,0,0,3,2,4.67,2.12,0.38,16.22,-0.2070717297936019,0.7329843380196143,1.1624357032238395,-0.9287980101452744,0.3195796011099924,0.4427415187243445,-1.1751393027860062,-1.1837123327881494,-0.0757480728007548,-0.2526192517454298,-0.2628351738635799,0.035183487601231,0.1988888971748594,0.0690586718335107,"[np.float64(-0.2070717297936019), np.float64(0.7329843380196143), np.float64(1.1624357032238397), np.float64(-0.9287980101452743), np.float64(0.3195796011099924), np.float64(0.44274151872434453), np.float64(-1.1751393027860062), np.float64(-1.1837123327881494), np.float64(-0.07574807280075485), np.float64(-0.2526192517454298), np.float64(-0.2628351738635799), np.float64(0.03518348760123109), np.float64(0.1988888971748594), np.float64(0.06905867183351073)]",0,0.25479118911047444,-0.5843484008823052
S1499,11.2,71.4,85.5,6.8,1.6,2.91,1,Master,1.86,58.6,Pass,D,Medium Risk,2,1,2,2,7.01,4.0,0.46,8.0,-0.9281572659291868,-0.6279320606314353,0.9707394523690664,-0.1719996315083841,-0.4913401213779053,0.1697476115074592,0.8509629433967631,1.028834083638298,0.1491206097753213,-0.0244219649486741,-0.1543264840654253,-0.9848795346974434,-0.8166085852870594,0.9506215958962784,"[np.float64(-0.9281572659291867), np.float64(-0.6279320606314353), np.float64(0.9707394523690664), np.float64(-0.17199963150838418), np.float64(-0.4913401213779053), np.float64(0.16974761150745923), np.float64(0.8509629433967631), np.float64(1.0288340836382979), np.float64(0.14912060977532138), np.float64(-0.024421964948674175), np.float64(-0.1543264840654253), np.float64(-0.9848795346974434), np.float64(-0.8166085852870594), np.float64(0.9506215958962785)]",0,-0.8970800522681585,-0.4920529758181541
S1500,6.2,88.6,76.9,5.9,1.3,1.1,1,Bachelor,1.74,39.0,Fail,F,High Risk,1,0,3,0,10.68,5.99,0.15,5.49,-1.450683016752074,0.658208711720106,0.5251751936255398,-0.7911983049385668,-0.6071857960190336,-2.300847248805356,0.8509629433967631,-0.0774391245749257,0.501799270054894,0.2171272907564023,-0.5747976570332743,-1.296358632747282,-1.1138273606417677,-0.7601341775324587,"[np.float64(-1.450683016752074), np.float64(0.658208711720106), np.float64(0.5251751936255398), np.float64(-0.7911983049385668), np.float64(-0.6071857960190336), np.float64(-2.300847248805356), np.float64(0.8509629433967631), np.float64(-0.07743912457492572), np.float64(0.501799270054894), np.float64(0.2171272907564023), np.float64(-0.5747976570332743), np.float64(-1.296358632747282), np.float64(-1.1138273606417677), np.float64(-0.7601341775324587)]",0,-2.003156429197792,-0.9682428800130423
