Student_ID,Study_Hours_Per_Week,Attendance_Percent,Quiz_Avg_Score,Sleep_Hours_Per_Night,Social_Media_Hours_Per_Day,Previous_GPA,Extracurricular_Activities,Parent_Education_Level,Current_GPA,Final_Score,Pass_Fail,Grade,Risk_Level,Parent_Education_Level_Encoded,Pass_Fail_Encoded,Grade_Encoded,Risk_Level_Encoded,Study_Efficiency,Sleep_Study_Ratio,Social_Media_Risk,Attendance_Study_Product,Study_Hours_Per_Week_scaled,Attendance_Percent_scaled,Quiz_Avg_Score_scaled,Sleep_Hours_Per_Night_scaled,Social_Media_Hours_Per_Day_scaled,Previous_GPA_scaled,Extracurricular_Activities_scaled,Parent_Education_Level_Encoded_scaled,Study_Efficiency_scaled,Sleep_Study_Ratio_scaled,Social_Media_Risk_scaled,Attendance_Study_Product_scaled,Current_GPA_scaled,Final_Score_scaled,Feature_Set
S1001,25.0,93.9,93.0,8.2,1.6,1.6,1,PhD,2.78,58.5,Pass,D,Medium Risk,3,1,2,2,3.58,2.23,0.1,23.48,0.5140138063419825,1.0545195311075006,1.3593129338314445,0.7911983049385668,-0.4913401213779053,-1.618362480763142,0.8509629433967631,2.1351072918515213,-0.18049459588106387,-0.239267282837109,-0.642615588157121,0.9361150620402067,1.462068692432368,0.9418932501134787,"[np.float64(0.5140138063419825), np.float64(1.0545195311075006), np.float64(1.3593129338314445), np.float64(0.7911983049385668), np.float64(-0.4913401213779053), np.float64(-1.618362480763142), np.float64(0.8509629433967631), np.float64(2.1351072918515213), np.float64(-0.18049459588106387), np.float64(-0.239267282837109), np.float64(-0.642615588157121), np.float64(0.9361150620402067), np.float64(1.462068692432368), np.float64(0.9418932501134787)]"
S1002,18.6,100.0,83.5,6.2,0.2,2.28,1,Bachelor,2.22,59.6,Pass,D,Medium Risk,1,1,2,2,4.26,2.25,0.0,18.6,-0.15481915471131316,1.5106508515345007,0.8671198573124322,-0.584798747128506,-1.0319532697031704,-0.6901831962257311,0.8509629433967631,-0.07743912457492572,-0.11514814111536652,-0.2368396521265052,-0.7782514504048142,0.3305302020867357,0.07504774077706486,1.0379050537242753,"[np.float64(-0.15481915471131316), np.float64(1.5106508515345007), np.float64(0.8671198573124322), np.float64(-0.584798747128506), np.float64(-1.0319532697031704), np.float64(-0.6901831962257311), np.float64(0.8509629433967631), np.float64(-0.07743912457492572), np.float64(-0.11514814111536652), np.float64(-0.2368396521265052), np.float64(-0.7782514504048142), np.float64(0.3305302020867357), np.float64(0.07504774077706486), np.float64(1.0379050537242753)]"
S1003,26.5,59.0,66.2,5.8,1.3,2.73,1,Bachelor,2.84,66.6,Pass,C,Low Risk,1,1,1,1,2.41,1.49,0.53,15.64,0.6707715315888486,-1.5551498267453383,-0.029189639927453187,-0.8599981575419209,-0.6071857960190336,-0.07594690498773808,0.8509629433967631,-0.07743912457492572,-0.29292893716910196,-0.32908961912944895,-0.05938138049204001,-0.03679176214733698,1.610678080109722,1.6488892585202521,"[np.float64(0.6707715315888486), np.float64(-1.5551498267453383), np.float64(-0.029189639927453187), np.float64(-0.8599981575419209), np.float64(-0.6071857960190336), np.float64(-0.07594690498773808), np.float64(0.8509629433967631), np.float64(-0.07743912457492572), np.float64(-0.29292893716910196), np.float64(-0.32908961912944895), np.float64(-0.05938138049204001), np.float64(-0.03679176214733698), np.float64(1.610678080109722), np.float64(1.6488892585202521)]"
S1004,35.2,88.4,52.1,7.0,0.4,1.64,1,High School,2.48,51.1,Pass,D,Medium Risk,0,1,2,2,1.44,1.36,0.05,31.12,1.579966338020673,0.6432535864602053,-0.7597077850767242,-0.034399926301676716,-0.9547228199424184,-1.563763699319765,0.8509629433967631,-1.1837123327881494,-0.3861437329378174,-0.3448692187483735,-0.7104335192809677,1.8842028345903132,0.7190217540455983,0.2959956621863025,"[np.float64(1.579966338020673), np.float64(0.6432535864602053), np.float64(-0.7597077850767242), np.float64(-0.034399926301676716), np.float64(-0.9547228199424184), np.float64(-1.563763699319765), np.float64(0.8509629433967631), np.float64(-1.1837123327881494), np.float64(-0.3861437329378174), np.float64(-0.3448692187483735), np.float64(-0.7104335192809677), np.float64(1.8842028345903132), np.float64(0.7190217540455983), np.float64(0.2959956621863025)]"
S1005,17.7,70.2,79.0,6.7,5.0,2.06,0,Bachelor,2.43,43.0,Fail,F,Medium Risk,1,0,3,2,4.22,2.55,1.49,12.43,-0.2488737898594331,-0.7176628121908454,0.6339757684350054,-0.2407994841117376,0.8215775245548813,-0.9904764941643049,-1.1751393027860062,-0.07743912457492572,-0.11899205021923107,-0.20042519146744847,1.242722897085815,-0.4351375409282064,0.5951805976478038,-0.4110003462204716,"[np.float64(-0.2488737898594331), np.float64(-0.7176628121908454), np.float64(0.6339757684350054), np.float64(-0.2407994841117376), np.float64(0.8215775245548813), np.float64(-0.9904764941643049), np.float64(-1.1751393027860062), np.float64(-0.07743912457492572), np.float64(-0.11899205021923107), np.float64(-0.20042519146744847), np.float64(1.242722897085815), np.float64(-0.4351375409282064), np.float64(0.5951805976478038), np.float64(-0.4110003462204716)]"
S1006,17.7,72.7,72.9,6.3,8.9,2.0,0,Bachelor,1.91,41.9,Fail,F,Medium Risk,1,0,3,2,3.9,2.4,2.43,12.87,-0.2488737898594331,-0.5307237464420748,0.3179360035122714,-0.5159988945251526,2.327571294889548,-1.0723746663293707,-1.1751393027860062,-0.07743912457492572,-0.14974332305014745,-0.21863242179697684,2.517700002214132,-0.3805356273258443,-0.6927674288892649,-0.5070121498312682,"[np.float64(-0.2488737898594331), np.float64(-0.5307237464420748), np.float64(0.3179360035122714), np.float64(-0.5159988945251526), np.float64(2.327571294889548), np.float64(-1.0723746663293707), np.float64(-1.1751393027860062), np.float64(-0.07743912457492572), np.float64(-0.14974332305014745), np.float64(-0.21863242179697684), np.float64(2.517700002214132), np.float64(-0.3805356273258443), np.float64(-0.6927674288892649), np.float64(-0.5070121498312682)]"
S1007,35.8,71.1,82.9,8.0,0.2,2.97,1,Bachelor,2.81,65.5,Pass,C,Low Risk,1,1,1,1,2.25,1.53,0.06,25.45,1.6426694281194187,-0.6503647485212887,0.8360339787954423,0.65359859973186,-1.0319532697031704,0.251645783672525,0.8509629433967631,-0.07743912457492572,-0.3083045735845602,-0.3242343577082414,-0.6968699330561983,1.1805827206689643,1.5363733862710456,1.5528774549094562,"[np.float64(1.6426694281194187), np.float64(-0.6503647485212887), np.float64(0.8360339787954423), np.float64(0.65359859973186), np.float64(-1.0319532697031704), np.float64(0.251645783672525), np.float64(0.8509629433967631), np.float64(-0.07743912457492572), np.float64(-0.3083045735845602), np.float64(-0.3242343577082414), np.float64(-0.6968699330561983), np.float64(1.1805827206689643), np.float64(1.5363733862710456), np.float64(1.5528774549094562)]"
S1008,27.7,67.0,77.7,8.4,9.15,2.86,1,Bachelor,2.54,51.9,Pass,D,Medium Risk,1,1,2,2,2.71,2.07,3.02,18.56,0.7961777117863416,-0.9569448163492721,0.5666230316481933,0.928798010145275,2.424109357090489,0.10149913470323746,0.8509629433967631,-0.07743912457492572,-0.26409961889011785,-0.2586883285219393,3.317951589475522,0.32556639175924795,0.8676311417229525,0.3658224284486997,"[np.float64(0.7961777117863416), np.float64(-0.9569448163492721), np.float64(0.5666230316481933), np.float64(0.928798010145275), np.float64(2.424109357090489), np.float64(0.10149913470323746), np.float64(0.8509629433967631), np.float64(-0.07743912457492572), np.float64(-0.26409961889011785), np.float64(-0.2586883285219393), np.float64(3.317951589475522), np.float64(0.32556639175924795), np.float64(0.8676311417229525), np.float64(0.3658224284486997)]"
S1009,15.3,80.7,86.0,7.1,2.2,2.22,1,High School,2.6,61.3,Pass,D,Low Risk,0,1,2,1,5.28,3.11,0.42,12.35,-0.49968615025441887,0.06748126395399137,0.996644351133225,0.034399926301676716,-0.2596487720956488,-0.7720813683907962,0.8509629433967631,-1.1837123327881494,-0.017128458966820415,-0.13245153157054254,-0.20858082896450264,-0.4450651615831813,1.0162405294003067,1.1862869320318694,"[np.float64(-0.49968615025441887), np.float64(0.06748126395399137), np.float64(0.996644351133225), np.float64(0.034399926301676716), np.float64(-0.2596487720956488), np.float64(-0.7720813683907962), np.float64(0.8509629433967631), np.float64(-1.1837123327881494), np.float64(-0.017128458966820415), np.float64(-0.13245153157054254), np.float64(-0.20858082896450264), np.float64(-0.4450651615831813), np.float64(1.0162405294003067), np.float64(1.1862869320318694)]"
S1010,25.4,67.5,54.3,9.2,1.1,2.94,0,High School,2.52,29.4,Fail,F,High Risk,0,0,3,0,2.06,2.47,0.36,17.14,0.5558158664078133,-0.9195570031995179,-0.6457262305144268,1.4791968309721035,-0.6844162457797857,0.21069669758999182,-1.1751393027860062,-1.1837123327881494,-0.3265631418279168,-0.21013571430986358,-0.28996234631311857,0.14935112513344306,0.8180946791638345,-1.598055372681228,"[np.float64(0.5558158664078133), np.float64(-0.9195570031995179), np.float64(-0.6457262305144268), np.float64(1.4791968309721035), np.float64(-0.6844162457797857), np.float64(0.21069669758999182), np.float64(-1.1751393027860062), np.float64(-1.1837123327881494), np.float64(-0.3265631418279168), np.float64(-0.21013571430986358), np.float64(-0.28996234631311857), np.float64(0.14935112513344306), np.float64(0.8180946791638345), np.float64(-1.598055372681228)]"
S1011,15.4,84.1,91.3,5.3,0.2,2.36,0,Bachelor,2.55,33.8,Fail,F,High Risk,1,0,3,0,5.57,2.3,0.03,12.95,-0.48923563523796115,0.32171839337231883,1.2712362780333053,-1.2039974205586892,-1.0319532697031704,-0.5809856333389767,-1.1751393027860062,-0.07743912457492572,0.010739882036197586,-0.2307705753499958,-0.7375606917305063,-0.37060800667086935,0.8923993730025109,-1.2140081582380422,"[np.float64(-0.48923563523796115), np.float64(0.32171839337231883), np.float64(1.2712362780333053), np.float64(-1.2039974205586892), np.float64(-1.0319532697031704), np.float64(-0.5809856333389767), np.float64(-1.1751393027860062), np.float64(-0.07743912457492572), np.float64(0.010739882036197586), np.float64(-0.2307705753499958), np.float64(-0.7375606917305063), np.float64(-0.37060800667086935), np.float64(0.8923993730025109), np.float64(-1.2140081582380422)]"
S1012,15.3,79.2,69.0,6.7,2.1,2.58,1,High School,2.01,42.2,Fail,F,Medium Risk,0,0,3,2,4.23,2.93,0.44,12.12,-0.49968615025441887,-0.04468217549527103,0.11587779315183451,-0.2407994841117376,-0.2982639969760249,-0.2806923354004022,0.8509629433967631,-1.1837123327881494,-0.11803107294326487,-0.15430020796597657,-0.18145365651496398,-0.47360707096623433,-0.4450851160936752,-0.4808271124828688,"[np.float64(-0.49968615025441887), np.float64(-0.04468217549527103), np.float64(0.11587779315183451), np.float64(-0.2407994841117376), np.float64(-0.2982639969760249), np.float64(-0.2806923354004022), np.float64(0.8509629433967631), np.float64(-1.1837123327881494), np.float64(-0.11803107294326487), np.float64(-0.15430020796597657), np.float64(-0.18145365651496398), np.float64(-0.47360707096623433), np.float64(-0.4450851160936752), np.float64(-0.4808271124828688)]"
S1013,22.4,76.4,100.0,5.9,4.7,4.0,0,High School,2.37,63.9,Pass,D,Low Risk,0,1,2,1,4.27,1.79,1.11,17.11,0.2423004159140809,-0.25405392913389396,1.7219815165296641,-0.7911983049385668,0.7057318499137532,1.6575644058394858,-1.1751393027860062,-1.1837123327881494,-0.1141871638394004,-0.2926751584703922,0.727306620544581,0.14562826738782733,0.44657120997044963,1.4132239223846612,"[np.float64(0.2423004159140809), np.float64(-0.25405392913389396), np.float64(1.7219815165296641), np.float64(-0.7911983049385668), np.float64(0.7057318499137532), np.float64(1.6575644058394858), np.float64(-1.1751393027860062), np.float64(-1.1837123327881494), np.float64(-0.1141871638394004), np.float64(-0.2926751584703922), np.float64(0.727306620544581), np.float64(0.14562826738782733), np.float64(0.44657120997044963), np.float64(1.4132239223846612)]"
S1014,0.9,66.4,51.2,4.2,3.7,3.87,0,PhD,1.67,15.1,Fail,F,High Risk,3,0,3,0,26.95,18.38,1.24,0.6,-2.0045603126243345,-1.0018101921289766,-0.8063366028522094,-1.9607957991955793,0.3195796011099924,1.4801183661485104,-1.1751393027860062,2.1351072918515213,2.0653092980518,1.721044515975446,0.9036332414665821,-1.903184445282625,-1.2872049795986809,-2.846208819621582,"[np.float64(-2.0045603126243345), np.float64(-1.0018101921289766), np.float64(-0.8063366028522094), np.float64(-1.9607957991955793), np.float64(0.3195796011099924), np.float64(1.4801183661485104), np.float64(-1.1751393027860062), np.float64(2.1351072918515213), np.float64(2.0653092980518), np.float64(1.721044515975446), np.float64(0.9036332414665821), np.float64(-1.903184445282625), np.float64(-1.2872049795986809), np.float64(-2.846208819621582)]"
S1015,2.8,71.3,99.7,6.9,0.2,1.76,1,Bachelor,2.25,22.4,Fail,F,High Risk,1,0,3,0,26.24,13.8,0.06,2.0,-1.8060005273116373,-0.6354096232613867,1.7064385772711692,-0.10319977890503014,-1.0319532697031704,-1.3999673549896334,0.8509629433967631,-0.07743912457492572,1.9970799114582043,1.1651170832471798,-0.6968699330561983,-1.7294510838205637,0.14935243461574138,-2.2090395774772054,"[np.float64(-1.8060005273116373), np.float64(-0.6354096232613867), np.float64(1.7064385772711692), np.float64(-0.10319977890503014), np.float64(-1.0319532697031704), np.float64(-1.3999673549896334), np.float64(0.8509629433967631), np.float64(-0.07743912457492572), np.float64(1.9970799114582043), np.float64(1.1651170832471798), np.float64(-0.6968699330561983), np.float64(-1.7294510838205637), np.float64(0.14935243461574138), np.float64(-2.2090395774772054)]"
S1016,14.4,91.3,69.0,6.8,0.2,3.46,0,Bachelor,2.26,54.0,Pass,D,Medium Risk,1,1,2,2,4.48,3.15,0.02,13.15,-0.5937407854025386,0.8601029027287785,0.11587779315183451,-0.17199963150838418,-1.0319532697031704,0.9204808563538945,-1.1751393027860062,-0.07743912457492572,-0.09400664104411142,-0.12759627014933497,-0.7511242779552756,-0.3457889550334319,0.17412066589529984,0.5491176898874931,"[np.float64(-0.5937407854025386), np.float64(0.8601029027287785), np.float64(0.11587779315183451), np.float64(-0.17199963150838418), np.float64(-1.0319532697031704), np.float64(0.9204808563538945), np.float64(-1.1751393027860062), np.float64(-0.07743912457492572), np.float64(-0.09400664104411142), np.float64(-0.12759627014933497), np.float64(-0.7511242779552756), np.float64(-0.3457889550334319), np.float64(0.17412066589529984), np.float64(0.5491176898874931)]"
S1017,9.9,87.5,52.0,9.3,1.5,3.45,1,Master,2.44,45.0,Fail,F,Medium Risk,2,0,3,2,4.77,6.14,0.19,8.66,-1.0640139611431372,0.5759555227906473,-0.7648887648295559,1.5479966835754582,-0.5299553462582814,0.9068311609930506,0.8509629433967631,1.0288340836382979,-0.06613830004109351,0.2353345210859306,-0.5205433121341971,-0.9029766642939002,0.6199488289273622,-0.23643343056447802,"[np.float64(-1.0640139611431372), np.float64(0.5759555227906473), np.float64(-0.7648887648295559), np.float64(1.5479966835754582), np.float64(-0.5299553462582814), np.float64(0.9068311609930506), np.float64(0.8509629433967631), np.float64(1.0288340836382979), np.float64(-0.06613830004109351), np.float64(0.2353345210859306), np.float64(-0.5205433121341971), np.float64(-0.9029766642939002), np.float64(0.6199488289273622), np.float64(-0.23643343056447802)]"
S1018,23.1,65.3,55.3,7.9,1.0,1.88,0,PhD,2.43,37.6,Fail,F,High Risk,3,0,3,0,2.29,2.32,0.35,15.08,0.31545402102928544,-1.0840633810584364,-0.5939164329861097,0.5847987471285065,-0.7230314706601618,-1.2361710106595023,-1.1751393027860062,2.1351072918515213,-0.30446066448069564,-0.22834294463939198,-0.30352593253788795,-0.1062851067321616,0.5951805976478038,-0.8823310184916542,"[np.float64(0.31545402102928544), np.float64(-1.0840633810584364), np.float64(-0.5939164329861097), np.float64(0.5847987471285065), np.float64(-0.7230314706601618), np.float64(-1.2361710106595023), np.float64(-1.1751393027860062), np.float64(2.1351072918515213), np.float64(-0.30446066448069564), np.float64(-0.22834294463939198), np.float64(-0.30352593253788795), np.float64(-0.1062851067321616), np.float64(0.5951805976478038), np.float64(-0.8823310184916542)]"
S1019,10.9,81.5,58.6,5.5,0.8,3.46,0,Bachelor,1.75,33.5,Fail,F,High Risk,1,0,3,0,4.92,3.32,0.15,8.88,-0.9595088109785598,0.12730176499359777,-0.4229441011426631,-1.0663977153519817,-0.8002619204209138,0.9204808563538945,-1.1751393027860062,-0.07743912457492572,-0.051723640901601406,-0.10696140910920282,-0.5747976570332743,-0.8756757074927191,-1.0890591293622087,-1.2401931955864411,"[np.float64(-0.9595088109785598), np.float64(0.12730176499359777), np.float64(-0.4229441011426631), np.float64(-1.0663977153519817), np.float64(-0.8002619204209138), np.float64(0.9204808563538945), np.float64(-1.1751393027860062), np.float64(-0.07743912457492572), np.float64(-0.051723640901601406), np.float64(-0.10696140910920282), np.float64(-0.5747976570332743), np.float64(-0.8756757074927191), np.float64(-1.0890591293622087), np.float64(-1.2401931955864411)]"
S1020,5.9,91.3,73.5,9.8,1.0,4.0,0,Master,2.08,39.8,Fail,F,High Risk,2,0,3,0,10.65,10.39,0.09,5.39,-1.482034561801447,0.8601029027287785,0.3490218820292614,1.8919959465922265,-0.7230314706601618,1.6575644058394858,-1.1751393027860062,1.0288340836382979,0.4989163382269956,0.7512060470892347,-0.6561791743818904,-1.3087681585660007,-0.27170749713676146,-0.6903074112700616,"[np.float64(-1.482034561801447), np.float64(0.8601029027287785), np.float64(0.3490218820292614), np.float64(1.8919959465922265), np.float64(-0.7230314706601618), np.float64(1.6575644058394858), np.float64(-1.1751393027860062), np.float64(1.0288340836382979), np.float64(0.4989163382269956), np.float64(0.7512060470892347), np.float64(-0.6561791743818904), np.float64(-1.3087681585660007), np.float64(-0.27170749713676146), np.float64(-0.6903074112700616)]"
S1021,34.7,55.0,75.5,8.8,4.9,1.9,1,Bachelor,2.22,55.1,Pass,D,Medium Risk,1,1,2,2,2.11,1.74,2.2,19.08,1.5277137629383841,-1.8542523319433712,0.4526414770858956,1.2039974205586899,0.7829622996745054,-1.2088716199378138,0.8509629433967631,-0.07743912457492572,-0.3217582554480861,-0.29874423524690163,2.2057375190444377,0.390095926016585,0.07504774077706486,0.6451294934982896,"[np.float64(1.5277137629383841), np.float64(-1.8542523319433712), np.float64(0.4526414770858956), np.float64(1.2039974205586899), np.float64(0.7829622996745054), np.float64(-1.2088716199378138), np.float64(0.8509629433967631), np.float64(-0.07743912457492572), np.float64(-0.3217582554480861), np.float64(-0.29874423524690163), np.float64(2.2057375190444377), np.float64(0.390095926016585), np.float64(0.07504774077706486), np.float64(0.6451294934982896)]"
S1022,17.7,88.2,53.5,7.9,7.9,2.07,0,Bachelor,2.12,37.6,Fail,F,High Risk,1,0,3,0,2.86,3.01,0.93,15.61,-0.2488737898594331,0.6282984612003033,-0.6871740685370803,0.5847987471285065,1.9414190460857876,-0.976826798803461,-1.1751393027860062,-0.07743912457492572,-0.2496849597506258,-0.14458968512356146,0.48316206849873305,-0.04051461989295273,-0.17263457201852536,-0.8823310184916542,"[np.float64(-0.2488737898594331), np.float64(0.6282984612003033), np.float64(-0.6871740685370803), np.float64(0.5847987471285065), np.float64(1.9414190460857876), np.float64(-0.976826798803461), np.float64(-1.1751393027860062), np.float64(-0.07743912457492572), np.float64(-0.2496849597506258), np.float64(-0.14458968512356146), np.float64(0.48316206849873305), np.float64(-0.04051461989295273), np.float64(-0.17263457201852536), np.float64(-0.8823310184916542)]"
S1023,20.7,70.1,64.5,6.7,1.6,3.61,1,Bachelor,2.04,50.7,Pass,D,Medium Risk,1,1,2,2,2.97,2.19,0.48,14.51,0.0646416606342993,-0.7251403748207969,-0.11726629572559238,-0.2407994841117376,-0.4913401213779053,1.1252262867665588,0.8509629433967631,-0.07743912457492572,-0.23911420971499825,-0.24412254425831656,-0.12719931161588668,-0.17701940389885804,-0.3707804222549976,0.26108227905510395,"[np.float64(0.0646416606342993), np.float64(-0.7251403748207969), np.float64(-0.11726629572559238), np.float64(-0.2407994841117376), np.float64(-0.4913401213779053), np.float64(1.1252262867665588), np.float64(0.8509629433967631), np.float64(-0.07743912457492572), np.float64(-0.23911420971499825), np.float64(-0.24412254425831656), np.float64(-0.12719931161588668), np.float64(-0.17701940389885804), np.float64(-0.3707804222549976), np.float64(0.26108227905510395)]"
S1024,5.8,88.6,100.0,5.6,7.1,3.02,0,Bachelor,2.6,23.2,Fail,F,High Risk,1,0,3,0,14.71,6.03,0.81,5.14,-1.4924850768179048,0.658208711720106,1.7219815165296641,-0.9975978627486284,1.6324972470427788,0.3198942604767462,-1.1751393027860062,-0.07743912457492572,0.8890731122692476,0.22198255217760987,0.32039903380150114,-1.3397919731127974,1.0162405294003067,-2.139212811214808,"[np.float64(-1.4924850768179048), np.float64(0.658208711720106), np.float64(1.7219815165296641), np.float64(-0.9975978627486284), np.float64(1.6324972470427788), np.float64(0.3198942604767462), np.float64(-1.1751393027860062), np.float64(-0.07743912457492572), np.float64(0.8890731122692476), np.float64(0.22198255217760987), np.float64(0.32039903380150114), np.float64(-1.3397919731127974), np.float64(1.0162405294003067), np.float64(-2.139212811214808)]"
S1025,14.6,68.6,99.6,6.4,1.2,3.24,1,Bachelor,2.42,44.8,Fail,F,Medium Risk,1,0,3,2,6.38,2.93,0.38,10.02,-0.5728397553696232,-0.8373038142700593,1.701257597518337,-0.4471990419217985,-0.6458010208994097,0.6201875584153207,0.8509629433967631,-0.07743912457492572,0.08857904138945472,-0.15430020796597657,-0.2628351738635799,-0.7342071131593263,0.5704123663682442,-0.2538901221300776,"[np.float64(-0.5728397553696232), np.float64(-0.8373038142700593), np.float64(1.701257597518337), np.float64(-0.4471990419217985), np.float64(-0.6458010208994097), np.float64(0.6201875584153207), np.float64(0.8509629433967631), np.float64(-0.07743912457492572), np.float64(0.08857904138945472), np.float64(-0.15430020796597657), np.float64(-0.2628351738635799), np.float64(-0.7342071131593263), np.float64(0.5704123663682442), np.float64(-0.2538901221300776)]"
S1026,21.1,52.9,73.7,8.6,1.9,3.07,0,Bachelor,2.12,38.2,Fail,F,High Risk,1,0,3,0,3.33,2.76,0.89,11.16,0.1064437207001305,-2.0112811471723386,0.359383841534925,1.0663977153519817,-0.3754944467367771,0.3881427372809674,-1.1751393027860062,-0.07743912457492572,-0.2045190277802173,-0.17493506900610875,0.4289077235996557,-0.5927385188259334,-0.17263457201852536,-0.829960943794856,"[np.float64(0.1064437207001305), np.float64(-2.0112811471723386), np.float64(0.359383841534925), np.float64(1.0663977153519817), np.float64(-0.3754944467367771), np.float64(0.3881427372809674), np.float64(-1.1751393027860062), np.float64(-0.07743912457492572), np.float64(-0.2045190277802173), np.float64(-0.17493506900610875), np.float64(0.4289077235996557), np.float64(-0.5927385188259334), np.float64(-0.17263457201852536), np.float64(-0.829960943794856)]"
S1027,8.5,55.6,65.8,9.8,0.8,3.11,1,High School,1.45,38.1,Fail,F,High Risk,0,0,3,0,6.93,7.46,0.36,4.73,-1.2103211713735458,-1.8093869561636662,-0.049913558938780314,1.8919959465922265,-0.8002619204209138,0.44274151872434453,0.8509629433967631,-1.1837123327881494,0.14143279156759228,0.3955581479857803,-0.28996234631311857,-1.3906710289695439,-1.8321060677489789,-0.8386892895776558,"[np.float64(-1.2103211713735458), np.float64(-1.8093869561636662), np.float64(-0.049913558938780314), np.float64(1.8919959465922265), np.float64(-0.8002619204209138), np.float64(0.44274151872434453), np.float64(0.8509629433967631), np.float64(-1.1837123327881494), np.float64(0.14143279156759228), np.float64(0.3955581479857803), np.float64(-0.28996234631311857), np.float64(-1.3906710289695439), np.float64(-1.8321060677489789), np.float64(-0.8386892895776558)]"
S1028,23.8,80.7,67.4,9.3,3.1,1.74,1,Bachelor,1.87,48.3,Fail,F,Medium Risk,1,0,3,2,2.72,2.66,0.6,19.21,0.38860762614448957,0.06748126395399137,0.032982117106527466,1.5479966835754582,0.08788825182773588,-1.4272667457113222,0.8509629433967631,-0.07743912457492572,-0.2631386416141517,-0.18707322255912764,0.0355637230813452,0.40622830958091954,-0.7918403540075004,0.051601980267911136,"[np.float64(0.38860762614448957), np.float64(0.06748126395399137), np.float64(0.032982117106527466), np.float64(1.5479966835754582), np.float64(0.08788825182773588), np.float64(-1.4272667457113222), np.float64(0.8509629433967631), np.float64(-0.07743912457492572), np.float64(-0.2631386416141517), np.float64(-0.18707322255912764), np.float64(0.0355637230813452), np.float64(0.40622830958091954), np.float64(-0.7918403540075004), np.float64(0.051601980267911136)]"
S1029,14.0,83.9,77.3,6.3,9.15,3.64,1,High School,2.24,48.2,Fail,F,Medium Risk,0,0,3,2,5.15,3.0,1.47,11.75,-0.6355428454683697,0.30676326811241805,0.5458991126368662,-0.5159988945251526,2.424109357090489,1.166175372849092,0.8509629433967631,-1.1837123327881494,-0.029621163554380197,-0.14580350047886334,1.2155957246362765,-0.5195223164954933,0.1245842033361829,0.04287363448511195,"[np.float64(-0.6355428454683697), np.float64(0.30676326811241805), np.float64(0.5458991126368662), np.float64(-0.5159988945251526), np.float64(2.424109357090489), np.float64(1.166175372849092), np.float64(0.8509629433967631), np.float64(-1.1837123327881494), np.float64(-0.029621163554380197), np.float64(-0.14580350047886334), np.float64(1.2155957246362765), np.float64(-0.5195223164954933), np.float64(0.1245842033361829), np.float64(0.04287363448511195)]"
S1030,17.1,66.4,44.5,5.3,2.8,3.74,0,Bachelor,1.24,22.1,Fail,F,High Risk,1,0,3,0,2.46,2.08,0.94,11.35,-0.31157687995817934,-1.0018101921289766,-1.1534622462919342,-1.2039974205586892,-0.02795742281339246,1.3026723264575348,-1.1751393027860062,-0.07743912457492572,-0.2881240507892713,-0.2574745131666374,0.4967256547235022,-0.569160419770368,-2.352238924619718,-2.2352246148256043,"[np.float64(-0.31157687995817934), np.float64(-1.0018101921289766), np.float64(-1.1534622462919342), np.float64(-1.2039974205586892), np.float64(-0.02795742281339246), np.float64(1.3026723264575348), np.float64(-1.1751393027860062), np.float64(-0.07743912457492572), np.float64(-0.2881240507892713), np.float64(-0.2574745131666374), np.float64(0.4967256547235022), np.float64(-0.569160419770368), np.float64(-2.352238924619718), np.float64(-2.2352246148256043)]"
S1031,14.0,89.6,59.9,7.2,1.3,2.62,0,Bachelor,2.44,46.6,Fail,F,Medium Risk,1,0,3,2,3.99,3.43,0.14,12.54,-0.6355428454683697,0.7329843380196143,-0.35559136435585104,0.10319977890503075,-0.6071857960190336,-0.22609355395702502,-1.1751393027860062,-0.07743912457492572,-0.1410945275664522,-0.09360944020088198,-0.5883612432580437,-0.4214870625276159,0.6199488289273622,-0.09677989803968304,"[np.float64(-0.6355428454683697), np.float64(0.7329843380196143), np.float64(-0.35559136435585104), np.float64(0.10319977890503075), np.float64(-0.6071857960190336), np.float64(-0.22609355395702502), np.float64(-1.1751393027860062), np.float64(-0.07743912457492572), np.float64(-0.1410945275664522), np.float64(-0.09360944020088198), np.float64(-0.5883612432580437), np.float64(-0.4214870625276159), np.float64(0.6199488289273622), np.float64(-0.09677989803968304)]"
S1032,38.5,55.1,31.6,4.3,3.1,2.77,0,Master,1.91,47.4,Fail,F,Medium Risk,2,0,3,2,0.8,0.77,1.39,21.21,1.9248333335637782,-1.8467747693134204,-1.8218086344072244,-1.891995946592226,0.08788825182773588,-0.021348123544360897,-1.1751393027860062,1.0288340836382979,-0.44764627859965017,-0.4164843247111852,1.1070870348381219,0.654418825955293,-0.6927674288892649,-0.026953131777285852,"[np.float64(1.9248333335637782), np.float64(-1.8467747693134204), np.float64(-1.8218086344072244), np.float64(-1.891995946592226), np.float64(0.08788825182773588), np.float64(-0.021348123544360897), np.float64(-1.1751393027860062), np.float64(1.0288340836382979), np.float64(-0.44764627859965017), np.float64(-0.4164843247111852), np.float64(1.1070870348381219), np.float64(0.654418825955293), np.float64(-0.6927674288892649), np.float64(-0.026953131777285852)]"
S1033,19.9,79.0,73.0,7.5,0.4,1.58,1,Master,3.15,66.5,Pass,C,Low Risk,2,1,1,1,3.49,2.55,0.08,15.72,-0.018962459497362756,-0.0596373007551729,0.32311698326510285,0.30959933671509166,-0.9547228199424184,-1.6456618714848306,0.8509629433967631,1.0288340836382979,-0.18914339136475908,-0.20042519146744847,-0.6697427606066597,-0.026864141492362038,2.378493249776051,1.640160912737453,"[np.float64(-0.018962459497362756), np.float64(-0.0596373007551729), np.float64(0.32311698326510285), np.float64(0.30959933671509166), np.float64(-0.9547228199424184), np.float64(-1.6456618714848306), np.float64(0.8509629433967631), np.float64(1.0288340836382979), np.float64(-0.18914339136475908), np.float64(-0.20042519146744847), np.float64(-0.6697427606066597), np.float64(-0.026864141492362038), np.float64(2.378493249776051), np.float64(1.640160912737453)]"
S1034,9.4,61.8,77.9,6.8,6.6,3.21,1,Master,2.58,34.7,Fail,F,High Risk,2,0,3,0,7.49,4.71,2.52,5.81,-1.116266536225426,-1.3457780731067153,0.5769849911538568,-0.17199963150838418,1.4394211226408984,0.5792384723327875,0.8509629433967631,1.0288340836382979,0.19524751902169604,0.06175892527776013,2.639772278237056,-1.2566481501273825,0.9667040668411886,-1.1354530461928447,"[np.float64(-1.116266536225426), np.float64(-1.3457780731067153), np.float64(0.5769849911538568), np.float64(-0.17199963150838418), np.float64(1.4394211226408984), np.float64(0.5792384723327875), np.float64(0.8509629433967631), np.float64(1.0288340836382979), np.float64(0.19524751902169604), np.float64(0.06175892527776013), np.float64(2.639772278237056), np.float64(-1.2566481501273825), np.float64(0.9667040668411886), np.float64(-1.1354530461928447)]"
S1035,28.2,70.2,55.3,6.3,2.1,3.26,1,Bachelor,2.16,50.8,Pass,D,Medium Risk,1,1,2,2,1.89,1.53,0.63,19.8,0.8484302868686303,-0.7176628121908454,-0.5939164329861097,-0.5159988945251526,-0.2982639969760249,0.6474869491370087,0.8509629433967631,-0.07743912457492572,-0.3428997555193412,-0.3242343577082414,0.0762544817556532,0.47944451191135967,-0.07356164690028928,0.26981062483790313,"[np.float64(0.8484302868686303), np.float64(-0.7176628121908454), np.float64(-0.5939164329861097), np.float64(-0.5159988945251526), np.float64(-0.2982639969760249), np.float64(0.6474869491370087), np.float64(0.8509629433967631), np.float64(-0.07743912457492572), np.float64(-0.3428997555193412), np.float64(-0.3242343577082414), np.float64(0.0762544817556532), np.float64(0.47944451191135967), np.float64(-0.07356164690028928), np.float64(0.26981062483790313)]"
S1036,7.8,80.7,96.5,4.6,1.8,2.75,0,Master,2.11,33.0,Fail,F,High Risk,2,0,3,0,10.97,3.79,0.35,6.29,-1.28347477648875,0.06748126395399137,1.5406472251805543,-1.685596388782165,-0.4141096716171532,-0.048647514266049484,-1.1751393027860062,1.0288340836382979,0.529667611057912,-0.04991208741001389,-0.30352593253788795,-1.1970824261975328,-0.19740280329808496,-1.2838349245004395,"[np.float64(-1.28347477648875), np.float64(0.06748126395399137), np.float64(1.5406472251805543), np.float64(-1.685596388782165), np.float64(-0.4141096716171532), np.float64(-0.048647514266049484), np.float64(-1.1751393027860062), np.float64(1.0288340836382979), np.float64(0.529667611057912), np.float64(-0.04991208741001389), np.float64(-0.30352593253788795), np.float64(-1.1970824261975328), np.float64(-0.19740280329808496), np.float64(-1.2838349245004395)]"
S1037,22.1,67.1,40.5,7.8,2.6,3.7,0,Bachelor,2.33,22.1,Fail,F,High Risk,1,0,3,0,1.75,2.39,0.86,14.83,0.21094887086470795,-0.9494672537193217,-1.3607014364052024,0.5159988945251526,-0.10518787257414451,1.2480735450141576,-1.1751393027860062,-0.07743912457492572,-0.35635343738286707,-0.21984623715227872,0.3882169649253477,-0.13730892127895827,0.34749828485221357,-2.2352246148256043,"[np.float64(0.21094887086470795), np.float64(-0.9494672537193217), np.float64(-1.3607014364052024), np.float64(0.5159988945251526), np.float64(-0.10518787257414451), np.float64(1.2480735450141576), np.float64(-1.1751393027860062), np.float64(-0.07743912457492572), np.float64(-0.35635343738286707), np.float64(-0.21984623715227872), np.float64(0.3882169649253477), np.float64(-0.13730892127895827), np.float64(0.34749828485221357), np.float64(-2.2352246148256043)]"
S1038,0.4,74.2,35.7,6.2,2.9,2.53,0,High School,1.97,34.0,Fail,F,High Risk,0,0,3,0,25.5,39.45,0.75,0.3,-2.056812887706623,-0.4185603069928124,-1.6093884645411243,-0.584798747128506,0.010657802066983652,-0.348940812204624,-1.1751393027860062,-1.1837123327881494,1.9259675930367102,4.278553469596532,0.2390175164528851,-1.9404130227387808,-0.5441580412119107,-1.1965514666724426,"[np.float64(-2.056812887706623), np.float64(-0.4185603069928124), np.float64(-1.6093884645411243), np.float64(-0.584798747128506), np.float64(0.010657802066983652), np.float64(-0.348940812204624), np.float64(-1.1751393027860062), np.float64(-1.1837123327881494), np.float64(1.9259675930367102), np.float64(4.278553469596532), np.float64(0.2390175164528851), np.float64(-1.9404130227387808), np.float64(-0.5441580412119107), np.float64(-1.1965514666724426)]"
S1039,6.7,95.1,69.5,5.2,0.2,3.25,1,High School,1.65,44.5,Fail,F,Medium Risk,0,0,3,2,9.03,4.92,0.01,6.37,-1.3984304416697853,1.1442502826669096,0.14178269191599305,-1.2727972731620427,-1.0319532697031704,0.6338372537761647,0.8509629433967631,-1.1837123327881494,0.34323801952048116,0.08724904773909985,-0.764687864180045,-1.1871548055425576,-1.336741442157799,-0.28007515947847644,"[np.float64(-1.3984304416697853), np.float64(1.1442502826669096), np.float64(0.14178269191599305), np.float64(-1.2727972731620427), np.float64(-1.0319532697031704), np.float64(0.6338372537761647), np.float64(0.8509629433967631), np.float64(-1.1837123327881494), np.float64(0.34323801952048116), np.float64(0.08724904773909985), np.float64(-0.764687864180045), np.float64(-1.1871548055425576), np.float64(-1.336741442157799), np.float64(-0.28007515947847644)]"
S1040,22.0,71.3,85.9,3.2124999999999986,3.4,1.98,1,High School,1.56,58.2,Pass,D,Medium Risk,0,1,2,2,3.73,0.99,0.98,15.69,0.20049835584825007,-0.6354096232613867,0.9914633713803935,-2.640194343653698,0.20373392646886404,-1.0996740570510593,0.8509629433967631,-1.1837123327881494,-0.16607993674157182,-0.38978038689454353,0.5509799996225796,-0.03058699923797778,-1.5596555236738296,0.9157082127650799,"[np.float64(0.20049835584825007), np.float64(-0.6354096232613867), np.float64(0.9914633713803935), np.float64(-2.640194343653698), np.float64(0.20373392646886404), np.float64(-1.0996740570510593), np.float64(0.8509629433967631), np.float64(-1.1837123327881494), np.float64(-0.16607993674157182), np.float64(-0.38978038689454353), np.float64(0.5509799996225796), np.float64(-0.03058699923797778), np.float64(-1.5596555236738296), np.float64(0.9157082127650799)]"
S1041,27.4,92.5,98.7,7.0,0.8,2.78,1,Bachelor,2.58,53.5,Pass,D,Medium Risk,1,1,2,2,3.48,1.74,0.06,25.34,0.7648261667369682,0.9498336542881887,1.654628779742852,-0.034399926301676716,-0.8002619204209138,-0.007698428183516904,0.8509629433967631,-0.07743912457492572,-0.19010436864072525,-0.29874423524690163,-0.6968699330561983,1.1669322422683739,0.9667040668411886,0.5054759609734947,"[np.float64(0.7648261667369682), np.float64(0.9498336542881887), np.float64(1.654628779742852), np.float64(-0.034399926301676716), np.float64(-0.8002619204209138), np.float64(-0.007698428183516904), np.float64(0.8509629433967631), np.float64(-0.07743912457492572), np.float64(-0.19010436864072525), np.float64(-0.29874423524690163), np.float64(-0.6968699330561983), np.float64(1.1669322422683739), np.float64(0.9667040668411886), np.float64(0.5054759609734947)]"
S1042,21.7,63.1,55.8,9.7,3.8,2.66,0,Bachelor,2.22,48.9,Fail,F,Medium Risk,1,0,3,2,2.46,3.03,1.4,13.69,0.16914681079887675,-1.2485697589173541,-0.5680115342219512,1.8231960939888718,0.35819482599036834,-0.17149477251364784,-1.1751393027860062,-0.07743912457492572,-0.2881240507892713,-0.14216205441295768,1.120650621062891,-0.2787775156123512,0.07504774077706486,0.10397205496470933,"[np.float64(0.16914681079887675), np.float64(-1.2485697589173541), np.float64(-0.5680115342219512), np.float64(1.8231960939888718), np.float64(0.35819482599036834), np.float64(-0.17149477251364784), np.float64(-1.1751393027860062), np.float64(-0.07743912457492572), np.float64(-0.2881240507892713), np.float64(-0.14216205441295768), np.float64(1.120650621062891), np.float64(-0.2787775156123512), np.float64(0.07504774077706486), np.float64(0.10397205496470933)]"
S1043,18.8,87.9,86.6,9.5,5.2,2.98,1,Master,2.64,69.6,Pass,C,Low Risk,2,1,1,1,4.37,3.41,0.63,16.53,-0.13391812467839775,0.6058657733104511,1.0277302296502149,1.685596388782165,0.8988079743156335,0.26529547903336903,0.8509629433967631,1.0288340836382979,-0.10457739107973897,-0.09603707091148576,0.0762544817556532,0.07365301763925924,1.1153134545185428,1.9107396320042425,"[np.float64(-0.13391812467839775), np.float64(0.6058657733104511), np.float64(1.0277302296502149), np.float64(1.685596388782165), np.float64(0.8988079743156335), np.float64(0.26529547903336903), np.float64(0.8509629433967631), np.float64(1.0288340836382979), np.float64(-0.10457739107973897), np.float64(-0.09603707091148576), np.float64(0.0762544817556532), np.float64(0.07365301763925924), np.float64(1.1153134545185428), np.float64(1.9107396320042425)]"
S1044,17.0,100.0,64.2,6.3,4.9,2.5,1,High School,2.57,51.3,Pass,D,Medium Risk,0,1,2,2,3.57,2.49,0.0,17.0,-0.3220273949746373,1.5106508515345007,-0.13280923498408737,-0.5159988945251526,0.7829622996745054,-0.3898898982871566,0.8509629433967631,-1.1837123327881494,-0.18145557315703,-0.2077080835992598,-0.7782514504048142,0.13197778898723686,0.9419358355616291,0.3134523537519015,"[np.float64(-0.3220273949746373), np.float64(1.5106508515345007), np.float64(-0.13280923498408737), np.float64(-0.5159988945251526), np.float64(0.7829622996745054), np.float64(-0.3898898982871566), np.float64(0.8509629433967631), np.float64(-1.1837123327881494), np.float64(-0.18145557315703), np.float64(-0.2077080835992598), np.float64(-0.7782514504048142), np.float64(0.13197778898723686), np.float64(0.9419358355616291), np.float64(0.3134523537519015)]"
S1045,5.2,42.925,61.5,6.1,2.4,2.69,0,High School,1.11,32.7,Fail,F,High Risk,0,0,3,0,9.92,7.24,1.37,2.23,-1.5551881669166514,-2.7571680195099337,-0.27269568831054364,-0.65359859973186,-0.18241832233489674,-0.13054568643111525,-1.1751393027860062,-1.1837123327881494,0.4287649970814675,0.3688542101691388,1.0799598623885833,-1.7009091744375107,-2.6742259312539844,-1.3100199618488382,"[np.float64(-1.5551881669166514), np.float64(-2.7571680195099337), np.float64(-0.27269568831054364), np.float64(-0.65359859973186), np.float64(-0.18241832233489674), np.float64(-0.13054568643111525), np.float64(-1.1751393027860062), np.float64(-1.1837123327881494), np.float64(0.4287649970814675), np.float64(0.3688542101691388), np.float64(1.0799598623885833), np.float64(-1.7009091744375107), np.float64(-2.6742259312539844), np.float64(-1.3100199618488382)]"
S1046,12.8,68.0,82.7,7.7,2.2,3.46,1,PhD,1.48,46.8,Fail,F,Medium Risk,3,0,3,2,5.99,3.99,0.7,8.7,-0.7609490256658625,-0.8821691900497638,0.8256720192897787,0.4471990419217991,-0.2596487720956488,0.9204808563538945,0.8509629433967631,2.1351072918515213,0.051100927626775365,-0.02563578030397604,0.17119958532903842,-0.8980128539664128,-1.7578013739103018,-0.07932320647408404,"[np.float64(-0.7609490256658625), np.float64(-0.8821691900497638), np.float64(0.8256720192897787), np.float64(0.4471990419217991), np.float64(-0.2596487720956488), np.float64(0.9204808563538945), np.float64(0.8509629433967631), np.float64(2.1351072918515213), np.float64(0.051100927626775365), np.float64(-0.02563578030397604), np.float64(0.17119958532903842), np.float64(-0.8980128539664128), np.float64(-1.7578013739103018), np.float64(-0.07932320647408404)]"
S1047,15.4,88.7,78.0,5.5,0.5,2.45,1,High School,2.5,37.9,Fail,F,High Risk,0,0,3,0,4.76,2.39,0.06,13.66,-0.48923563523796115,0.6656862743500574,0.5821659709066883,-1.0663977153519817,-0.9161075950620422,-0.4581383750913777,0.8509629433967631,-1.1837123327881494,-0.06709927731705963,-0.21984623715227872,-0.6968699330561983,-0.2825003733579667,0.7685582166047165,-0.8561459811432554,"[np.float64(-0.48923563523796115), np.float64(0.6656862743500574), np.float64(0.5821659709066883), np.float64(-1.0663977153519817), np.float64(-0.9161075950620422), np.float64(-0.4581383750913777), np.float64(0.8509629433967631), np.float64(-1.1837123327881494), np.float64(-0.06709927731705963), np.float64(-0.21984623715227872), np.float64(-0.6968699330561983), np.float64(-0.2825003733579667), np.float64(0.7685582166047165), np.float64(-0.8561459811432554)]"
S1048,30.6,77.0,33.5,7.5,4.5,1.51,1,Bachelor,1.74,55.7,Pass,D,Medium Risk,1,1,2,2,1.06,1.68,1.03,23.56,1.0992426472636163,-0.20918855335418943,-1.723370019103422,0.30959933671509166,0.6285014001530009,-1.7412097390107406,0.8509629433967631,-0.07743912457492572,-0.42266086942453057,-0.30602712737871307,0.6187979307464262,0.9460426826951814,-1.1138273606417677,0.6974995681950878,"[np.float64(1.0992426472636163), np.float64(-0.20918855335418943), np.float64(-1.723370019103422), np.float64(0.30959933671509166), np.float64(0.6285014001530009), np.float64(-1.7412097390107406), np.float64(0.8509629433967631), np.float64(-0.07743912457492572), np.float64(-0.42266086942453057), np.float64(-0.30602712737871307), np.float64(0.6187979307464262), np.float64(0.9460426826951814), np.float64(-1.1138273606417677), np.float64(0.6974995681950878)]"
S1049,23.4,85.6,94.5,8.1,0.9,4.0,1,Bachelor,2.13,55.7,Pass,D,Medium Risk,1,1,2,2,3.87,2.35,0.13,20.03,0.34680556607865837,0.4338818328215812,1.4370276301239202,0.7223984523352134,-0.7616466955405379,1.6575644058394858,0.8509629433967631,-0.07743912457492572,-0.15262625487804585,-0.22470149857348629,-0.601924829482813,0.5079864212944127,-0.1478663407389669,0.6974995681950878,"[np.float64(0.34680556607865837), np.float64(0.4338818328215812), np.float64(1.4370276301239202), np.float64(0.7223984523352134), np.float64(-0.7616466955405379), np.float64(1.6575644058394858), np.float64(0.8509629433967631), np.float64(-0.07743912457492572), np.float64(-0.15262625487804585), np.float64(-0.22470149857348629), np.float64(-0.601924829482813), np.float64(0.5079864212944127), np.float64(-0.1478663407389669), np.float64(0.6974995681950878)]"
S1050,2.4,70.9,92.6,8.8,2.1,3.91,0,Bachelor,2.2,48.7,Fail,F,Medium Risk,1,0,3,2,27.24,19.87,0.61,1.7,-1.8478025873774684,-0.6653198737811894,1.3385890148201174,1.2039974205586899,-0.2982639969760249,1.5347171475918875,-1.1751393027860062,-0.07743912457492572,2.0931776390548182,1.901903003915428,0.04912730930611454,-1.7666796612767197,0.02551127821794681,0.08651536339911035,"[np.float64(-1.8478025873774684), np.float64(-0.6653198737811894), np.float64(1.3385890148201174), np.float64(1.2039974205586899), np.float64(-0.2982639969760249), np.float64(1.5347171475918875), np.float64(-1.1751393027860062), np.float64(-0.07743912457492572), np.float64(2.0931776390548182), np.float64(1.901903003915428), np.float64(0.04912730930611454), np.float64(-1.7666796612767197), np.float64(0.02551127821794681), np.float64(0.08651536339911035)]"
S1051,23.2,81.3,52.5,6.8,1.0,1.77,0,High School,2.33,35.4,Fail,F,High Risk,0,0,3,0,2.17,1.99,0.19,18.86,0.32590453604574293,0.1123466397336959,-0.7389838660653975,-0.17199963150838418,-0.7230314706601618,-1.3863176596287892,-1.1751393027860062,-1.1837123327881494,-0.31599239179228933,-0.2683988513643544,-0.5205433121341971,0.36279496921540405,0.34749828485221357,-1.0743546257132472,"[np.float64(0.32590453604574293), np.float64(0.1123466397336959), np.float64(-0.7389838660653975), np.float64(-0.17199963150838418), np.float64(-0.7230314706601618), np.float64(-1.3863176596287892), np.float64(-1.1751393027860062), np.float64(-1.1837123327881494), np.float64(-0.31599239179228933), np.float64(-0.2683988513643544), np.float64(-0.5205433121341971), np.float64(0.36279496921540405), np.float64(0.34749828485221357), np.float64(-1.0743546257132472)]"
S1052,16.1,77.7,72.9,6.7,0.4,3.35,1,High School,2.2,39.0,Fail,F,High Risk,0,0,3,0,4.26,2.79,0.09,12.51,-0.41608203012275685,-0.15684561494453342,0.3179360035122714,-0.2407994841117376,-0.9547228199424184,0.7703342073846077,0.8509629433967631,-1.1837123327881494,-0.11514814111536652,-0.17129362294020306,-0.6561791743818904,-0.42520992027323146,0.02551127821794681,-0.7601341775324587,"[np.float64(-0.41608203012275685), np.float64(-0.15684561494453342), np.float64(0.3179360035122714), np.float64(-0.2407994841117376), np.float64(-0.9547228199424184), np.float64(0.7703342073846077), np.float64(0.8509629433967631), np.float64(-1.1837123327881494), np.float64(-0.11514814111536652), np.float64(-0.17129362294020306), np.float64(-0.6561791743818904), np.float64(-0.42520992027323146), np.float64(0.02551127821794681), np.float64(-0.7601341775324587)]"
S1053,13.2,97.5,74.9,5.7,3.0,2.4,0,High School,2.09,60.2,Pass,D,Low Risk,0,1,2,1,5.27,2.87,0.08,12.87,-0.7191469656000317,1.32371178578573,0.4215555985689056,-0.9287980101452743,0.049273026947359765,-0.5263868518955995,-1.1751393027860062,-1.1837123327881494,-0.018089436242786618,-0.16158310009778792,-0.6697427606066597,-0.3805356273258443,-0.246939265857203,1.0902751284210734,"[np.float64(-0.7191469656000317), np.float64(1.32371178578573), np.float64(0.4215555985689056), np.float64(-0.9287980101452743), np.float64(0.049273026947359765), np.float64(-0.5263868518955995), np.float64(-1.1751393027860062), np.float64(-1.1837123327881494), np.float64(-0.018089436242786618), np.float64(-0.16158310009778792), np.float64(-0.6697427606066597), np.float64(-0.3805356273258443), np.float64(-0.246939265857203), np.float64(1.0902751284210734)]"
S1054,26.1,83.8,70.2,5.8,0.2,3.01,1,Bachelor,2.37,51.5,Pass,D,Medium Risk,1,1,2,2,2.59,1.51,0.03,21.87,0.6289694715230179,0.2992857054824666,0.17804955018581517,-0.8599981575419209,-1.0319532697031704,0.3062445651159016,0.8509629433967631,-0.07743912457492572,-0.27563134620171154,-0.3266619884188452,-0.7375606917305063,0.7363216963588362,0.44657120997044963,0.3309090453175011,"[np.float64(0.6289694715230179), np.float64(0.2992857054824666), np.float64(0.17804955018581517), np.float64(-0.8599981575419209), np.float64(-1.0319532697031704), np.float64(0.3062445651159016), np.float64(0.8509629433967631), np.float64(-0.07743912457492572), np.float64(-0.27563134620171154), np.float64(-0.3266619884188452), np.float64(-0.7375606917305063), np.float64(0.7363216963588362), np.float64(0.44657120997044963), np.float64(0.3309090453175011)]"
S1055,30.3,85.1,54.0,6.7,4.1,3.04,1,Bachelor,2.25,62.7,Pass,D,Low Risk,1,1,2,1,1.73,1.51,0.61,25.79,1.067891102214243,0.39649401967182707,-0.6612691697729218,-0.2407994841117376,0.4740405006314965,0.34719365119843476,0.8509629433967631,-0.07743912457492572,-0.35827539193479935,-0.3266619884188452,0.04912730930611454,1.2227751084526077,0.14935243461574138,1.3084837729910654,"[np.float64(1.067891102214243), np.float64(0.39649401967182707), np.float64(-0.6612691697729218), np.float64(-0.2407994841117376), np.float64(0.4740405006314965), np.float64(0.34719365119843476), np.float64(0.8509629433967631), np.float64(-0.07743912457492572), np.float64(-0.35827539193479935), np.float64(-0.3266619884188452), np.float64(0.04912730930611454), np.float64(1.2227751084526077), np.float64(0.14935243461574138), np.float64(1.3084837729910654)]"
S1056,29.3,73.8,51.6,7.6,1.1,2.61,1,High School,1.83,49.7,Fail,F,Medium Risk,0,0,3,2,1.7,1.77,0.29,21.62,0.9633859520496656,-0.4484705575126161,-0.7856126838408827,0.3783991893184451,-0.6844162457797857,-0.2397432493178696,0.8509629433967631,-1.1837123327881494,-0.36115832376269774,-0.29510278918099603,-0.3849074498865039,0.7052978818120396,-0.8909132791257365,0.17379882122710713,"[np.float64(0.9633859520496656), np.float64(-0.4484705575126161), np.float64(-0.7856126838408827), np.float64(0.3783991893184451), np.float64(-0.6844162457797857), np.float64(-0.2397432493178696), np.float64(0.8509629433967631), np.float64(-1.1837123327881494), np.float64(-0.36115832376269774), np.float64(-0.29510278918099603), np.float64(-0.3849074498865039), np.float64(0.7052978818120396), np.float64(-0.8909132791257365), np.float64(0.17379882122710713)]"
S1057,11.6,72.7,64.5,8.4,0.0,2.17,1,Bachelor,1.76,29.7,Fail,F,High Risk,1,0,3,0,5.12,4.78,0.0,8.43,-0.8863552058633556,-0.5307237464420748,-0.11726629572559238,0.928798010145275,-1.1091837194639227,-0.840329845195018,0.8509629433967631,-0.07743912457492572,-0.032504095382278636,0.0702556327648734,-0.7782514504048142,-0.9315185736769531,-1.0642908980826498,-1.571870335332829,"[np.float64(-0.8863552058633556), np.float64(-0.5307237464420748), np.float64(-0.11726629572559238), np.float64(0.928798010145275), np.float64(-1.1091837194639227), np.float64(-0.840329845195018), np.float64(0.8509629433967631), np.float64(-0.07743912457492572), np.float64(-0.032504095382278636), np.float64(0.0702556327648734), np.float64(-0.7782514504048142), np.float64(-0.9315185736769531), np.float64(-1.0642908980826498), np.float64(-1.571870335332829)]"
S1058,16.9,73.5,88.5,5.8,2.1,2.25,0,Master,2.33,57.3,Pass,D,Medium Risk,2,1,2,2,4.94,2.31,0.56,12.42,-0.33247790999109517,-0.47090324540246836,1.1261688449540177,-0.8599981575419209,-0.2982639969760249,-0.7311322823082637,-1.1751393027860062,1.0288340836382979,-0.04980168634966909,-0.22955675999469385,-0.018690621817731998,-0.43637849351007824,0.34749828485221357,0.8371531007198822,"[np.float64(-0.33247790999109517), np.float64(-0.47090324540246836), np.float64(1.1261688449540177), np.float64(-0.8599981575419209), np.float64(-0.2982639969760249), np.float64(-0.7311322823082637), np.float64(-1.1751393027860062), np.float64(1.0288340836382979), np.float64(-0.04980168634966909), np.float64(-0.22955675999469385), np.float64(-0.018690621817731998), np.float64(-0.43637849351007824), np.float64(0.34749828485221357), np.float64(0.8371531007198822)]"
S1059,23.3,85.9,75.9,9.2,0.1,2.07,0,High School,2.54,52.6,Pass,D,Medium Risk,0,1,2,2,3.12,2.68,0.01,20.01,0.33635505106220087,0.4563145207114346,0.4733653960972227,1.4791968309721035,-1.0705684945835465,-0.976826798803461,-1.1751393027860062,-1.1837123327881494,-0.2246995505755062,-0.18464559184852386,-0.764687864180045,0.505504516130669,0.8676311417229525,0.4269208489282977,"[np.float64(0.33635505106220087), np.float64(0.4563145207114346), np.float64(0.4733653960972227), np.float64(1.4791968309721035), np.float64(-1.0705684945835465), np.float64(-0.976826798803461), np.float64(-1.1751393027860062), np.float64(-1.1837123327881494), np.float64(-0.2246995505755062), np.float64(-0.18464559184852386), np.float64(-0.764687864180045), np.float64(0.505504516130669), np.float64(0.8676311417229525), np.float64(0.4269208489282977)]"
S1060,29.8,73.7,57.6,6.6,1.0,2.13,0,Bachelor,2.26,56.9,Pass,D,Medium Risk,1,1,2,2,1.87,1.51,0.26,21.96,1.0156385271319543,-0.45594812014256647,-0.4747538986709802,-0.30959933671509166,-0.7230314706601618,-0.8949286266383952,-1.1751393027860062,-0.07743912457492572,-0.34482171007127344,-0.3266619884188452,-0.4255982085608118,0.747490269595683,0.17412066589529984,0.8022397175886836,"[np.float64(1.0156385271319543), np.float64(-0.45594812014256647), np.float64(-0.4747538986709802), np.float64(-0.30959933671509166), np.float64(-0.7230314706601618), np.float64(-0.8949286266383952), np.float64(-1.1751393027860062), np.float64(-0.07743912457492572), np.float64(-0.34482171007127344), np.float64(-0.3266619884188452), np.float64(-0.4255982085608118), np.float64(0.747490269595683), np.float64(0.17412066589529984), np.float64(0.8022397175886836)]"
S1061,15.2,84.3,80.4,7.0,3.7,2.75,1,Bachelor,1.95,49.4,Fail,F,Medium Risk,1,0,3,2,4.96,3.08,0.58,12.81,-0.5101366652708768,0.33667351863222067,0.7065094849746496,-0.034399926301676716,0.3195796011099924,-0.048647514266049484,0.8509629433967631,-0.07743912457492572,-0.04787973179773685,-0.1360929776364482,0.008436550631806525,-0.38798134281707536,-0.5936945037710287,0.14761378387870772,"[np.float64(-0.5101366652708768), np.float64(0.33667351863222067), np.float64(0.7065094849746496), np.float64(-0.034399926301676716), np.float64(0.3195796011099924), np.float64(-0.048647514266049484), np.float64(0.8509629433967631), np.float64(-0.07743912457492572), np.float64(-0.04787973179773685), np.float64(-0.1360929776364482), np.float64(0.008436550631806525), np.float64(-0.38798134281707536), np.float64(-0.5936945037710287), np.float64(0.14761378387870772)]"
S1062,18.1,100.0,12.250000000000007,5.9,0.2,2.23,0,High School,1.79,25.0,Fail,F,High Risk,0,0,3,0,0.64,2.2,0.0,18.1,-0.2070717297936019,1.5106508515345007,-2.82432821658016,-0.7911983049385668,-1.0319532697031704,-0.7584316730299523,-1.1751393027860062,-1.1837123327881494,-0.4630219150151084,-0.24290872890301465,-0.7782514504048142,0.2684825729931424,-0.9899862042439725,-1.9821025871244138,"[np.float64(-0.2070717297936019), np.float64(1.5106508515345007), np.float64(-2.82432821658016), np.float64(-0.7911983049385668), np.float64(-1.0319532697031704), np.float64(-0.7584316730299523), np.float64(-1.1751393027860062), np.float64(-1.1837123327881494), np.float64(-0.4630219150151084), np.float64(-0.24290872890301465), np.float64(-0.7782514504048142), np.float64(0.2684825729931424), np.float64(-0.9899862042439725), np.float64(-1.9821025871244138)]"
S1063,8.9,93.1,88.0,3.4,5.5,3.35,0,Bachelor,1.53,46.3,Fail,F,Medium Risk,1,0,3,2,8.89,2.48,0.38,8.29,-1.1685191113077147,0.9946990300678932,1.1002639461898591,-2.511194620022409,1.0146536489567617,0.7703342073846077,-1.1751393027860062,-0.07743912457492572,0.32978433765695536,-0.2089218989545617,-0.2628351738635799,-0.9488919098231594,-1.6339602175125068,-0.12296493538808244,"[np.float64(-1.1685191113077147), np.float64(0.9946990300678932), np.float64(1.1002639461898591), np.float64(-2.511194620022409), np.float64(1.0146536489567617), np.float64(0.7703342073846077), np.float64(-1.1751393027860062), np.float64(-0.07743912457492572), np.float64(0.32978433765695536), np.float64(-0.2089218989545617), np.float64(-0.2628351738635799), np.float64(-0.9488919098231594), np.float64(-1.6339602175125068), np.float64(-0.12296493538808244)]"
S1064,8.0,75.1,30.2,8.3,0.0,3.99,1,Bachelor,1.88,51.7,Pass,D,Medium Risk,1,1,2,2,3.36,6.68,0.0,6.01,-1.2625737464558344,-0.35126224332325556,-1.8943423509468682,0.8599981575419215,-1.1091837194639227,1.643914710478642,0.8509629433967631,-0.07743912457492572,-0.2016360959523189,0.30088055027223276,-0.7782514504048142,-1.231829098489945,-0.7670721227279419,0.34836573688310074,"[np.float64(-1.2625737464558344), np.float64(-0.35126224332325556), np.float64(-1.8943423509468682), np.float64(0.8599981575419215), np.float64(-1.1091837194639227), np.float64(1.643914710478642), np.float64(0.8509629433967631), np.float64(-0.07743912457492572), np.float64(-0.2016360959523189), np.float64(0.30088055027223276), np.float64(-0.7782514504048142), np.float64(-1.231829098489945), np.float64(-0.7670721227279419), np.float64(0.34836573688310074)]"
S1065,28.1,98.0,57.8,8.1,0.9,2.34,1,Master,2.93,60.5,Pass,D,Low Risk,2,1,2,1,1.99,1.97,0.02,27.54,0.8379797718521728,1.3610995989354842,-0.464391939165317,0.7223984523352134,-0.7616466955405379,-0.6082850240606653,0.8509629433967631,1.0288340836382979,-0.33328998275967975,-0.2708264820749582,-0.7511242779552756,1.4399418102801846,1.8335921616257538,1.1164601657694722,"[np.float64(0.8379797718521728), np.float64(1.3610995989354842), np.float64(-0.464391939165317), np.float64(0.7223984523352134), np.float64(-0.7616466955405379), np.float64(-0.6082850240606653), np.float64(0.8509629433967631), np.float64(1.0288340836382979), np.float64(-0.33328998275967975), np.float64(-0.2708264820749582), np.float64(-0.7511242779552756), np.float64(1.4399418102801846), np.float64(1.8335921616257538), np.float64(1.1164601657694722)]"
S1066,33.6,73.9,42.6,6.6,4.1,2.99,0,Master,1.77,47.3,Fail,F,Medium Risk,2,0,3,2,1.23,1.35,1.07,24.83,1.4127580977573488,-0.44099299488266464,-1.2519008615957365,-0.30959933671509166,0.4740405006314965,0.2789451743942136,-1.1751393027860062,1.0288340836382979,-0.4063242557331062,-0.34608303410367547,0.6730522756455036,1.1036436605929085,-1.0395226668030906,-0.035681477560085655,"[np.float64(1.4127580977573488), np.float64(-0.44099299488266464), np.float64(-1.2519008615957365), np.float64(-0.30959933671509166), np.float64(0.4740405006314965), np.float64(0.2789451743942136), np.float64(-1.1751393027860062), np.float64(1.0288340836382979), np.float64(-0.4063242557331062), np.float64(-0.34608303410367547), np.float64(0.6730522756455036), np.float64(1.1036436605929085), np.float64(-1.0395226668030906), np.float64(-0.035681477560085655)]"
S1067,19.3,49.4,39.1,7.1,1.1,3.2,0,Bachelor,1.56,44.7,Fail,F,Medium Risk,1,0,3,2,1.93,2.48,0.56,9.53,-0.08166554959610901,-2.2729958392206178,-1.4332351529448464,0.034399926301676716,-0.6844162457797857,0.5655887769719435,-1.1751393027860062,-0.07743912457492572,-0.33905584641547665,-0.2089218989545617,-0.018690621817731998,-0.7950137896710479,-1.5596555236738296,-0.2626184679128768,"[np.float64(-0.08166554959610901), np.float64(-2.2729958392206178), np.float64(-1.4332351529448464), np.float64(0.034399926301676716), np.float64(-0.6844162457797857), np.float64(0.5655887769719435), np.float64(-1.1751393027860062), np.float64(-0.07743912457492572), np.float64(-0.33905584641547665), np.float64(-0.2089218989545617), np.float64(-0.018690621817731998), np.float64(-0.7950137896710479), np.float64(-1.5596555236738296), np.float64(-0.2626184679128768)]"
S1068,30.0,64.9,88.2,7.8,0.3,3.18,1,Master,2.63,60.5,Pass,D,Low Risk,2,1,2,1,2.85,1.78,0.11,19.47,1.03653955716487,-1.113973631578239,1.1106259056955228,0.5159988945251526,-0.9933380448227944,0.5382893862502549,0.8509629433967631,1.0288340836382979,-0.25064593702659194,-0.29388897382569407,-0.6290520019323518,0.43849307670958787,1.0905452232389832,1.1164601657694722,"[np.float64(1.03653955716487), np.float64(-1.113973631578239), np.float64(1.1106259056955228), np.float64(0.5159988945251526), np.float64(-0.9933380448227944), np.float64(0.5382893862502549), np.float64(0.8509629433967631), np.float64(1.0288340836382979), np.float64(-0.25064593702659194), np.float64(-0.29388897382569407), np.float64(-0.6290520019323518), np.float64(0.43849307670958787), np.float64(1.0905452232389832), np.float64(1.1164601657694722)]"
S1069,23.6,51.9,55.6,4.7,1.3,2.86,0,Bachelor,2.24,42.8,Fail,F,Medium Risk,1,0,3,2,2.26,1.35,0.63,12.25,0.36770659611157414,-2.086056773471847,-0.5783734937276144,-1.616796536178811,-0.6071857960190336,0.10149913470323746,-1.1751393027860062,-0.07743912457492572,-0.3073435963085941,-0.34608303410367547,0.0762544817556532,-0.45747468740189995,0.1245842033361829,-0.4284570377860712,"[np.float64(0.36770659611157414), np.float64(-2.086056773471847), np.float64(-0.5783734937276144), np.float64(-1.616796536178811), np.float64(-0.6071857960190336), np.float64(0.10149913470323746), np.float64(-1.1751393027860062), np.float64(-0.07743912457492572), np.float64(-0.3073435963085941), np.float64(-0.34608303410367547), np.float64(0.0762544817556532), np.float64(-0.45747468740189995), np.float64(0.1245842033361829), np.float64(-0.4284570377860712)]"
S1070,13.5,74.7,71.9,6.2,0.9,3.39,0,Bachelor,1.99,36.6,Fail,F,High Risk,1,0,3,0,4.96,3.06,0.23,10.08,-0.6877954205506583,-0.38117249384305824,0.26612620598395437,-0.584798747128506,-0.7616466955405379,0.8249329888279848,-1.1751393027860062,-0.07743912457492572,-0.04787973179773685,-0.138520608347052,-0.4662889672351198,-0.7267613976680951,-0.49462157865279266,-0.9696144763196509,"[np.float64(-0.6877954205506583), np.float64(-0.38117249384305824), np.float64(0.26612620598395437), np.float64(-0.584798747128506), np.float64(-0.7616466955405379), np.float64(0.8249329888279848), np.float64(-1.1751393027860062), np.float64(-0.07743912457492572), np.float64(-0.04787973179773685), np.float64(-0.138520608347052), np.float64(-0.4662889672351198), np.float64(-0.7267613976680951), np.float64(-0.49462157865279266), np.float64(-0.9696144763196509)]"
S1071,23.6,80.3,64.1,8.2,5.5,3.19,0,Bachelor,2.1,50.9,Pass,D,Medium Risk,1,1,2,2,2.61,2.36,1.08,18.95,0.36770659611157414,0.03757101343418763,-0.1379902147369195,0.7911983049385668,1.0146536489567617,0.551939081611099,-1.1751393027860062,-0.07743912457492572,-0.27370939164977925,-0.2234876832181844,0.6866158618702729,0.37396354245225083,-0.22217103457764342,0.27853897062070293,"[np.float64(0.36770659611157414), np.float64(0.03757101343418763), np.float64(-0.1379902147369195), np.float64(0.7911983049385668), np.float64(1.0146536489567617), np.float64(0.551939081611099), np.float64(-1.1751393027860062), np.float64(-0.07743912457492572), np.float64(-0.27370939164977925), np.float64(-0.2234876832181844), np.float64(0.6866158618702729), np.float64(0.37396354245225083), np.float64(-0.22217103457764342), np.float64(0.27853897062070293)]"
S1072,35.4,100.0,74.5,5.1,1.1,1.81,1,High School,2.05,71.1,Pass,C,Low Risk,0,1,1,1,2.05,0.99,0.0,35.4,1.6008673680535879,1.5106508515345007,0.4008316795575785,-1.3415971257653967,-0.6844162457797857,-1.3317188781854121,0.8509629433967631,-1.1837123327881494,-0.32752411910388296,-0.38978038689454353,-0.7782514504048142,2.415330539631472,-0.34601219097543906,2.041664818746238,"[np.float64(1.6008673680535879), np.float64(1.5106508515345007), np.float64(0.4008316795575785), np.float64(-1.3415971257653967), np.float64(-0.6844162457797857), np.float64(-1.3317188781854121), np.float64(0.8509629433967631), np.float64(-1.1837123327881494), np.float64(-0.32752411910388296), np.float64(-0.38978038689454353), np.float64(-0.7782514504048142), np.float64(2.415330539631472), np.float64(-0.34601219097543906), np.float64(2.041664818746238)]"
S1073,19.6,84.9,66.5,7.4,4.7,3.5,0,Master,2.34,41.4,Fail,F,Medium Risk,2,0,3,2,3.23,2.55,0.71,16.64,-0.0503140045467357,0.3815388944119263,-0.013646700668958208,0.2407994841117382,0.7057318499137532,0.9750796377972718,-1.1751393027860062,1.0288340836382979,-0.2141288005398787,-0.20042519146744847,0.18476317155380775,0.08730349603984972,0.37226651613177203,-0.5506538787452666,"[np.float64(-0.0503140045467357), np.float64(0.3815388944119263), np.float64(-0.013646700668958208), np.float64(0.2407994841117382), np.float64(0.7057318499137532), np.float64(0.9750796377972718), np.float64(-1.1751393027860062), np.float64(1.0288340836382979), np.float64(-0.2141288005398787), np.float64(-0.20042519146744847), np.float64(0.18476317155380775), np.float64(0.08730349603984972), np.float64(0.37226651613177203), np.float64(-0.5506538787452666)]"
S1074,35.6,76.7,39.3,5.0,6.7,3.51,1,Bachelor,2.83,57.0,Pass,D,Medium Risk,1,1,2,2,1.07,0.96,1.56,27.31,1.6217683980865036,-0.2316212412440417,-1.4228731934391832,-1.4103969783687502,1.4780363475212748,0.9887293331581157,0.8509629433967631,-0.07743912457492572,-0.42169989214856446,-0.39342183296044925,1.3376680006592006,1.4113999008971316,1.5859098488301637,0.8109680633714834,"[np.float64(1.6217683980865036), np.float64(-0.2316212412440417), np.float64(-1.4228731934391832), np.float64(-1.4103969783687502), np.float64(1.4780363475212748), np.float64(0.9887293331581157), np.float64(0.8509629433967631), np.float64(-0.07743912457492572), np.float64(-0.42169989214856446), np.float64(-0.39342183296044925), np.float64(1.3376680006592006), np.float64(1.4113999008971316), np.float64(1.5859098488301637), np.float64(0.8109680633714834)]"
S1075,0.0,92.4,84.9,7.7,1.7,2.19,1,Bachelor,2.14,44.3,Fail,F,Medium Risk,1,0,3,2,84.9,77.0,0.13,0.0,-2.0986149477724543,0.9423560916582383,0.9396535738520765,0.4471990419217991,-0.4527248964975293,-0.8130304544733294,0.8509629433967631,-0.07743912457492572,7.634172612275569,8.836430128755135,-0.601924829482813,-1.977641600194937,-0.12309810945940733,-0.29753185104407603,"[np.float64(-2.0986149477724543), np.float64(0.9423560916582383), np.float64(0.9396535738520765), np.float64(0.4471990419217991), np.float64(-0.4527248964975293), np.float64(-0.8130304544733294), np.float64(0.8509629433967631), np.float64(-0.07743912457492572), np.float64(7.634172612275569), np.float64(8.836430128755135), np.float64(-0.601924829482813), np.float64(-1.977641600194937), np.float64(-0.12309810945940733), np.float64(-0.29753185104407603)]"
S1076,28.2,46.8,55.1,6.9,7.2,2.83,1,PhD,1.88,33.4,Fail,F,High Risk,3,0,3,0,1.89,1.67,3.83,13.2,0.8484302868686303,-2.467412467599339,-0.604278392491773,-0.10319977890503014,1.6711124719231554,0.06055004862070488,0.8509629433967631,2.1351072918515213,-0.3428997555193412,-0.3072409427340149,4.416602073681837,-0.3395841921240727,-0.7670721227279419,-1.248921541369241,"[np.float64(0.8484302868686303), np.float64(-2.467412467599339), np.float64(-0.604278392491773), np.float64(-0.10319977890503014), np.float64(1.6711124719231554), np.float64(0.06055004862070488), np.float64(0.8509629433967631), np.float64(2.1351072918515213), np.float64(-0.3428997555193412), np.float64(-0.3072409427340149), np.float64(4.416602073681837), np.float64(-0.3395841921240727), np.float64(-0.7670721227279419), np.float64(-1.248921541369241)]"
S1077,20.9,83.5,33.9,4.6,1.4,3.35,0,High School,2.09,48.2,Fail,F,Medium Risk,0,0,3,2,1.55,1.49,0.23,17.45,0.0855426906672147,0.27685301759261427,-1.7026461000920954,-1.685596388782165,-0.5685705711386575,0.7703342073846077,-1.1751393027860062,-1.1837123327881494,-0.3755729829021899,-0.32908961912944895,-0.4662889672351198,0.18782065517147079,-0.246939265857203,0.04287363448511195,"[np.float64(0.0855426906672147), np.float64(0.27685301759261427), np.float64(-1.7026461000920954), np.float64(-1.685596388782165), np.float64(-0.5685705711386575), np.float64(0.7703342073846077), np.float64(-1.1751393027860062), np.float64(-1.1837123327881494), np.float64(-0.3755729829021899), np.float64(-0.32908961912944895), np.float64(-0.4662889672351198), np.float64(0.18782065517147079), np.float64(-0.246939265857203), np.float64(0.04287363448511195)]"
S1078,17.0,91.6,56.4,8.7,9.15,2.63,1,Bachelor,2.12,40.6,Fail,F,Medium Risk,1,0,3,2,3.13,3.44,0.77,15.57,-0.3220273949746373,0.8825355906186308,-0.5369256557049609,1.1351975679553352,2.424109357090489,-0.21244385859618103,0.8509629433967631,-0.07743912457492572,-0.22373857329954008,-0.09239562484558012,0.26614468890242376,-0.04547843022044009,-0.17263457201852536,-0.6204806450076638,"[np.float64(-0.3220273949746373), np.float64(0.8825355906186308), np.float64(-0.5369256557049609), np.float64(1.1351975679553352), np.float64(2.424109357090489), np.float64(-0.21244385859618103), np.float64(0.8509629433967631), np.float64(-0.07743912457492572), np.float64(-0.22373857329954008), np.float64(-0.09239562484558012), np.float64(0.26614468890242376), np.float64(-0.04547843022044009), np.float64(-0.17263457201852536), np.float64(-0.6204806450076638)]"
S1079,20.9,57.8,95.0,5.9,0.3,3.66,1,High School,2.07,58.3,Pass,D,Medium Risk,0,1,2,2,4.34,1.91,0.13,12.08,0.0855426906672147,-1.6448805783047484,1.4629325288880788,-0.7911983049385668,-0.9933380448227944,1.1934747635707805,0.8509629433967631,-1.1837123327881494,-0.1074603229076374,-0.2781093742067695,-0.601924829482813,-0.47857088129372166,-0.296475728416321,0.924436558547879,"[np.float64(0.0855426906672147), np.float64(-1.6448805783047484), np.float64(1.4629325288880788), np.float64(-0.7911983049385668), np.float64(-0.9933380448227944), np.float64(1.1934747635707805), np.float64(0.8509629433967631), np.float64(-1.1837123327881494), np.float64(-0.1074603229076374), np.float64(-0.2781093742067695), np.float64(-0.601924829482813), np.float64(-0.47857088129372166), np.float64(-0.296475728416321), np.float64(0.924436558547879)]"
S1080,0.1,97.2,82.0,5.8,3.5,4.0,1,Master,2.42,40.2,Fail,F,Medium Risk,2,0,3,2,74.55,50.75,0.1,0.1,-2.0881644327559963,1.3012790978958777,0.7894051610199566,-0.8599981575419209,0.24234915134924015,1.6575644058394858,0.8509629433967631,1.0288340836382979,6.639561131650615,5.650164821087669,-0.642615588157121,-1.9652320743762184,0.5704123663682442,-0.6553940281388624,"[np.float64(-2.0881644327559963), np.float64(1.3012790978958777), np.float64(0.7894051610199566), np.float64(-0.8599981575419209), np.float64(0.24234915134924015), np.float64(1.6575644058394858), np.float64(0.8509629433967631), np.float64(1.0288340836382979), np.float64(6.639561131650615), np.float64(5.650164821087669), np.float64(-0.642615588157121), np.float64(-1.9652320743762184), np.float64(0.5704123663682442), np.float64(-0.6553940281388624)]"
S1081,17.8,85.1,58.0,7.3,2.0,2.17,1,Master,2.17,46.2,Fail,F,Medium Risk,2,0,3,2,3.09,2.76,0.3,15.15,-0.2384232748429752,0.39649401967182707,-0.4540299796596534,0.17199963150838418,-0.336879221856401,-0.840329845195018,0.8509629433967631,1.0288340836382979,-0.22758248240340465,-0.17493506900610875,-0.37134386366173455,-0.0975984386590585,-0.04879341562073081,-0.13169328117088164,"[np.float64(-0.2384232748429752), np.float64(0.39649401967182707), np.float64(-0.4540299796596534), np.float64(0.17199963150838418), np.float64(-0.336879221856401), np.float64(-0.840329845195018), np.float64(0.8509629433967631), np.float64(1.0288340836382979), np.float64(-0.22758248240340465), np.float64(-0.17493506900610875), np.float64(-0.37134386366173455), np.float64(-0.0975984386590585), np.float64(-0.04879341562073081), np.float64(-0.13169328117088164)]"
S1082,23.6,73.8,58.0,8.7,1.5,1.7,1,Bachelor,2.12,53.2,Pass,D,Medium Risk,1,1,2,2,2.36,2.51,0.39,17.42,0.36770659611157414,-0.4484705575126161,-0.4540299796596534,1.1351975679553352,-0.5299553462582814,-1.4818655271546992,0.8509629433967631,-0.07743912457492572,-0.2977338235489327,-0.20528045288865607,-0.24927158763881058,0.18409779742585547,-0.17263457201852536,0.4792909236250959,"[np.float64(0.36770659611157414), np.float64(-0.4484705575126161), np.float64(-0.4540299796596534), np.float64(1.1351975679553352), np.float64(-0.5299553462582814), np.float64(-1.4818655271546992), np.float64(0.8509629433967631), np.float64(-0.07743912457492572), np.float64(-0.2977338235489327), np.float64(-0.20528045288865607), np.float64(-0.24927158763881058), np.float64(0.18409779742585547), np.float64(-0.17263457201852536), np.float64(0.4792909236250959)]"
S1083,34.8,89.5,58.6,5.5,3.0,3.04,1,Bachelor,2.21,57.8,Pass,D,Medium Risk,1,1,2,2,1.64,1.08,0.32,31.15,1.5381642779548412,0.7255067753896639,-0.4229441011426631,-1.0663977153519817,0.049273026947359765,0.34719365119843476,0.8509629433967631,-0.07743912457492572,-0.36692418741849464,-0.37885604869682654,-0.3442166912121959,1.8879256923359284,0.05027950949750529,0.8807948296338807,"[np.float64(1.5381642779548412), np.float64(0.7255067753896639), np.float64(-0.4229441011426631), np.float64(-1.0663977153519817), np.float64(0.049273026947359765), np.float64(0.34719365119843476), np.float64(0.8509629433967631), np.float64(-0.07743912457492572), np.float64(-0.36692418741849464), np.float64(-0.37885604869682654), np.float64(-0.3442166912121959), np.float64(1.8879256923359284), np.float64(0.05027950949750529), np.float64(0.8807948296338807)]"
S1084,14.8,100.0,100.0,7.1,3.7,3.38,1,Bachelor,3.01,41.1,Fail,F,Medium Risk,1,0,3,2,6.33,3.21,0.0,14.8,-0.5519387253367076,1.5106508515345007,1.7219815165296641,0.034399926301676716,0.3195796011099924,0.8112832934671402,0.8509629433967631,-0.07743912457492572,0.08377415500962404,-0.12031337801752362,-0.7782514504048142,-0.14103177902457378,2.031738011862225,-0.5768389160936653,"[np.float64(-0.5519387253367076), np.float64(1.5106508515345007), np.float64(1.7219815165296641), np.float64(0.034399926301676716), np.float64(0.3195796011099924), np.float64(0.8112832934671402), np.float64(0.8509629433967631), np.float64(-0.07743912457492572), np.float64(0.08377415500962404), np.float64(-0.12031337801752362), np.float64(-0.7782514504048142), np.float64(-0.14103177902457378), np.float64(2.031738011862225), np.float64(-0.5768389160936653)]"
S1085,11.9,82.7,72.6,7.6,0.0,2.62,1,Master,2.36,39.0,Fail,F,High Risk,2,0,3,0,5.63,4.22,0.0,9.84,-0.8550036608139823,0.2170325165530079,0.3023930642537757,0.3783991893184451,-1.1091837194639227,-0.22609355395702502,0.8509629433967631,1.0288340836382979,0.016505745691994374,0.002281972867967413,-0.7782514504048142,-0.75654425963302,0.42180297869089006,-0.7601341775324587,"[np.float64(-0.8550036608139823), np.float64(0.2170325165530079), np.float64(0.3023930642537757), np.float64(0.3783991893184451), np.float64(-1.1091837194639227), np.float64(-0.22609355395702502), np.float64(0.8509629433967631), np.float64(1.0288340836382979), np.float64(0.016505745691994374), np.float64(0.002281972867967413), np.float64(-0.7782514504048142), np.float64(-0.75654425963302), np.float64(0.42180297869089006), np.float64(-0.7601341775324587)]"
S1086,15.0,83.7,73.6,8.0,0.5,3.96,0,Bachelor,2.22,57.7,Pass,D,Medium Risk,1,1,2,2,4.6,3.57,0.08,12.56,-0.5310376953037922,0.29180814285251616,0.3542028617820928,0.65359859973186,-0.9161075950620422,1.6029656243961088,-1.1751393027860062,-0.07743912457492572,-0.08247491373251785,-0.07661602522665553,-0.6697427606066597,-0.419005157363872,0.07504774077706486,0.8720664838510814,"[np.float64(-0.5310376953037922), np.float64(0.29180814285251616), np.float64(0.3542028617820928), np.float64(0.65359859973186), np.float64(-0.9161075950620422), np.float64(1.6029656243961088), np.float64(-1.1751393027860062), np.float64(-0.07743912457492572), np.float64(-0.08247491373251785), np.float64(-0.07661602522665553), np.float64(-0.6697427606066597), np.float64(-0.419005157363872), np.float64(0.07504774077706486), np.float64(0.8720664838510814)]"
S1087,29.2,73.1,85.6,7.3,3.7,1.73,0,Bachelor,2.67,55.6,Pass,D,Medium Risk,1,1,2,2,2.83,1.71,1.0,21.35,0.9529354370332077,-0.5008134959222721,0.9759204321218978,0.17199963150838418,0.3195796011099924,-1.4409164410721664,-1.1751393027860062,-0.07743912457492572,-0.2525678915785242,-0.30238568131280735,0.5781071720721183,0.6717921621014992,1.1896181483572192,0.688771222412288,"[np.float64(0.9529354370332077), np.float64(-0.5008134959222721), np.float64(0.9759204321218978), np.float64(0.17199963150838418), np.float64(0.3195796011099924), np.float64(-1.4409164410721664), np.float64(-1.1751393027860062), np.float64(-0.07743912457492572), np.float64(-0.2525678915785242), np.float64(-0.30238568131280735), np.float64(0.5781071720721183), np.float64(0.6717921621014992), np.float64(1.1896181483572192), np.float64(0.688771222412288)]"
S1088,23.3,67.3,69.8,6.4,3.3,3.35,0,PhD,2.05,43.4,Fail,F,Medium Risk,3,0,3,2,2.87,1.87,1.08,15.68,0.33635505106220087,-0.9345121284594198,0.15732563117448803,-0.4471990419217985,0.16511870158848793,0.7703342073846077,-1.1751393027860062,2.1351072918515213,-0.24872398247465966,-0.2829646356279771,0.6866158618702729,-0.03182795181984962,-0.34601219097543906,-0.37608696308927303,"[np.float64(0.33635505106220087), np.float64(-0.9345121284594198), np.float64(0.15732563117448803), np.float64(-0.4471990419217985), np.float64(0.16511870158848793), np.float64(0.7703342073846077), np.float64(-1.1751393027860062), np.float64(2.1351072918515213), np.float64(-0.24872398247465966), np.float64(-0.2829646356279771), np.float64(0.6866158618702729), np.float64(-0.03182795181984962), np.float64(-0.34601219097543906), np.float64(-0.37608696308927303)]"
S1089,14.7,92.5,59.8,5.8,9.15,2.32,1,High School,1.75,29.3,Fail,F,High Risk,0,0,3,0,3.81,2.64,0.69,13.6,-0.5623892403531655,0.9498336542881887,-0.3607723441086828,-0.8599981575419209,2.424109357090489,-0.6355844147823538,0.8509629433967631,-1.1837123327881494,-0.1583921185338427,-0.18950085326973143,0.1576359991042691,-0.289946088849198,-1.0890591293622087,-1.6067837184640275,"[np.float64(-0.5623892403531655), np.float64(0.9498336542881887), np.float64(-0.3607723441086828), np.float64(-0.8599981575419209), np.float64(2.424109357090489), np.float64(-0.6355844147823538), np.float64(0.8509629433967631), np.float64(-1.1837123327881494), np.float64(-0.1583921185338427), np.float64(-0.18950085326973143), np.float64(0.1576359991042691), np.float64(-0.289946088849198), np.float64(-1.0890591293622087), np.float64(-1.6067837184640275)]"
S1090,25.1,67.2,61.1,7.1,4.3,4.0,1,High School,2.01,37.8,Fail,F,High Risk,0,0,3,0,2.34,1.93,1.41,16.87,0.5244643213584403,-0.9419896910893703,-0.2934196073218704,0.034399926301676716,0.5512709503922487,1.6575644058394858,0.8509629433967631,-1.1837123327881494,-0.29965577810086497,-0.27568174349616575,1.1342142072876604,0.11584540542290271,-0.4450851160936752,-0.8648743269260551,"[np.float64(0.5244643213584403), np.float64(-0.9419896910893703), np.float64(-0.2934196073218704), np.float64(0.034399926301676716), np.float64(0.5512709503922487), np.float64(1.6575644058394858), np.float64(0.8509629433967631), np.float64(-1.1837123327881494), np.float64(-0.29965577810086497), np.float64(-0.27568174349616575), np.float64(1.1342142072876604), np.float64(0.11584540542290271), np.float64(-0.4450851160936752), np.float64(-0.8648743269260551)]"
S1091,21.0,81.1,63.6,5.4,9.0,4.0,1,Bachelor,1.67,26.7,Fail,F,High Risk,1,0,3,0,2.89,1.74,1.7,17.03,0.0959932056836726,0.09739151447379403,-0.1638951135010777,-1.1351975679553352,2.3661865197699243,1.6575644058394858,0.8509629433967631,-0.07743912457492572,-0.24680202792272737,-0.29874423524690163,1.5275582078059708,0.1357006467328526,-1.2872049795986809,-1.8337207088168193,"[np.float64(0.0959932056836726), np.float64(0.09739151447379403), np.float64(-0.1638951135010777), np.float64(-1.1351975679553352), np.float64(2.3661865197699243), np.float64(1.6575644058394858), np.float64(0.8509629433967631), np.float64(-0.07743912457492572), np.float64(-0.24680202792272737), np.float64(-0.29874423524690163), np.float64(1.5275582078059708), np.float64(0.1357006467328526), np.float64(-1.2872049795986809), np.float64(-1.8337207088168193)]"
S1092,29.7,72.8,64.3,3.2124999999999986,3.6,2.19,1,PhD,2.25,47.2,Fail,F,Medium Risk,3,0,3,2,2.09,0.74,0.98,21.62,1.0051880121154966,-0.5232461838121244,-0.12762825523125595,-2.640194343653698,0.2809643762296163,-0.8130304544733294,0.8509629433967631,2.1351072918515213,-0.3236802100000184,-0.42012577077709085,0.5509799996225796,0.7052978818120396,0.14935243461574138,-0.04440982334288484,"[np.float64(1.0051880121154966), np.float64(-0.5232461838121244), np.float64(-0.12762825523125595), np.float64(-2.640194343653698), np.float64(0.2809643762296163), np.float64(-0.8130304544733294), np.float64(0.8509629433967631), np.float64(2.1351072918515213), np.float64(-0.3236802100000184), np.float64(-0.42012577077709085), np.float64(0.5509799996225796), np.float64(0.7052978818120396), np.float64(0.14935243461574138), np.float64(-0.04440982334288484)]"
S1093,13.0,87.2,79.6,7.7,1.1,2.36,1,Bachelor,1.7,45.8,Fail,F,Medium Risk,1,0,3,2,5.69,3.93,0.14,11.34,-0.7400479956329471,0.5535228349007951,0.6650616469519953,0.4471990419217991,-0.6844162457797857,-0.5809856333389767,0.8509629433967631,-0.07743912457492572,0.02227160934779125,-0.032918672435787395,-0.5883612432580437,-0.5704013723522399,-1.2129002857600037,-0.16660666430208085,"[np.float64(-0.7400479956329471), np.float64(0.5535228349007951), np.float64(0.6650616469519953), np.float64(0.4471990419217991), np.float64(-0.6844162457797857), np.float64(-0.5809856333389767), np.float64(0.8509629433967631), np.float64(-0.07743912457492572), np.float64(0.02227160934779125), np.float64(-0.032918672435787395), np.float64(-0.5883612432580437), np.float64(-0.5704013723522399), np.float64(-1.2129002857600037), np.float64(-0.16660666430208085)]"
S1094,16.7,85.0,66.0,8.4,0.3,3.49,1,High School,1.97,42.3,Fail,F,Medium Risk,0,0,3,2,3.73,3.38,0.04,14.2,-0.35337894002401055,0.3890164570418767,-0.03955159943311675,0.928798010145275,-0.9933380448227944,0.9614299424364278,0.8509629433967631,-1.1837123327881494,-0.16607993674157182,-0.09967851697739147,-0.7239971055057369,-0.21548893393688598,-0.5441580412119107,-0.4720987667000696,"[np.float64(-0.35337894002401055), np.float64(0.3890164570418767), np.float64(-0.03955159943311675), np.float64(0.928798010145275), np.float64(-0.9933380448227944), np.float64(0.9614299424364278), np.float64(0.8509629433967631), np.float64(-1.1837123327881494), np.float64(-0.16607993674157182), np.float64(-0.09967851697739147), np.float64(-0.7239971055057369), np.float64(-0.21548893393688598), np.float64(-0.5441580412119107), np.float64(-0.4720987667000696)]"
S1095,16.1,95.6,79.7,3.5,4.6,2.49,0,Bachelor,1.6,47.7,Fail,F,Medium Risk,1,0,3,2,4.66,1.46,0.2,15.39,-0.41608203012275685,1.181638095816664,0.6702426267048275,-2.442394767419055,0.6671166250333769,-0.40353959364800057,-1.1751393027860062,-0.07743912457492572,-0.07670905007672096,-0.33273106519535467,-0.5069797259094277,-0.06781557669413366,-1.4605825985555936,-0.0007680944288864422,"[np.float64(-0.41608203012275685), np.float64(1.181638095816664), np.float64(0.6702426267048275), np.float64(-2.442394767419055), np.float64(0.6671166250333769), np.float64(-0.40353959364800057), np.float64(-1.1751393027860062), np.float64(-0.07743912457492572), np.float64(-0.07670905007672096), np.float64(-0.33273106519535467), np.float64(-0.5069797259094277), np.float64(-0.06781557669413366), np.float64(-1.4605825985555936), np.float64(-0.0007680944288864422)]"
S1096,5.4,72.3,63.4,5.5,3.1,2.76,1,Bachelor,1.73,38.9,Fail,F,High Risk,1,0,3,0,9.91,6.31,0.86,3.9,-1.5342871368837359,-0.5606339969618784,-0.17425707300674126,-1.0663977153519817,0.08788825182773588,-0.034997818905205494,0.8509629433967631,-0.07743912457492572,0.42780401980550137,0.25596938212606274,0.3882169649253477,-1.4936700932649087,-1.1385955919213266,-0.7688625233152585,"[np.float64(-1.5342871368837359), np.float64(-0.5606339969618784), np.float64(-0.17425707300674126), np.float64(-1.0663977153519817), np.float64(0.08788825182773588), np.float64(-0.034997818905205494), np.float64(0.8509629433967631), np.float64(-0.07743912457492572), np.float64(0.42780401980550137), np.float64(0.25596938212606274), np.float64(0.3882169649253477), np.float64(-1.4936700932649087), np.float64(-1.1385955919213266), np.float64(-0.7688625233152585)]"
S1097,23.0,76.0,66.6,7.9,0.1,2.82,0,High School,2.25,68.5,Pass,C,Low Risk,0,1,1,1,2.78,2.33,0.02,17.48,0.30500350601282755,-0.2839641796536977,-0.008465720916126792,0.5847987471285065,-1.0705684945835465,0.04690035325986028,-1.1751393027860062,-1.1837123327881494,-0.2573727779583549,-0.22712912928409007,-0.7511242779552756,0.19154351291708652,0.14935243461574138,1.8147278283934465,"[np.float64(0.30500350601282755), np.float64(-0.2839641796536977), np.float64(-0.008465720916126792), np.float64(0.5847987471285065), np.float64(-1.0705684945835465), np.float64(0.04690035325986028), np.float64(-1.1751393027860062), np.float64(-1.1837123327881494), np.float64(-0.2573727779583549), np.float64(-0.22712912928409007), np.float64(-0.7511242779552756), np.float64(0.19154351291708652), np.float64(0.14935243461574138), np.float64(1.8147278283934465)]"
S1098,22.6,65.3,25.0,10.1,1.3,1.26,0,Bachelor,1.65,27.9,Fail,F,High Risk,1,0,3,0,1.06,3.03,0.45,14.76,0.2632014459469967,-1.0840633810584364,-2.163753298094117,2.098395504402287,-0.6071857960190336,-2.082452123031848,-1.1751393027860062,-0.07743912457492572,-0.42266086942453057,-0.14216205441295768,-0.16789007029019462,-0.14599558935206136,-1.336741442157799,-1.7289805594232233,"[np.float64(0.2632014459469967), np.float64(-1.0840633810584364), np.float64(-2.163753298094117), np.float64(2.098395504402287), np.float64(-0.6071857960190336), np.float64(-2.082452123031848), np.float64(-1.1751393027860062), np.float64(-0.07743912457492572), np.float64(-0.42266086942453057), np.float64(-0.14216205441295768), np.float64(-0.16789007029019462), np.float64(-0.14599558935206136), np.float64(-1.336741442157799), np.float64(-1.7289805594232233)]"
S1099,20.1,73.3,83.3,7.0,9.15,2.79,0,PhD,1.88,56.1,Pass,D,Medium Risk,3,1,2,2,3.95,2.36,2.44,14.73,0.001938570535553035,-0.4858583706623702,0.8567578978067687,-0.034399926301676716,2.424109357090489,0.005951267177327695,-1.1751393027860062,2.1351072918515213,-0.14493843667031675,-0.2234876832181844,2.531263588438901,-0.1497184470976769,-0.7670721227279419,0.7324129513262865,"[np.float64(0.001938570535553035), np.float64(-0.4858583706623702), np.float64(0.8567578978067687), np.float64(-0.034399926301676716), np.float64(2.424109357090489), np.float64(0.005951267177327695), np.float64(-1.1751393027860062), np.float64(2.1351072918515213), np.float64(-0.14493843667031675), np.float64(-0.2234876832181844), np.float64(2.531263588438901), np.float64(-0.1497184470976769), np.float64(-0.7670721227279419), np.float64(0.7324129513262865)]"
S1100,17.7,85.7,71.9,5.9,2.1,2.25,0,Bachelor,1.83,56.7,Pass,D,Medium Risk,1,1,2,2,3.84,2.24,0.3,15.17,-0.2488737898594331,0.4413593954515327,0.26612620598395437,-0.7911983049385668,-0.2982639969760249,-0.7311322823082637,-1.1751393027860062,-0.07743912457492572,-0.1555091867059443,-0.23805346748180709,-0.37134386366173455,-0.0951165334953148,-0.8909132791257365,0.7847830260230847,"[np.float64(-0.2488737898594331), np.float64(0.4413593954515327), np.float64(0.26612620598395437), np.float64(-0.7911983049385668), np.float64(-0.2982639969760249), np.float64(-0.7311322823082637), np.float64(-1.1751393027860062), np.float64(-0.07743912457492572), np.float64(-0.1555091867059443), np.float64(-0.23805346748180709), np.float64(-0.37134386366173455), np.float64(-0.0951165334953148), np.float64(-0.8909132791257365), np.float64(0.7847830260230847)]"
S1101,5.8,91.4,85.0,6.7,1.7,2.41,1,Bachelor,2.29,41.1,Fail,F,Medium Risk,1,0,3,2,12.5,7.22,0.15,5.3,-1.4924850768179048,0.86758046535873,0.9448345536049079,-0.2407994841117376,-0.4527248964975293,-0.5127371565347549,0.8509629433967631,-0.07743912457492572,0.6766971342807311,0.3664265794585349,-0.5747976570332743,-1.3199367318028474,0.24842535973397747,-0.5768389160936653,"[np.float64(-1.4924850768179048), np.float64(0.86758046535873), np.float64(0.9448345536049079), np.float64(-0.2407994841117376), np.float64(-0.4527248964975293), np.float64(-0.5127371565347549), np.float64(0.8509629433967631), np.float64(-0.07743912457492572), np.float64(0.6766971342807311), np.float64(0.3664265794585349), np.float64(-0.5747976570332743), np.float64(-1.3199367318028474), np.float64(0.24842535973397747), np.float64(-0.5768389160936653)]"
S1102,15.8,66.2,12.250000000000007,9.1,1.8,3.95,1,Bachelor,1.54,32.2,Fail,F,High Risk,1,0,3,0,0.73,3.86,0.61,10.46,-0.4474335751721301,-1.0167653173888784,-2.82432821658016,1.4103969783687502,-0.4141096716171532,1.5893159290352648,0.8509629433967631,-0.07743912457492572,-0.4543731195314131,-0.041415379922900675,0.04912730930611454,-0.6796051995569641,-1.6091919862329476,-1.3536616907628367,"[np.float64(-0.4474335751721301), np.float64(-1.0167653173888784), np.float64(-2.82432821658016), np.float64(1.4103969783687502), np.float64(-0.4141096716171532), np.float64(1.5893159290352648), np.float64(0.8509629433967631), np.float64(-0.07743912457492572), np.float64(-0.4543731195314131), np.float64(-0.041415379922900675), np.float64(0.04912730930611454), np.float64(-0.6796051995569641), np.float64(-1.6091919862329476), np.float64(-1.3536616907628367)]"
S1103,16.6,93.0,100.0,6.0,0.7,1.79,0,High School,2.53,54.2,Pass,D,Medium Risk,0,1,2,2,5.68,2.43,0.05,15.44,-0.3638294550404681,0.9872214674379428,1.7219815165296641,-0.7223984523352134,-0.8388771453012902,-1.3590182689071006,-1.1751393027860062,-1.1837123327881494,0.021310632071825045,-0.21499097573107115,-0.7104335192809677,-0.061610813784774454,0.8428629104433929,0.5665743814530927,"[np.float64(-0.3638294550404681), np.float64(0.9872214674379428), np.float64(1.7219815165296641), np.float64(-0.7223984523352134), np.float64(-0.8388771453012902), np.float64(-1.3590182689071006), np.float64(-1.1751393027860062), np.float64(-1.1837123327881494), np.float64(0.021310632071825045), np.float64(-0.21499097573107115), np.float64(-0.7104335192809677), np.float64(-0.061610813784774454), np.float64(0.8428629104433929), np.float64(0.5665743814530927)]"
S1104,12.0,100.0,62.2,5.8,1.4,3.45,1,Master,1.99,47.9,Fail,F,Medium Risk,2,0,3,2,4.78,3.2,0.0,12.0,-0.8445531457975246,1.5106508515345007,-0.23642883004072154,-0.8599981575419209,-0.5685705711386575,0.9068311609930506,0.8509629433967631,1.0288340836382979,-0.0651773227651273,-0.12152719337282548,-0.7782514504048142,-0.48849850194869665,-0.49462157865279266,0.016688597136712544,"[np.float64(-0.8445531457975246), np.float64(1.5106508515345007), np.float64(-0.23642883004072154), np.float64(-0.8599981575419209), np.float64(-0.5685705711386575), np.float64(0.9068311609930506), np.float64(0.8509629433967631), np.float64(1.0288340836382979), np.float64(-0.0651773227651273), np.float64(-0.12152719337282548), np.float64(-0.7782514504048142), np.float64(-0.48849850194869665), np.float64(-0.49462157865279266), np.float64(0.016688597136712544)]"
S1105,18.4,86.2,87.2,6.3,1.4,2.58,1,Bachelor,2.43,66.2,Pass,C,Low Risk,1,1,1,1,4.49,2.31,0.19,15.86,-0.17572018474422896,0.47874720860128683,1.0588161081672056,-0.5159988945251526,-0.5685705711386575,-0.2806923354004022,0.8509629433967631,-0.07743912457492572,-0.09304566376814531,-0.22955675999469385,-0.5205433121341971,-0.009490805346156051,0.5951805976478038,1.613975875389054,"[np.float64(-0.17572018474422896), np.float64(0.47874720860128683), np.float64(1.0588161081672056), np.float64(-0.5159988945251526), np.float64(-0.5685705711386575), np.float64(-0.2806923354004022), np.float64(0.8509629433967631), np.float64(-0.07743912457492572), np.float64(-0.09304566376814531), np.float64(-0.22955675999469385), np.float64(-0.5205433121341971), np.float64(-0.009490805346156051), np.float64(0.5951805976478038), np.float64(1.613975875389054)]"
S1106,24.0,100.0,44.2,5.6,0.2,2.58,0,Bachelor,2.67,54.4,Pass,D,Medium Risk,1,1,2,2,1.77,1.59,0.0,24.0,0.409508656177405,1.5106508515345007,-1.169005185550429,-0.9975978627486284,-1.0319532697031704,-0.2806923354004022,-1.1751393027860062,-0.07743912457492572,-0.3544314828309348,-0.31695146557643006,-0.7782514504048142,1.0006445962975437,1.1896181483572192,0.5840310730186917,"[np.float64(0.409508656177405), np.float64(1.5106508515345007), np.float64(-1.169005185550429), np.float64(-0.9975978627486284), np.float64(-1.0319532697031704), np.float64(-0.2806923354004022), np.float64(-1.1751393027860062), np.float64(-0.07743912457492572), np.float64(-0.3544314828309348), np.float64(-0.31695146557643006), np.float64(-0.7782514504048142), np.float64(1.0006445962975437), np.float64(1.1896181483572192), np.float64(0.5840310730186917)]"
S1107,38.9,68.4,77.3,7.2,4.4,3.43,1,Bachelor,2.78,62.8,Pass,D,Low Risk,1,1,2,1,1.94,1.27,1.39,26.61,1.966635393629609,-0.8522589395299601,0.5458991126368662,0.10319977890503075,0.589886175272625,0.879531770271362,0.8509629433967631,-0.07743912457492572,-0.3380948691395105,-0.3557935569460906,1.1070870348381219,1.3245332201661009,1.462068692432368,1.3172121187738646,"[np.float64(1.966635393629609), np.float64(-0.8522589395299601), np.float64(0.5458991126368662), np.float64(0.10319977890503075), np.float64(0.589886175272625), np.float64(0.879531770271362), np.float64(0.8509629433967631), np.float64(-0.07743912457492572), np.float64(-0.3380948691395105), np.float64(-0.3557935569460906), np.float64(1.1070870348381219), np.float64(1.3245332201661009), np.float64(1.462068692432368), np.float64(1.3172121187738646)]"
S1108,21.7,61.3,43.9,9.4,1.6,3.07,0,Bachelor,1.87,39.2,Fail,F,High Risk,1,0,3,0,1.93,2.94,0.62,13.3,0.16914681079887675,-1.3831658862564693,-1.1845481248089245,1.6167965361788117,-0.4913401213779053,0.3881427372809674,-1.1751393027860062,-0.07743912457492572,-0.33905584641547665,-0.1530863926106747,0.06269089553088388,-0.32717466630535386,-0.7918403540075004,-0.7426774859668591,"[np.float64(0.16914681079887675), np.float64(-1.3831658862564693), np.float64(-1.1845481248089245), np.float64(1.6167965361788117), np.float64(-0.4913401213779053), np.float64(0.3881427372809674), np.float64(-1.1751393027860062), np.float64(-0.07743912457492572), np.float64(-0.33905584641547665), np.float64(-0.1530863926106747), np.float64(0.06269089553088388), np.float64(-0.32717466630535386), np.float64(-0.7918403540075004), np.float64(-0.7426774859668591)]"
S1109,22.6,53.3,52.5,7.5,5.2,3.26,1,Bachelor,1.99,27.9,Fail,F,High Risk,1,0,3,0,2.22,2.25,2.43,12.05,0.2632014459469967,-1.9813708966525356,-0.7389838660653975,0.30959933671509166,0.8988079743156335,0.6474869491370087,0.8509629433967631,-0.07743912457492572,-0.3111875054124586,-0.2368396521265052,2.517700002214132,-0.4822937390393372,-0.49462157865279266,-1.7289805594232233,"[np.float64(0.2632014459469967), np.float64(-1.9813708966525356), np.float64(-0.7389838660653975), np.float64(0.30959933671509166), np.float64(0.8988079743156335), np.float64(0.6474869491370087), np.float64(0.8509629433967631), np.float64(-0.07743912457492572), np.float64(-0.3111875054124586), np.float64(-0.2368396521265052), np.float64(2.517700002214132), np.float64(-0.4822937390393372), np.float64(-0.49462157865279266), np.float64(-1.7289805594232233)]"
S1110,19.3,100.0,100.0,6.6,5.7,3.57,1,High School,2.61,56.3,Pass,D,Medium Risk,0,1,2,2,4.93,2.31,0.0,19.3,-0.08166554959610901,1.5106508515345007,1.7219815165296641,-0.30959933671509166,1.091884098717514,1.0706275053231815,0.8509629433967631,-1.1837123327881494,-0.050762663625635286,-0.22955675999469385,-0.7782514504048142,0.4173968828177663,1.041008760679865,0.7498696428918854,"[np.float64(-0.08166554959610901), np.float64(1.5106508515345007), np.float64(1.7219815165296641), np.float64(-0.30959933671509166), np.float64(1.091884098717514), np.float64(1.0706275053231815), np.float64(0.8509629433967631), np.float64(-1.1837123327881494), np.float64(-0.050762663625635286), np.float64(-0.22955675999469385), np.float64(-0.7782514504048142), np.float64(0.4173968828177663), np.float64(1.041008760679865), np.float64(0.7498696428918854)]"
S1111,0.8,89.8,61.2,6.6,0.7,2.53,0,Master,1.87,48.4,Fail,F,Medium Risk,2,0,3,2,34.0,30.8,0.07,0.72,-2.015010827640792,0.7479394632795161,-0.2882386275690386,-0.30959933671509166,-0.8388771453012902,-0.348940812204624,-1.1751393027860062,1.0288340836382979,2.7427982776079274,3.2286031872603957,-0.6833063468314289,-1.8882930143001624,-0.7918403540075004,0.06033032605071094,"[np.float64(-2.015010827640792), np.float64(0.7479394632795161), np.float64(-0.2882386275690386), np.float64(-0.30959933671509166), np.float64(-0.8388771453012902), np.float64(-0.348940812204624), np.float64(-1.1751393027860062), np.float64(1.0288340836382979), np.float64(2.7427982776079274), np.float64(3.2286031872603957), np.float64(-0.6833063468314289), np.float64(-1.8882930143001624), np.float64(-0.7918403540075004), np.float64(0.06033032605071094)]"
S1112,19.7,79.2,69.3,4.7,3.2,2.31,0,PhD,1.99,34.2,Fail,F,High Risk,3,0,3,0,3.35,1.61,0.67,15.6,-0.03986348953027817,-0.04468217549527103,0.13142073241032948,-1.616796536178811,0.126503476708112,-0.6492341101431979,-1.1751393027860062,2.1351072918515213,-0.20259707322828502,-0.31452383486582625,0.13050882665473057,-0.041755572474824566,-0.49462157865279266,-1.179094775106843,"[np.float64(-0.03986348953027817), np.float64(-0.04468217549527103), np.float64(0.13142073241032948), np.float64(-1.616796536178811), np.float64(0.126503476708112), np.float64(-0.6492341101431979), np.float64(-1.1751393027860062), np.float64(2.1351072918515213), np.float64(-0.20259707322828502), np.float64(-0.31452383486582625), np.float64(0.13050882665473057), np.float64(-0.041755572474824566), np.float64(-0.49462157865279266), np.float64(-1.179094775106843)]"
S1113,20.6,84.2,82.4,8.3,1.9,1.93,1,Bachelor,2.31,46.7,Fail,F,Medium Risk,1,0,3,2,3.81,2.73,0.3,17.35,0.05419114561784177,0.3291959560022703,0.8101290800312838,0.8599981575419215,-0.3754944467367771,-1.1679225338552808,0.8509629433967631,-0.07743912457492572,-0.1583921185338427,-0.1785765150720144,-0.37134386366173455,0.17541112935275238,0.29796182229309554,-0.08805155225688323,"[np.float64(0.05419114561784177), np.float64(0.3291959560022703), np.float64(0.8101290800312838), np.float64(0.8599981575419215), np.float64(-0.3754944467367771), np.float64(-1.1679225338552808), np.float64(0.8509629433967631), np.float64(-0.07743912457492572), np.float64(-0.1583921185338427), np.float64(-0.1785765150720144), np.float64(-0.37134386366173455), np.float64(0.17541112935275238), np.float64(0.29796182229309554), np.float64(-0.08805155225688323)]"
S1114,44.6,63.1,74.9,6.9,6.4,2.14,1,PhD,2.54,59.9,Pass,D,Medium Risk,3,1,2,2,1.64,1.07,2.36,28.14,2.562314749567701,-1.2485697589173541,0.4215555985689056,-0.10319977890503014,1.3621906728801465,-0.8812789312775506,0.8509629433967631,2.1351072918515213,-0.36692418741849464,-0.3800698640521284,2.422754898640746,1.5143989651924967,0.8676311417229525,1.064090091072674,"[np.float64(2.562314749567701), np.float64(-1.2485697589173541), np.float64(0.4215555985689056), np.float64(-0.10319977890503014), np.float64(1.3621906728801465), np.float64(-0.8812789312775506), np.float64(0.8509629433967631), np.float64(2.1351072918515213), np.float64(-0.36692418741849464), np.float64(-0.3800698640521284), np.float64(2.422754898640746), np.float64(1.5143989651924967), np.float64(0.8676311417229525), np.float64(1.064090091072674)]"
S1115,18.1,100.0,68.0,6.7,0.7,4.0,0,High School,2.22,44.8,Fail,F,Medium Risk,0,0,3,2,3.56,2.49,0.0,18.1,-0.2070717297936019,1.5106508515345007,0.06406799562351742,-0.2407994841117376,-0.8388771453012902,1.6575644058394858,-1.1751393027860062,-1.1837123327881494,-0.18241655043299615,-0.2077080835992598,-0.7782514504048142,0.2684825729931424,0.07504774077706486,-0.2538901221300776,"[np.float64(-0.2070717297936019), np.float64(1.5106508515345007), np.float64(0.06406799562351742), np.float64(-0.2407994841117376), np.float64(-0.8388771453012902), np.float64(1.6575644058394858), np.float64(-1.1751393027860062), np.float64(-1.1837123327881494), np.float64(-0.18241655043299615), np.float64(-0.2077080835992598), np.float64(-0.7782514504048142), np.float64(0.2684825729931424), np.float64(0.07504774077706486), np.float64(-0.2538901221300776)]"
S1116,23.0,81.9,72.3,10.912500000000001,3.4,3.8,1,Bachelor,2.28,49.1,Fail,F,Medium Risk,1,0,3,2,3.01,3.22,0.62,18.84,0.30500350601282755,0.1572120155134015,0.28685012499528073,2.6573943068045365,0.20373392646886404,1.3845704986226,0.8509629433967631,-0.07743912457492572,-0.23527030061113374,-0.1190995626622217,0.06269089553088388,0.36031306405166036,0.2236571284544179,0.12142874653030894,"[np.float64(0.30500350601282755), np.float64(0.1572120155134015), np.float64(0.28685012499528073), np.float64(2.6573943068045365), np.float64(0.20373392646886404), np.float64(1.3845704986226), np.float64(0.8509629433967631), np.float64(-0.07743912457492572), np.float64(-0.23527030061113374), np.float64(-0.1190995626622217), np.float64(0.06269089553088388), np.float64(0.36031306405166036), np.float64(0.2236571284544179), np.float64(0.12142874653030894)]"
S1117,19.7,81.6,100.0,7.4,2.8,1.72,1,Bachelor,1.97,53.7,Pass,D,Medium Risk,1,1,2,2,4.83,2.54,0.52,16.08,-0.03986348953027817,0.13477932762354816,1.7219815165296641,0.2407994841117382,-0.02795742281339246,-1.4545661364330107,0.8509629433967631,-0.07743912457492572,-0.060372436385296636,-0.20163900682275035,-0.07294496671680935,0.017810151455024882,-0.5441580412119107,0.5229326525390943,"[np.float64(-0.03986348953027817), np.float64(0.13477932762354816), np.float64(1.7219815165296641), np.float64(0.2407994841117382), np.float64(-0.02795742281339246), np.float64(-1.4545661364330107), np.float64(0.8509629433967631), np.float64(-0.07743912457492572), np.float64(-0.060372436385296636), np.float64(-0.20163900682275035), np.float64(-0.07294496671680935), np.float64(0.017810151455024882), np.float64(-0.5441580412119107), np.float64(0.5229326525390943)]"
S1118,8.3,90.9,63.8,5.9,1.0,1.74,1,Bachelor,1.46,32.3,Fail,F,High Risk,1,0,3,0,6.86,4.59,0.09,7.54,-1.231222201406461,0.8301926522089759,-0.15353315399541448,-0.7911983049385668,-0.7230314706601618,-1.4272667457113222,0.8509629433967631,-0.07743912457492572,0.13470595063582938,0.047193141014137414,-0.6561791743818904,-1.0419633534635495,-1.8073378364694197,-1.3449333449800376,"[np.float64(-1.231222201406461), np.float64(0.8301926522089759), np.float64(-0.15353315399541448), np.float64(-0.7911983049385668), np.float64(-0.7230314706601618), np.float64(-1.4272667457113222), np.float64(0.8509629433967631), np.float64(-0.07743912457492572), np.float64(0.13470595063582938), np.float64(0.047193141014137414), np.float64(-0.6561791743818904), np.float64(-1.0419633534635495), np.float64(-1.8073378364694197), np.float64(-1.3449333449800376)]"
S1119,31.4,87.2,69.0,6.4,0.4,3.19,1,Bachelor,2.21,50.3,Pass,D,Medium Risk,1,1,2,2,2.13,1.4,0.05,27.38,1.182846767395278,0.5535228349007951,0.11587779315183451,-0.4471990419217985,-0.9547228199424184,0.551939081611099,0.8509629433967631,-0.07743912457492572,-0.31983630089615384,-0.340013957327166,-0.7104335192809677,1.4200865689702347,0.05027950949750529,0.2261688959239047,"[np.float64(1.182846767395278), np.float64(0.5535228349007951), np.float64(0.11587779315183451), np.float64(-0.4471990419217985), np.float64(-0.9547228199424184), np.float64(0.551939081611099), np.float64(0.8509629433967631), np.float64(-0.07743912457492572), np.float64(-0.31983630089615384), np.float64(-0.340013957327166), np.float64(-0.7104335192809677), np.float64(1.4200865689702347), np.float64(0.05027950949750529), np.float64(0.2261688959239047)]"
S1120,27.5,83.4,86.0,8.7,3.2,3.24,1,Bachelor,2.69,65.0,Pass,D,Low Risk,1,1,2,1,3.02,2.16,0.53,22.94,0.7752766817534261,0.2693754549626639,0.996644351133225,1.1351975679553352,0.126503476708112,0.6201875584153207,0.8509629433967631,-0.07743912457492572,-0.23430932333516757,-0.24776399032422222,-0.05938138049204001,0.869103622619126,1.2391546109163374,1.5092357259954579,"[np.float64(0.7752766817534261), np.float64(0.2693754549626639), np.float64(0.996644351133225), np.float64(1.1351975679553352), np.float64(0.126503476708112), np.float64(0.6201875584153207), np.float64(0.8509629433967631), np.float64(-0.07743912457492572), np.float64(-0.23430932333516757), np.float64(-0.24776399032422222), np.float64(-0.05938138049204001), np.float64(0.869103622619126), np.float64(1.2391546109163374), np.float64(1.5092357259954579)]"
S1121,27.9,68.1,87.1,7.2,4.0,3.24,1,High School,2.18,44.5,Fail,F,Medium Risk,0,0,3,2,3.01,1.76,1.28,19.0,0.817078741819257,-0.8746916274198134,1.0536351284143735,0.10319977890503075,0.43542527575112056,0.6201875584153207,0.8509629433967631,-1.1837123327881494,-0.23527030061113374,-0.29631660453629793,0.9578875863656594,0.3801683053616102,-0.024025184341171235,-0.28007515947847644,"[np.float64(0.817078741819257), np.float64(-0.8746916274198134), np.float64(1.0536351284143735), np.float64(0.10319977890503075), np.float64(0.43542527575112056), np.float64(0.6201875584153207), np.float64(0.8509629433967631), np.float64(-1.1837123327881494), np.float64(-0.23527030061113374), np.float64(-0.29631660453629793), np.float64(0.9578875863656594), np.float64(0.3801683053616102), np.float64(-0.024025184341171235), np.float64(-0.28007515947847644)]"
S1122,10.9,87.1,88.7,4.8,1.1,2.6,1,Bachelor,2.36,36.4,Fail,F,High Risk,1,0,3,0,7.45,2.9,0.14,9.49,-0.9595088109785598,0.5460452722708437,1.1365308044596814,-1.5479966835754575,-0.6844162457797857,-0.2533929446787136,0.8509629433967631,-0.07743912457492572,0.19140360991783148,-0.15794165403188226,-0.5883612432580437,-0.7999775999985352,0.42180297869089006,-0.9870711678852505,"[np.float64(-0.9595088109785598), np.float64(0.5460452722708437), np.float64(1.1365308044596814), np.float64(-1.5479966835754575), np.float64(-0.6844162457797857), np.float64(-0.2533929446787136), np.float64(0.8509629433967631), np.float64(-0.07743912457492572), np.float64(0.19140360991783148), np.float64(-0.15794165403188226), np.float64(-0.5883612432580437), np.float64(-0.7999775999985352), np.float64(0.42180297869089006), np.float64(-0.9870711678852505)]"
S1123,34.0,100.0,77.8,8.4,3.1,2.7,0,High School,2.82,59.2,Pass,D,Medium Risk,0,1,2,2,2.22,1.69,0.0,34.0,1.4545601578231797,1.5106508515345007,0.5718040114010248,0.928798010145275,0.08788825182773588,-0.11689599107027066,-1.1751393027860062,-1.1837123327881494,-0.3111875054124586,-0.30481331202341116,-0.7782514504048142,2.241597178169411,1.561141617550604,1.0029916705930766,"[np.float64(1.4545601578231797), np.float64(1.5106508515345007), np.float64(0.5718040114010248), np.float64(0.928798010145275), np.float64(0.08788825182773588), np.float64(-0.11689599107027066), np.float64(-1.1751393027860062), np.float64(-1.1837123327881494), np.float64(-0.3111875054124586), np.float64(-0.30481331202341116), np.float64(-0.7782514504048142), np.float64(2.241597178169411), np.float64(1.561141617550604), np.float64(1.0029916705930766)]"
S1124,6.0,100.0,42.1,6.0,1.5,3.06,0,Master,1.35,43.9,Fail,F,Medium Risk,2,0,3,2,6.01,6.27,0.0,6.0,-1.4715840467849894,1.5106508515345007,-1.2778057603598951,-0.7223984523352134,-0.5299553462582814,0.3744930419201234,-1.1751393027860062,1.0288340836382979,0.053022882178707605,0.25111412070485517,-0.7782514504048142,-1.2330700510718169,-2.0797883805445685,-0.3324452341752746,"[np.float64(-1.4715840467849894), np.float64(1.5106508515345007), np.float64(-1.2778057603598951), np.float64(-0.7223984523352134), np.float64(-0.5299553462582814), np.float64(0.3744930419201234), np.float64(-1.1751393027860062), np.float64(1.0288340836382979), np.float64(0.053022882178707605), np.float64(0.25111412070485517), np.float64(-0.7782514504048142), np.float64(-1.2330700510718169), np.float64(-2.0797883805445685), np.float64(-0.3324452341752746)]"
S1125,25.9,100.0,97.7,9.8,3.7,2.87,0,High School,3.06,63.7,Pass,D,Low Risk,0,1,2,1,3.63,2.58,0.0,25.9,0.6080684414901021,1.5106508515345007,1.6028189822145351,1.8919959465922265,0.3195796011099924,0.11514883006408205,-1.1751393027860062,-1.1837123327881494,-0.1756897095012332,-0.19678374540154278,-0.7782514504048142,1.2364255868531984,2.1555791682600205,1.3957672308190623,"[np.float64(0.6080684414901021), np.float64(1.5106508515345007), np.float64(1.6028189822145351), np.float64(1.8919959465922265), np.float64(0.3195796011099924), np.float64(0.11514883006408205), np.float64(-1.1751393027860062), np.float64(-1.1837123327881494), np.float64(-0.1756897095012332), np.float64(-0.19678374540154278), np.float64(-0.7782514504048142), np.float64(1.2364255868531984), np.float64(2.1555791682600205), np.float64(1.3957672308190623)]"
S1126,41.9,72.3,42.1,8.6,0.7,1.02,1,High School,2.52,52.4,Pass,D,Medium Risk,0,1,2,2,0.98,1.41,0.19,30.29,2.2801508441233413,-0.5606339969618784,-1.2778057603598951,1.0663977153519817,-0.8388771453012902,-2.4100448116921105,0.8509629433967631,-1.1837123327881494,-0.43034868763225964,-0.3388001419718641,-0.5205433121341971,1.781203770294948,0.8180946791638345,0.4094641573626981,"[np.float64(2.2801508441233413), np.float64(-0.5606339969618784), np.float64(-1.2778057603598951), np.float64(1.0663977153519817), np.float64(-0.8388771453012902), np.float64(-2.4100448116921105), np.float64(0.8509629433967631), np.float64(-1.1837123327881494), np.float64(-0.43034868763225964), np.float64(-0.3388001419718641), np.float64(-0.5205433121341971), np.float64(1.781203770294948), np.float64(0.8180946791638345), np.float64(0.4094641573626981)]"
S1127,10.1,65.2,71.1,6.3,6.6,2.62,1,Bachelor,1.51,37.9,Fail,F,High Risk,1,0,3,0,6.41,4.08,2.3,6.59,-1.0431129311102219,-1.0915409436883867,0.22467836796130009,-0.5159988945251526,1.4394211226408984,-0.22609355395702502,0.8509629433967631,-0.07743912457492572,0.09146197321735315,-0.014711442106259031,2.3413733812921302,-1.1598538487413768,-1.6834966800716247,-0.8561459811432554,"[np.float64(-1.0431129311102219), np.float64(-1.0915409436883867), np.float64(0.22467836796130009), np.float64(-0.5159988945251526), np.float64(1.4394211226408984), np.float64(-0.22609355395702502), np.float64(0.8509629433967631), np.float64(-0.07743912457492572), np.float64(0.09146197321735315), np.float64(-0.014711442106259031), np.float64(2.3413733812921302), np.float64(-1.1598538487413768), np.float64(-1.6834966800716247), np.float64(-0.8561459811432554)]"
S1128,14.3,78.1,49.9,8.9,1.0,2.12,0,Bachelor,2.09,29.2,Fail,F,High Risk,1,0,3,0,3.26,4.15,0.22,11.17,-0.6041913004189964,-0.12693536442473077,-0.873689339639022,1.2727972731620434,-0.7230314706601618,-0.9085783219992392,-1.1751393027860062,-0.07743912457492572,-0.2112458687119803,-0.006214734619145755,-0.47985255345988914,-0.5914975662440616,-0.246939265857203,-1.6155120642468273,"[np.float64(-0.6041913004189964), np.float64(-0.12693536442473077), np.float64(-0.873689339639022), np.float64(1.2727972731620434), np.float64(-0.7230314706601618), np.float64(-0.9085783219992392), np.float64(-1.1751393027860062), np.float64(-0.07743912457492572), np.float64(-0.2112458687119803), np.float64(-0.006214734619145755), np.float64(-0.47985255345988914), np.float64(-0.5914975662440616), np.float64(-0.246939265857203), np.float64(-1.6155120642468273)]"
S1129,21.0,80.8,63.7,7.1,1.4,2.94,1,Master,1.99,53.3,Pass,D,Medium Risk,2,1,2,2,2.9,2.29,0.27,16.97,0.0959932056836726,0.07495882658394176,-0.1587141337482459,0.034399926301676716,-0.5685705711386575,0.21069669758999182,0.8509629433967631,1.0288340836382979,-0.24584105064676126,-0.23198439070529764,-0.4120346223360425,0.1282549312416211,-0.49462157865279266,0.4880192694078951,"[np.float64(0.0959932056836726), np.float64(0.07495882658394176), np.float64(-0.1587141337482459), np.float64(0.034399926301676716), np.float64(-0.5685705711386575), np.float64(0.21069669758999182), np.float64(0.8509629433967631), np.float64(1.0288340836382979), np.float64(-0.24584105064676126), np.float64(-0.23198439070529764), np.float64(-0.4120346223360425), np.float64(0.1282549312416211), np.float64(-0.49462157865279266), np.float64(0.4880192694078951)]"
S1130,15.0,96.4,71.6,8.3,0.2,4.0,1,Bachelor,2.54,55.8,Pass,D,Medium Risk,1,1,2,2,4.47,3.7,0.01,14.46,-0.5310376953037922,1.2414585968562712,0.25058326672545866,0.8599981575419215,-1.0319532697031704,1.6575644058394858,0.8509629433967631,-0.07743912457492572,-0.09496761832007762,-0.0608364256077309,-0.764687864180045,-0.18322416680821724,0.8676311417229525,0.7062279139778871,"[np.float64(-0.5310376953037922), np.float64(1.2414585968562712), np.float64(0.25058326672545866), np.float64(0.8599981575419215), np.float64(-1.0319532697031704), np.float64(1.6575644058394858), np.float64(0.8509629433967631), np.float64(-0.07743912457492572), np.float64(-0.09496761832007762), np.float64(-0.0608364256077309), np.float64(-0.764687864180045), np.float64(-0.18322416680821724), np.float64(0.8676311417229525), np.float64(0.7062279139778871)]"
S1131,4.5,54.6,71.4,7.7,0.4,3.09,0,Bachelor,1.39,34.3,Fail,F,High Risk,1,0,3,0,12.98,10.37,0.18,2.46,-1.6283417720318556,-1.8841625824631745,0.24022130721979582,0.4471990419217991,-0.9547228199424184,0.41544212800265595,-1.1751393027860062,-0.07743912457492572,0.7228240435271057,0.7487784163786307,-0.5341068983589664,-1.6723672650544577,-1.9807154554263329,-1.1703664293240439,"[np.float64(-1.6283417720318556), np.float64(-1.8841625824631745), np.float64(0.24022130721979582), np.float64(0.4471990419217991), np.float64(-0.9547228199424184), np.float64(0.41544212800265595), np.float64(-1.1751393027860062), np.float64(-0.07743912457492572), np.float64(0.7228240435271057), np.float64(0.7487784163786307), np.float64(-0.5341068983589664), np.float64(-1.6723672650544577), np.float64(-1.9807154554263329), np.float64(-1.1703664293240439)]"
S1132,20.7,100.0,73.4,5.7,2.2,2.55,1,Master,1.88,61.8,Pass,D,Low Risk,2,1,2,1,3.38,1.86,0.0,20.7,0.0646416606342993,1.5106508515345007,0.34384090227643,-0.9287980101452743,-0.2596487720956488,-0.3216414214829354,0.8509629433967631,1.0288340836382979,-0.19971414140038662,-0.28417845098327893,-0.7782514504048142,0.5911302442798275,-0.7670721227279419,1.2299286609458677,"[np.float64(0.0646416606342993), np.float64(1.5106508515345007), np.float64(0.34384090227643), np.float64(-0.9287980101452743), np.float64(-0.2596487720956488), np.float64(-0.3216414214829354), np.float64(0.8509629433967631), np.float64(1.0288340836382979), np.float64(-0.19971414140038662), np.float64(-0.28417845098327893), np.float64(-0.7782514504048142), np.float64(0.5911302442798275), np.float64(-0.7670721227279419), np.float64(1.2299286609458677)]"
S1133,9.4,77.6,97.3,6.0,0.9,3.54,0,Bachelor,2.17,40.7,Fail,F,Medium Risk,1,0,3,2,9.36,4.16,0.2,7.29,-1.116266536225426,-0.1643231775744849,1.5820950632032078,-0.7223984523352134,-0.7616466955405379,1.029678419240649,-1.1751393027860062,-0.07743912457492572,0.3749502696273637,-0.00500091926384389,-0.5069797259094277,-1.072987168010346,-0.04879341562073081,-0.611752299224864,"[np.float64(-1.116266536225426), np.float64(-0.1643231775744849), np.float64(1.5820950632032078), np.float64(-0.7223984523352134), np.float64(-0.7616466955405379), np.float64(1.029678419240649), np.float64(-1.1751393027860062), np.float64(-0.07743912457492572), np.float64(0.3749502696273637), np.float64(-0.00500091926384389), np.float64(-0.5069797259094277), np.float64(-1.072987168010346), np.float64(-0.04879341562073081), np.float64(-0.611752299224864)]"
S1134,24.7,73.6,74.1,8.5,5.4,3.19,0,High School,2.32,60.2,Pass,D,Low Risk,0,1,2,1,2.88,2.34,1.43,18.18,0.48266226129260914,-0.46342568277251794,0.38010776054625134,0.9975978627486284,0.9760384240763857,0.551939081611099,-1.1751393027860062,-1.1837123327881494,-0.24776300519869351,-0.2259153139287882,1.1613413797371992,0.27841019364811714,0.322730053572654,1.0902751284210734,"[np.float64(0.48266226129260914), np.float64(-0.46342568277251794), np.float64(0.38010776054625134), np.float64(0.9975978627486284), np.float64(0.9760384240763857), np.float64(0.551939081611099), np.float64(-1.1751393027860062), np.float64(-1.1837123327881494), np.float64(-0.24776300519869351), np.float64(-0.2259153139287882), np.float64(1.1613413797371992), np.float64(0.27841019364811714), np.float64(0.322730053572654), np.float64(1.0902751284210734)]"
S1135,10.8,64.8,60.1,6.5,0.0,3.14,1,Bachelor,1.76,40.9,Fail,F,Medium Risk,1,0,3,2,5.09,3.96,0.0,7.0,-0.9699593259950174,-1.1214511942081904,-0.3452294048501875,-0.3783991893184451,-1.1091837194639227,0.48369060480687776,0.8509629433967631,-0.07743912457492572,-0.03538702721017707,-0.029277226369881743,-0.7782514504048142,-1.10897479288463,-1.0642908980826498,-0.594295607659265,"[np.float64(-0.9699593259950174), np.float64(-1.1214511942081904), np.float64(-0.3452294048501875), np.float64(-0.3783991893184451), np.float64(-1.1091837194639227), np.float64(0.48369060480687776), np.float64(0.8509629433967631), np.float64(-0.07743912457492572), np.float64(-0.03538702721017707), np.float64(-0.029277226369881743), np.float64(-0.7782514504048142), np.float64(-1.10897479288463), np.float64(-1.0642908980826498), np.float64(-0.594295607659265)]"
S1136,35.5,55.2,84.3,6.4,1.4,3.29,1,PhD,2.1,54.5,Pass,D,Medium Risk,3,1,2,2,2.31,1.24,0.63,19.6,1.6113178830700459,-1.8392972066834694,0.9085676953350857,-0.4471990419217985,-0.5685705711386575,0.6884360352195419,0.8509629433967631,2.1351072918515213,-0.30253870992876336,-0.35943500301199627,0.0762544817556532,0.4546254602739224,-0.22217103457764342,0.5927594188014915,"[np.float64(1.6113178830700459), np.float64(-1.8392972066834694), np.float64(0.9085676953350857), np.float64(-0.4471990419217985), np.float64(-0.5685705711386575), np.float64(0.6884360352195419), np.float64(0.8509629433967631), np.float64(2.1351072918515213), np.float64(-0.30253870992876336), np.float64(-0.35943500301199627), np.float64(0.0762544817556532), np.float64(0.4546254602739224), np.float64(-0.22217103457764342), np.float64(0.5927594188014915)]"
S1137,12.2,92.3,88.8,5.6,1.2,4.0,0,Bachelor,2.33,51.5,Pass,D,Medium Risk,1,1,2,2,6.73,3.04,0.09,11.26,-0.8236521157646092,0.9348785290282868,1.1417117842125126,-0.9975978627486284,-0.6458010208994097,1.6575644058394858,-1.1751393027860062,-0.07743912457492572,0.12221324604826958,-0.14094823905765577,-0.6561791743818904,-0.5803289930072149,0.34749828485221357,0.3309090453175011,"[np.float64(-0.8236521157646092), np.float64(0.9348785290282868), np.float64(1.1417117842125126), np.float64(-0.9975978627486284), np.float64(-0.6458010208994097), np.float64(1.6575644058394858), np.float64(-1.1751393027860062), np.float64(-0.07743912457492572), np.float64(0.12221324604826958), np.float64(-0.14094823905765577), np.float64(-0.6561791743818904), np.float64(-0.5803289930072149), np.float64(0.34749828485221357), np.float64(0.3309090453175011)]"
S1138,16.8,81.1,40.4,7.6,0.1,1.9,1,High School,1.99,41.5,Fail,F,Medium Risk,0,0,3,2,2.27,3.04,0.02,13.62,-0.34292842500755266,0.09739151447379403,-1.3658824161580343,0.3783991893184451,-1.0705684945835465,-1.2088716199378138,0.8509629433967631,-1.1837123327881494,-0.3063826190326279,-0.14094823905765577,-0.7511242779552756,-0.2874641836854543,-0.49462157865279266,-0.5419255329624668,"[np.float64(-0.34292842500755266), np.float64(0.09739151447379403), np.float64(-1.3658824161580343), np.float64(0.3783991893184451), np.float64(-1.0705684945835465), np.float64(-1.2088716199378138), np.float64(0.8509629433967631), np.float64(-1.1837123327881494), np.float64(-0.3063826190326279), np.float64(-0.14094823905765577), np.float64(-0.7511242779552756), np.float64(-0.2874641836854543), np.float64(-0.49462157865279266), np.float64(-0.5419255329624668)]"
S1139,28.1,60.7,76.9,10.1,0.4,3.18,1,High School,2.42,65.7,Pass,C,Low Risk,0,1,1,1,2.64,2.45,0.16,17.06,0.8379797718521728,-1.428031262036174,0.5251751936255398,2.098395504402287,-0.9547228199424184,0.5382893862502549,0.8509629433967631,-1.1837123327881494,-0.2708264598218808,-0.21256334502046736,-0.5612340708085051,0.1394235044784679,0.5704123663682442,1.5703341464750558,"[np.float64(0.8379797718521728), np.float64(-1.428031262036174), np.float64(0.5251751936255398), np.float64(2.098395504402287), np.float64(-0.9547228199424184), np.float64(0.5382893862502549), np.float64(0.8509629433967631), np.float64(-1.1837123327881494), np.float64(-0.2708264598218808), np.float64(-0.21256334502046736), np.float64(-0.5612340708085051), np.float64(0.1394235044784679), np.float64(0.5704123663682442), np.float64(1.5703341464750558)]"
S1140,7.7,60.6,79.0,5.4,1.6,2.06,0,High School,1.81,31.2,Fail,F,High Risk,0,0,3,0,9.08,4.5,0.63,4.67,-1.2939252915052077,-1.435508824666125,0.6339757684350054,-1.1351975679553352,-0.4913401213779053,-0.9904764941643049,-1.1751393027860062,-1.1837123327881494,0.34804290590031195,0.036268802816420406,0.0762544817556532,-1.3981167444607752,-0.9404497416848545,-1.4409451485908338,"[np.float64(-1.2939252915052077), np.float64(-1.435508824666125), np.float64(0.6339757684350054), np.float64(-1.1351975679553352), np.float64(-0.4913401213779053), np.float64(-0.9904764941643049), np.float64(-1.1751393027860062), np.float64(-1.1837123327881494), np.float64(0.34804290590031195), np.float64(0.036268802816420406), np.float64(0.0762544817556532), np.float64(-1.3981167444607752), np.float64(-0.9404497416848545), np.float64(-1.4409451485908338)]"
S1141,22.3,75.0,59.0,7.0,2.0,3.24,0,Bachelor,2.0,41.2,Fail,F,Medium Risk,1,0,3,2,2.53,2.13,0.5,16.73,0.2318499008976234,-0.358739805953206,-0.40222018213133637,-0.034399926301676716,-0.336879221856401,0.6201875584153207,-1.1751393027860062,-0.07743912457492572,-0.2813972098575084,-0.2514054363901279,-0.10007213916634802,0.0984720692766965,-0.46985334737323364,-0.5681105703108655,"[np.float64(0.2318499008976234), np.float64(-0.358739805953206), np.float64(-0.40222018213133637), np.float64(-0.034399926301676716), np.float64(-0.336879221856401), np.float64(0.6201875584153207), np.float64(-1.1751393027860062), np.float64(-0.07743912457492572), np.float64(-0.2813972098575084), np.float64(-0.2514054363901279), np.float64(-0.10007213916634802), np.float64(0.0984720692766965), np.float64(-0.46985334737323364), np.float64(-0.5681105703108655)]"
S1142,33.1,100.0,92.5,9.1,1.6,2.07,1,Bachelor,3.24,77.2,Pass,B,Low Risk,1,1,0,1,2.71,1.88,0.0,33.1,1.36050552267506,1.5106508515345007,1.3334080350672861,1.4103969783687502,-0.4913401213779053,-0.976826798803461,0.8509629433967631,-0.07743912457492572,-0.26409961889011785,-0.28175082027267523,-0.7782514504048142,2.1299114458009427,2.601407331292083,2.5740939114970187,"[np.float64(1.36050552267506), np.float64(1.5106508515345007), np.float64(1.3334080350672861), np.float64(1.4103969783687502), np.float64(-0.4913401213779053), np.float64(-0.976826798803461), np.float64(0.8509629433967631), np.float64(-0.07743912457492572), np.float64(-0.26409961889011785), np.float64(-0.28175082027267523), np.float64(-0.7782514504048142), np.float64(2.1299114458009427), np.float64(2.601407331292083), np.float64(2.5740939114970187)]"
S1143,3.9,76.1,62.0,6.9,2.3,2.47,0,High School,1.43,32.4,Fail,F,High Risk,0,0,3,0,12.65,10.5,0.55,2.97,-1.6910448621306022,-0.27648661702374727,-0.2467907895463851,-0.10319977890503014,-0.22103354721527285,-0.43083898436968915,-1.1751393027860062,-1.1837123327881494,0.6911117934202232,0.7645580159975554,-0.032254208042501335,-1.6090786833789925,-1.8816425303080968,-1.3362049991972378,"[np.float64(-1.6910448621306022), np.float64(-0.27648661702374727), np.float64(-0.2467907895463851), np.float64(-0.10319977890503014), np.float64(-0.22103354721527285), np.float64(-0.43083898436968915), np.float64(-1.1751393027860062), np.float64(-1.1837123327881494), np.float64(0.6911117934202232), np.float64(0.7645580159975554), np.float64(-0.032254208042501335), np.float64(-1.6090786833789925), np.float64(-1.8816425303080968), np.float64(-1.3362049991972378)]"
S1144,21.8,57.5,67.5,7.7,2.7,2.56,1,PhD,2.17,52.9,Pass,D,Medium Risk,3,1,2,2,2.96,2.4,1.15,12.54,0.17959732581533466,-1.6673132661946006,0.038163096859358876,0.4471990419217991,-0.0665726476937684,-0.3079917261220908,0.8509629433967631,2.1351072918515213,-0.24007518699096442,-0.21863242179697684,0.781560965443658,-0.4214870625276159,-0.04879341562073081,0.4531058862766965,"[np.float64(0.17959732581533466), np.float64(-1.6673132661946006), np.float64(0.038163096859358876), np.float64(0.4471990419217991), np.float64(-0.0665726476937684), np.float64(-0.3079917261220908), np.float64(0.8509629433967631), np.float64(2.1351072918515213), np.float64(-0.24007518699096442), np.float64(-0.21863242179697684), np.float64(0.781560965443658), np.float64(-0.4214870625276159), np.float64(-0.04879341562073081), np.float64(0.4531058862766965)]"
S1145,22.6,76.3,61.5,5.4,0.0,3.58,1,Master,2.6,61.9,Pass,D,Low Risk,2,1,2,1,2.61,1.62,0.0,17.24,0.2632014459469967,-0.26153149176384544,-0.27269568831054364,-1.1351975679553352,-1.1091837194639227,1.0842772006840262,0.8509629433967631,1.0288340836382979,-0.27370939164977925,-0.3133100195105244,-0.7782514504048142,0.16176065095216147,1.0162405294003067,1.2386570067286675,"[np.float64(0.2632014459469967), np.float64(-0.26153149176384544), np.float64(-0.27269568831054364), np.float64(-1.1351975679553352), np.float64(-1.1091837194639227), np.float64(1.0842772006840262), np.float64(0.8509629433967631), np.float64(1.0288340836382979), np.float64(-0.27370939164977925), np.float64(-0.3133100195105244), np.float64(-0.7782514504048142), np.float64(0.16176065095216147), np.float64(1.0162405294003067), np.float64(1.2386570067286675)]"
S1146,27.8,75.9,65.3,7.6,1.9,3.53,1,Bachelor,2.56,49.6,Fail,F,Medium Risk,1,0,3,2,2.27,1.87,0.46,21.1,0.8066282268027994,-0.2914417422836481,-0.07581845770293885,0.3783991893184451,-0.3754944467367771,1.0160287238798043,0.8509629433967631,-0.07743912457492572,-0.3063826190326279,-0.2829646356279771,-0.1543264840654253,0.6407683475547025,0.9171676042820706,0.16507047544430734,"[np.float64(0.8066282268027994), np.float64(-0.2914417422836481), np.float64(-0.07581845770293885), np.float64(0.3783991893184451), np.float64(-0.3754944467367771), np.float64(1.0160287238798043), np.float64(0.8509629433967631), np.float64(-0.07743912457492572), np.float64(-0.3063826190326279), np.float64(-0.2829646356279771), np.float64(-0.1543264840654253), np.float64(0.6407683475547025), np.float64(0.9171676042820706), np.float64(0.16507047544430734)]"
S1147,7.6,42.925,43.1,6.7,9.15,1.8,0,Master,1.1,27.5,Fail,F,High Risk,2,0,3,0,5.01,5.65,5.22,3.26,-1.3043758065216655,-2.7571680195099337,-1.225995962831578,-0.2407994841117376,2.424109357090489,-1.3453685735462564,-1.1751393027860062,1.0288340836382979,-0.04307484541790618,0.175857568676138,6.301940558924773,-1.5730910585047084,-2.6989941625335434,-1.7638939425544218,"[np.float64(-1.3043758065216655), np.float64(-2.7571680195099337), np.float64(-1.225995962831578), np.float64(-0.2407994841117376), np.float64(2.424109357090489), np.float64(-1.3453685735462564), np.float64(-1.1751393027860062), np.float64(1.0288340836382979), np.float64(-0.04307484541790618), np.float64(0.175857568676138), np.float64(6.301940558924773), np.float64(-1.5730910585047084), np.float64(-2.6989941625335434), np.float64(-1.7638939425544218)]"
S1148,6.8,79.2,36.2,8.5,2.2,2.84,1,High School,1.6,25.2,Fail,F,High Risk,0,0,3,0,4.64,7.93,0.46,5.39,-1.3879799266533273,-0.04468217549527103,-1.5834835657769657,0.9975978627486284,-0.2596487720956488,0.07419974398154887,0.8509629433967631,-1.1837123327881494,-0.07863100462865329,0.45260746968496923,-0.1543264840654253,-1.3087681585660007,-1.4605825985555936,-1.9646458955588144,"[np.float64(-1.3879799266533273), np.float64(-0.04468217549527103), np.float64(-1.5834835657769657), np.float64(0.9975978627486284), np.float64(-0.2596487720956488), np.float64(0.07419974398154887), np.float64(0.8509629433967631), np.float64(-1.1837123327881494), np.float64(-0.07863100462865329), np.float64(0.45260746968496923), np.float64(-0.1543264840654253), np.float64(-1.3087681585660007), np.float64(-1.4605825985555936), np.float64(-1.9646458955588144)]"
S1149,25.2,76.5,96.9,8.8,3.4,2.23,1,Bachelor,2.83,65.3,Pass,C,Low Risk,1,1,1,1,3.7,2.38,0.8,19.28,0.5349148363748979,-0.24657636650394357,1.5613711441918816,1.2039974205586899,0.20373392646886404,-0.7584316730299523,0.8509629433967631,-0.07743912457492572,-0.1689628685694702,-0.22106005250758062,0.3068354475767318,0.4149149776540227,1.5859098488301637,1.5354207633438566,"[np.float64(0.5349148363748979), np.float64(-0.24657636650394357), np.float64(1.5613711441918816), np.float64(1.2039974205586899), np.float64(0.20373392646886404), np.float64(-0.7584316730299523), np.float64(0.8509629433967631), np.float64(-0.07743912457492572), np.float64(-0.1689628685694702), np.float64(-0.22106005250758062), np.float64(0.3068354475767318), np.float64(0.4149149776540227), np.float64(1.5859098488301637), np.float64(1.5354207633438566)]"
S1150,23.0,90.4,48.1,10.9,1.1,1.79,0,Bachelor,1.85,53.5,Pass,D,Medium Risk,1,1,2,2,2.0,3.22,0.11,20.79,0.30500350601282755,0.7928048390592217,-0.9669469751899925,2.6487943252291166,-0.6844162457797857,-1.3590182689071006,-1.1751393027860062,-0.07743912457492572,-0.33232900548371364,-0.1190995626622217,-0.6290520019323518,0.6022988175166744,-0.8413768165666184,0.5054759609734947,"[np.float64(0.30500350601282755), np.float64(0.7928048390592217), np.float64(-0.9669469751899925), np.float64(2.6487943252291166), np.float64(-0.6844162457797857), np.float64(-1.3590182689071006), np.float64(-1.1751393027860062), np.float64(-0.07743912457492572), np.float64(-0.33232900548371364), np.float64(-0.1190995626622217), np.float64(-0.6290520019323518), np.float64(0.6022988175166744), np.float64(-0.8413768165666184), np.float64(0.5054759609734947)]"
S1151,22.5,100.0,45.2,7.9,4.5,2.63,0,Master,1.99,51.8,Pass,D,Medium Risk,2,1,2,2,1.92,2.38,0.0,22.5,0.2527509309305388,1.5106508515345007,-1.117195388022112,0.5847987471285065,0.6285014001530009,-0.21244385859618103,-1.1751393027860062,1.0288340836382979,-0.34001682369144276,-0.22106005250758062,-0.7782514504048142,0.8145017090167637,-0.49462157865279266,0.35709408266589987,"[np.float64(0.2527509309305388), np.float64(1.5106508515345007), np.float64(-1.117195388022112), np.float64(0.5847987471285065), np.float64(0.6285014001530009), np.float64(-0.21244385859618103), np.float64(-1.1751393027860062), np.float64(1.0288340836382979), np.float64(-0.34001682369144276), np.float64(-0.22106005250758062), np.float64(-0.7782514504048142), np.float64(0.8145017090167637), np.float64(-0.49462157865279266), np.float64(0.35709408266589987)]"
S1152,23.5,96.9,21.9,7.5,4.4,2.55,0,Master,1.94,36.7,Fail,F,High Risk,2,0,3,0,0.89,2.17,0.14,22.77,0.35725608109511625,1.2788464100060255,-2.3243636704319,0.30959933671509166,0.589886175272625,-0.3216414214829354,-1.1751393027860062,1.0288340836382979,-0.438997483115955,-0.24655017496892034,-0.5883612432580437,0.8480074287273041,-0.6184627350505878,-0.9608861305368511,"[np.float64(0.35725608109511625), np.float64(1.2788464100060255), np.float64(-2.3243636704319), np.float64(0.30959933671509166), np.float64(0.589886175272625), np.float64(-0.3216414214829354), np.float64(-1.1751393027860062), np.float64(1.0288340836382979), np.float64(-0.438997483115955), np.float64(-0.24655017496892034), np.float64(-0.5883612432580437), np.float64(0.8480074287273041), np.float64(-0.6184627350505878), np.float64(-0.9608861305368511)]"
S1153,13.2,76.0,52.2,7.3,2.2,4.0,1,High School,2.43,27.3,Fail,F,High Risk,0,0,3,0,3.68,3.68,0.53,10.03,-0.7191469656000317,-0.2839641796536977,-0.7545268053238924,0.17199963150838418,-0.2596487720956488,1.6575644058394858,0.8509629433967631,-1.1837123327881494,-0.17088482312140246,-0.06326405631833469,-0.05938138049204001,-0.7329661605774545,0.5951805976478038,-1.7813506341200211,"[np.float64(-0.7191469656000317), np.float64(-0.2839641796536977), np.float64(-0.7545268053238924), np.float64(0.17199963150838418), np.float64(-0.2596487720956488), np.float64(1.6575644058394858), np.float64(0.8509629433967631), np.float64(-1.1837123327881494), np.float64(-0.17088482312140246), np.float64(-0.06326405631833469), np.float64(-0.05938138049204001), np.float64(-0.7329661605774545), np.float64(0.5951805976478038), np.float64(-1.7813506341200211)]"
S1154,22.3,63.4,38.5,6.5,9.15,3.15,1,PhD,1.88,37.3,Fail,F,High Risk,3,0,3,0,1.65,1.98,3.35,14.14,0.2318499008976234,-1.226137071027502,-1.4643210314618367,-0.3783991893184451,2.424109357090489,0.49734030016772174,0.8509629433967631,2.1351072918515213,-0.3659632101425285,-0.2696126667196563,3.7655499348929102,-0.22293464942811703,-0.7670721227279419,-0.9085160558400536,"[np.float64(0.2318499008976234), np.float64(-1.226137071027502), np.float64(-1.4643210314618367), np.float64(-0.3783991893184451), np.float64(2.424109357090489), np.float64(0.49734030016772174), np.float64(0.8509629433967631), np.float64(2.1351072918515213), np.float64(-0.3659632101425285), np.float64(-0.2696126667196563), np.float64(3.7655499348929102), np.float64(-0.22293464942811703), np.float64(-0.7670721227279419), np.float64(-0.9085160558400536)]"
S1155,22.9,100.0,97.8,7.5,0.4,1.7,0,High School,2.36,47.3,Fail,F,Medium Risk,0,0,3,2,4.09,2.22,0.0,22.9,0.2945529909963696,1.5106508515345007,1.6079999619673664,0.30959933671509166,-0.9547228199424184,-1.4818655271546992,-1.1751393027860062,-1.1837123327881494,-0.13148475480679087,-0.24048109819241087,-0.7782514504048142,0.8641398122916382,0.42180297869089006,-0.035681477560085655,"[np.float64(0.2945529909963696), np.float64(1.5106508515345007), np.float64(1.6079999619673664), np.float64(0.30959933671509166), np.float64(-0.9547228199424184), np.float64(-1.4818655271546992), np.float64(-1.1751393027860062), np.float64(-1.1837123327881494), np.float64(-0.13148475480679087), np.float64(-0.24048109819241087), np.float64(-0.7782514504048142), np.float64(0.8641398122916382), np.float64(0.42180297869089006), np.float64(-0.035681477560085655)]"
S1156,12.9,80.9,85.2,6.6,0.1,2.35,1,Master,2.11,47.9,Fail,F,Medium Risk,2,0,3,2,6.13,3.4,0.02,10.44,-0.7504985106494049,0.08243638921389324,0.9551965131105714,-0.30959933671509166,-1.0705684945835465,-0.5946353286998207,0.8509629433967631,1.0288340836382979,0.06455460949030127,-0.09725088626678768,-0.7511242779552756,-0.682087104720708,-0.19740280329808496,0.016688597136712544,"[np.float64(-0.7504985106494049), np.float64(0.08243638921389324), np.float64(0.9551965131105714), np.float64(-0.30959933671509166), np.float64(-1.0705684945835465), np.float64(-0.5946353286998207), np.float64(0.8509629433967631), np.float64(1.0288340836382979), np.float64(0.06455460949030127), np.float64(-0.09725088626678768), np.float64(-0.7511242779552756), np.float64(-0.682087104720708), np.float64(-0.19740280329808496), np.float64(0.016688597136712544)]"
S1157,38.7,80.2,51.2,7.3,4.4,3.62,0,PhD,2.35,62.1,Pass,D,Low Risk,3,1,2,1,1.29,1.3,0.87,31.04,1.945734363596694,0.030093450804237233,-0.8063366028522094,0.17199963150838418,0.589886175272625,1.1388759821274033,-1.1751393027860062,2.1351072918515213,-0.4005583920773094,-0.35215211088018494,0.401780551150117,1.874275213935338,0.3970347474113316,1.2561136982942671,"[np.float64(1.945734363596694), np.float64(0.030093450804237233), np.float64(-0.8063366028522094), np.float64(0.17199963150838418), np.float64(0.589886175272625), np.float64(1.1388759821274033), np.float64(-1.1751393027860062), np.float64(2.1351072918515213), np.float64(-0.4005583920773094), np.float64(-0.35215211088018494), np.float64(0.401780551150117), np.float64(1.874275213935338), np.float64(0.3970347474113316), np.float64(1.2561136982942671)]"
S1158,24.7,79.6,100.0,9.0,4.9,4.0,1,High School,2.51,61.1,Pass,D,Low Risk,0,1,2,1,3.89,2.48,1.0,19.66,0.48266226129260914,-0.014771924975468365,1.7219815165296641,1.3415971257653967,0.7829622996745054,1.6575644058394858,0.8509629433967631,-1.1837123327881494,-0.1507043003261136,-0.2089218989545617,0.5781071720721183,0.4620711757651535,0.7933264478842749,1.1688302404662705,"[np.float64(0.48266226129260914), np.float64(-0.014771924975468365), np.float64(1.7219815165296641), np.float64(1.3415971257653967), np.float64(0.7829622996745054), np.float64(1.6575644058394858), np.float64(0.8509629433967631), np.float64(-1.1837123327881494), np.float64(-0.1507043003261136), np.float64(-0.2089218989545617), np.float64(0.5781071720721183), np.float64(0.4620711757651535), np.float64(0.7933264478842749), np.float64(1.1688302404662705)]"
S1159,8.1,83.0,84.6,5.5,0.4,1.53,0,Master,2.29,62.4,Pass,D,Low Risk,2,1,2,1,9.3,4.38,0.07,6.72,-1.2521232314393766,0.23946520444286015,0.9241106345935808,-1.0663977153519817,-0.9547228199424184,-1.713910348289052,-1.1751393027860062,1.0288340836382979,0.36918440597156704,0.021703018552797698,-0.6833063468314289,-1.1437214651770424,0.24842535973397747,1.282298735642666,"[np.float64(-1.2521232314393766), np.float64(0.23946520444286015), np.float64(0.9241106345935808), np.float64(-1.0663977153519817), np.float64(-0.9547228199424184), np.float64(-1.713910348289052), np.float64(-1.1751393027860062), np.float64(1.0288340836382979), np.float64(0.36918440597156704), np.float64(0.021703018552797698), np.float64(-0.6833063468314289), np.float64(-1.1437214651770424), np.float64(0.24842535973397747), np.float64(1.282298735642666)]"
S1160,26.6,77.8,58.5,8.7,0.9,1.3,1,High School,1.77,60.6,Pass,D,Low Risk,0,1,2,1,2.12,2.23,0.2,20.69,0.6812220466053066,-0.14936805231458303,-0.4281250808954949,1.1351975679553352,-0.7616466955405379,-2.0278533415884703,0.8509629433967631,-1.1837123327881494,-0.32079727817212,-0.239267282837109,-0.5069797259094277,0.5898892916979559,-1.0395226668030906,1.125188511552272,"[np.float64(0.6812220466053066), np.float64(-0.14936805231458303), np.float64(-0.4281250808954949), np.float64(1.1351975679553352), np.float64(-0.7616466955405379), np.float64(-2.0278533415884703), np.float64(0.8509629433967631), np.float64(-1.1837123327881494), np.float64(-0.32079727817212), np.float64(-0.239267282837109), np.float64(-0.5069797259094277), np.float64(0.5898892916979559), np.float64(-1.0395226668030906), np.float64(1.125188511552272)]"
S1161,10.3,71.4,15.0,9.0,0.1,4.0,1,Bachelor,2.22,26.2,Fail,F,High Risk,1,0,3,0,1.33,5.73,0.03,7.35,-1.0222119010773063,-0.6279320606314353,-2.6818512733772883,1.3415971257653967,-1.0705684945835465,1.6575644058394858,0.8509629433967631,-0.07743912457492572,-0.39671448297344486,0.18556809151855314,-0.7375606917305063,-1.065541452519115,0.07504774077706486,-1.8773624377308178,"[np.float64(-1.0222119010773063), np.float64(-0.6279320606314353), np.float64(-2.6818512733772883), np.float64(1.3415971257653967), np.float64(-1.0705684945835465), np.float64(1.6575644058394858), np.float64(0.8509629433967631), np.float64(-0.07743912457492572), np.float64(-0.39671448297344486), np.float64(0.18556809151855314), np.float64(-0.7375606917305063), np.float64(-1.065541452519115), np.float64(0.07504774077706486), np.float64(-1.8773624377308178)]"
S1162,27.9,71.8,100.0,6.8,1.0,3.11,1,Bachelor,2.85,60.9,Pass,D,Low Risk,1,1,2,1,3.46,1.66,0.28,20.03,0.817078741819257,-0.5980218101116326,1.7219815165296641,-0.17199963150838418,-0.7230314706601618,0.44274151872434453,0.8509629433967631,-0.07743912457492572,-0.19202632319265753,-0.3084547580893168,-0.39847103611127316,0.5079864212944127,1.6354463113892816,1.151373548900671,"[np.float64(0.817078741819257), np.float64(-0.5980218101116326), np.float64(1.7219815165296641), np.float64(-0.17199963150838418), np.float64(-0.7230314706601618), np.float64(0.44274151872434453), np.float64(0.8509629433967631), np.float64(-0.07743912457492572), np.float64(-0.19202632319265753), np.float64(-0.3084547580893168), np.float64(-0.39847103611127316), np.float64(0.5079864212944127), np.float64(1.6354463113892816), np.float64(1.151373548900671)]"
S1163,31.6,79.5,37.2,3.8,4.5,2.11,0,Bachelor,2.33,43.4,Fail,F,Medium Risk,1,0,3,2,1.14,0.82,0.92,25.12,1.2037477974281938,-0.022249487605418766,-1.5316737682486488,-2.235995209608994,0.6285014001530009,-0.9222280173600838,-1.1751393027860062,-0.07743912457492572,-0.4149730512168015,-0.41041524793467576,0.46959848227396367,1.139631285467193,0.34749828485221357,-0.37608696308927303,"[np.float64(1.2037477974281938), np.float64(-0.022249487605418766), np.float64(-1.5316737682486488), np.float64(-2.235995209608994), np.float64(0.6285014001530009), np.float64(-0.9222280173600838), np.float64(-1.1751393027860062), np.float64(-0.07743912457492572), np.float64(-0.4149730512168015), np.float64(-0.41041524793467576), np.float64(0.46959848227396367), np.float64(1.139631285467193), np.float64(0.34749828485221357), np.float64(-0.37608696308927303)]"
S1164,11.8,71.8,32.1,6.1,2.2,3.23,0,PhD,1.57,20.2,Fail,F,High Risk,3,0,3,0,2.51,3.42,0.62,8.47,-0.86545417583044,-0.5980218101116326,-1.7959037356430658,-0.65359859973186,-0.2596487720956488,0.6065378630544761,-1.1751393027860062,2.1351072918515213,-0.28331916440944066,-0.0948232555561839,0.06269089553088388,-0.9265547633494656,-1.5348872923942705,-2.4010631846987986,"[np.float64(-0.86545417583044), np.float64(-0.5980218101116326), np.float64(-1.7959037356430658), np.float64(-0.65359859973186), np.float64(-0.2596487720956488), np.float64(0.6065378630544761), np.float64(-1.1751393027860062), np.float64(2.1351072918515213), np.float64(-0.28331916440944066), np.float64(-0.0948232555561839), np.float64(0.06269089553088388), np.float64(-0.9265547633494656), np.float64(-1.5348872923942705), np.float64(-2.4010631846987986)]"
S1165,29.6,69.3,85.5,8.9,1.3,0.7499999999999998,1,Bachelor,2.27,51.5,Pass,D,Medium Risk,1,1,2,2,2.79,2.06,0.4,20.51,0.9947374970990389,-0.7849608758604033,0.9707394523690664,1.2727972731620434,-0.6071857960190336,-2.7785865864349066,0.8509629433967631,-0.07743912457492572,-0.2564118006823888,-0.25990214387724114,-0.23570800141404125,0.5675521452242623,0.1988888971748594,0.3309090453175011,"[np.float64(0.9947374970990389), np.float64(-0.7849608758604033), np.float64(0.9707394523690664), np.float64(1.2727972731620434), np.float64(-0.6071857960190336), np.float64(-2.7785865864349066), np.float64(0.8509629433967631), np.float64(-0.07743912457492572), np.float64(-0.2564118006823888), np.float64(-0.25990214387724114), np.float64(-0.23570800141404125), np.float64(0.5675521452242623), np.float64(0.1988888971748594), np.float64(0.3309090453175011)]"
S1166,24.1,81.6,100.0,7.0,1.4,2.8,0,Bachelor,2.16,55.8,Pass,D,Medium Risk,1,1,2,2,3.98,1.98,0.26,19.67,0.4199591711938629,0.13477932762354816,1.7219815165296641,-0.034399926301676716,-0.5685705711386575,0.019600962538171687,-1.1751393027860062,-0.07743912457492572,-0.14205550484241836,-0.2696126667196563,-0.4255982085608118,0.46331212834702556,-0.07356164690028928,0.7062279139778871,"[np.float64(0.4199591711938629), np.float64(0.13477932762354816), np.float64(1.7219815165296641), np.float64(-0.034399926301676716), np.float64(-0.5685705711386575), np.float64(0.019600962538171687), np.float64(-1.1751393027860062), np.float64(-0.07743912457492572), np.float64(-0.14205550484241836), np.float64(-0.2696126667196563), np.float64(-0.4255982085608118), np.float64(0.46331212834702556), np.float64(-0.07356164690028928), np.float64(0.7062279139778871)]"
S1167,28.2,76.2,92.7,5.5,0.0,3.06,0,Master,2.4,43.2,Fail,F,Medium Risk,2,0,3,2,3.17,1.33,0.0,21.49,0.8484302868686303,-0.26900905439379585,1.3437699945729495,-1.0663977153519817,-1.1091837194639227,0.3744930419201234,-1.1751393027860062,1.0288340836382979,-0.21989466419567552,-0.3485106648142792,-0.7782514504048142,0.6891654982477049,0.5208759038091262,-0.393543654654872,"[np.float64(0.8484302868686303), np.float64(-0.26900905439379585), np.float64(1.3437699945729495), np.float64(-1.0663977153519817), np.float64(-1.1091837194639227), np.float64(0.3744930419201234), np.float64(-1.1751393027860062), np.float64(1.0288340836382979), np.float64(-0.21989466419567552), np.float64(-0.3485106648142792), np.float64(-0.7782514504048142), np.float64(0.6891654982477049), np.float64(0.5208759038091262), np.float64(-0.393543654654872)]"
S1168,39.0,100.0,76.3,6.2,1.1,3.54,0,PhD,3.08,66.6,Pass,C,Low Risk,3,1,1,1,1.91,1.09,0.0,39.0,1.977085908646067,1.5106508515345007,0.4940893151085491,-0.584798747128506,-0.6844162457797857,1.029678419240649,-1.1751393027860062,2.1351072918515213,-0.3409778009674089,-0.37764223334152464,-0.7782514504048142,2.862073469105344,2.205115630819139,1.6488892585202521,"[np.float64(1.977085908646067), np.float64(1.5106508515345007), np.float64(0.4940893151085491), np.float64(-0.584798747128506), np.float64(-0.6844162457797857), np.float64(1.029678419240649), np.float64(-1.1751393027860062), np.float64(2.1351072918515213), np.float64(-0.3409778009674089), np.float64(-0.37764223334152464), np.float64(-0.7782514504048142), np.float64(2.862073469105344), np.float64(2.205115630819139), np.float64(1.6488892585202521)]"
S1169,17.5,42.925,76.9,8.3,3.1,1.99,1,High School,2.19,40.3,Fail,F,Medium Risk,0,0,3,2,4.16,3.19,1.77,7.51,-0.2697748198923485,-2.7571680195099337,0.5251751936255398,0.8599981575419215,0.08788825182773588,-1.086024361690215,0.8509629433967631,-1.1837123327881494,-0.12475791387502785,-0.1227410087281274,1.6225033113793563,-1.045686211209165,0.0007430469383872382,-0.6466656823560631,"[np.float64(-0.2697748198923485), np.float64(-2.7571680195099337), np.float64(0.5251751936255398), np.float64(0.8599981575419215), np.float64(0.08788825182773588), np.float64(-1.086024361690215), np.float64(0.8509629433967631), np.float64(-1.1837123327881494), np.float64(-0.12475791387502785), np.float64(-0.1227410087281274), np.float64(1.6225033113793563), np.float64(-1.045686211209165), np.float64(0.0007430469383872382), np.float64(-0.6466656823560631)]"
S1170,12.5,96.4,82.1,7.8,9.15,2.87,1,PhD,1.94,32.9,Fail,F,High Risk,3,0,3,0,6.08,4.14,0.33,12.05,-0.7923005707152359,1.2414585968562712,0.794586140772788,0.5159988945251526,2.424109357090489,0.11514883006408205,0.8509629433967631,2.1351072918515213,0.059749723110470596,-0.007428549974447729,-0.3306531049874265,-0.4822937390393372,-0.6184627350505878,-1.2925632702832393,"[np.float64(-0.7923005707152359), np.float64(1.2414585968562712), np.float64(0.794586140772788), np.float64(0.5159988945251526), np.float64(2.424109357090489), np.float64(0.11514883006408205), np.float64(0.8509629433967631), np.float64(2.1351072918515213), np.float64(0.059749723110470596), np.float64(-0.007428549974447729), np.float64(-0.3306531049874265), np.float64(-0.4822937390393372), np.float64(-0.6184627350505878), np.float64(-1.2925632702832393)]"
S1171,11.1,98.7,80.2,6.6,5.6,2.06,1,High School,2.09,51.3,Pass,D,Medium Risk,0,1,2,2,6.63,3.92,0.07,10.96,-0.9386077809456443,1.4134425373451402,0.6961475254689861,-0.30959933671509166,1.0532688738371376,-0.9904764941643049,0.8509629433967631,-1.1837123327881494,0.11260347328860816,-0.034132487791089315,-0.6833063468314289,-0.6175575704633707,-0.246939265857203,0.3134523537519015,"[np.float64(-0.9386077809456443), np.float64(1.4134425373451402), np.float64(0.6961475254689861), np.float64(-0.30959933671509166), np.float64(1.0532688738371376), np.float64(-0.9904764941643049), np.float64(0.8509629433967631), np.float64(-1.1837123327881494), np.float64(0.11260347328860816), np.float64(-0.034132487791089315), np.float64(-0.6833063468314289), np.float64(-0.6175575704633707), np.float64(-0.246939265857203), np.float64(0.3134523537519015)]"
S1172,11.8,48.9,70.6,6.4,0.1,3.0,0,Master,1.76,45.3,Fail,F,Medium Risk,2,0,3,2,5.52,3.58,0.05,5.77,-0.86545417583044,-2.310383652370372,0.19877346919714156,-0.4471990419217985,-1.0705684945835465,0.2925948697550576,-1.1751393027860062,1.0288340836382979,0.005934995656366828,-0.07540220987135361,-0.7104335192809677,-1.26161196045487,-1.0642908980826498,-0.21024839321607924,"[np.float64(-0.86545417583044), np.float64(-2.310383652370372), np.float64(0.19877346919714156), np.float64(-0.4471990419217985), np.float64(-1.0705684945835465), np.float64(0.2925948697550576), np.float64(-1.1751393027860062), np.float64(1.0288340836382979), np.float64(0.005934995656366828), np.float64(-0.07540220987135361), np.float64(-0.7104335192809677), np.float64(-1.26161196045487), np.float64(-1.0642908980826498), np.float64(-0.21024839321607924)]"
S1173,19.2,74.9,67.1,6.4,6.9,2.08,0,High School,1.58,45.5,Fail,F,Medium Risk,0,0,3,2,3.32,2.25,1.73,14.38,-0.09211606461256691,-0.36621736858315634,0.01743917784803175,-0.4471990419217985,1.5552667972820269,-0.9631771034426164,-1.1751393027860062,-1.1837123327881494,-0.20548000505618347,-0.2368396521265052,1.568248966480279,-0.1931517874631922,-1.5101190611147115,-0.19279170165047962,"[np.float64(-0.09211606461256691), np.float64(-0.36621736858315634), np.float64(0.01743917784803175), np.float64(-0.4471990419217985), np.float64(1.5552667972820269), np.float64(-0.9631771034426164), np.float64(-1.1751393027860062), np.float64(-1.1837123327881494), np.float64(-0.20548000505618347), np.float64(-0.2368396521265052), np.float64(1.568248966480279), np.float64(-0.1931517874631922), np.float64(-1.5101190611147115), np.float64(-0.19279170165047962)]"
S1174,23.4,74.4,63.7,5.6,4.6,2.47,1,High School,2.27,43.5,Fail,F,Medium Risk,0,0,3,2,2.61,1.63,1.18,17.41,0.34680556607865837,-0.4036051817329105,-0.1587141337482459,-0.9975978627486284,0.6671166250333769,-0.43083898436968915,0.8509629433967631,-1.1837123327881494,-0.27370939164977925,-0.3120962041552225,0.822251724117966,0.18285684484398343,0.1988888971748594,-0.3673586173064732,"[np.float64(0.34680556607865837), np.float64(-0.4036051817329105), np.float64(-0.1587141337482459), np.float64(-0.9975978627486284), np.float64(0.6671166250333769), np.float64(-0.43083898436968915), np.float64(0.8509629433967631), np.float64(-1.1837123327881494), np.float64(-0.27370939164977925), np.float64(-0.3120962041552225), np.float64(0.822251724117966), np.float64(0.18285684484398343), np.float64(0.1988888971748594), np.float64(-0.3673586173064732)]"
S1175,22.8,58.9,49.9,9.4,4.5,2.0,1,Bachelor,1.68,47.1,Fail,F,Medium Risk,1,0,3,2,2.1,2.8,1.85,13.43,0.2841024759799121,-1.562627389375289,-0.873689339639022,1.6167965361788117,0.6285014001530009,-1.0723746663293707,0.8509629433967631,-0.07743912457492572,-0.32271923272405223,-0.17007980758490118,1.731012001177511,-0.3110422827410197,-1.262436748319122,-0.05313816912568464,"[np.float64(0.2841024759799121), np.float64(-1.562627389375289), np.float64(-0.873689339639022), np.float64(1.6167965361788117), np.float64(0.6285014001530009), np.float64(-1.0723746663293707), np.float64(0.8509629433967631), np.float64(-0.07743912457492572), np.float64(-0.32271923272405223), np.float64(-0.17007980758490118), np.float64(1.731012001177511), np.float64(-0.3110422827410197), np.float64(-1.262436748319122), np.float64(-0.05313816912568464)]"
S1176,28.3,68.3,59.4,6.5,1.8,3.32,0,Bachelor,2.19,54.7,Pass,D,Medium Risk,1,1,2,2,2.03,1.57,0.57,19.33,0.8588808018850882,-0.8597365021599116,-0.3814962631200096,-0.3783991893184451,-0.4141096716171532,0.7293851213020744,-1.1751393027860062,-0.07743912457492572,-0.32944607365581524,-0.3193790962870338,-0.005127035592962813,0.42111974056338164,0.0007430469383872382,0.6102161103670911,"[np.float64(0.8588808018850882), np.float64(-0.8597365021599116), np.float64(-0.3814962631200096), np.float64(-0.3783991893184451), np.float64(-0.4141096716171532), np.float64(0.7293851213020744), np.float64(-1.1751393027860062), np.float64(-0.07743912457492572), np.float64(-0.32944607365581524), np.float64(-0.3193790962870338), np.float64(-0.005127035592962813), np.float64(0.42111974056338164), np.float64(0.0007430469383872382), np.float64(0.6102161103670911)]"
S1177,20.1,63.3,31.1,8.8,1.5,3.49,1,Bachelor,1.77,41.0,Fail,F,Medium Risk,1,0,3,2,1.47,2.96,0.55,12.72,0.001938570535553035,-1.233614633657453,-1.847713533171383,1.2039974205586899,-0.5299553462582814,0.9614299424364278,0.8509629433967631,-0.07743912457492572,-0.38326080110991895,-0.1506587619000709,-0.032254208042501335,-0.39914991605392214,-1.0395226668030906,-0.5855672618764651,"[np.float64(0.001938570535553035), np.float64(-1.233614633657453), np.float64(-1.847713533171383), np.float64(1.2039974205586899), np.float64(-0.5299553462582814), np.float64(0.9614299424364278), np.float64(0.8509629433967631), np.float64(-0.07743912457492572), np.float64(-0.38326080110991895), np.float64(-0.1506587619000709), np.float64(-0.032254208042501335), np.float64(-0.39914991605392214), np.float64(-1.0395226668030906), np.float64(-0.5855672618764651)]"
S1178,34.5,100.0,63.0,9.3,1.1,2.61,0,High School,2.51,56.3,Pass,D,Medium Risk,0,1,2,2,1.77,1.85,0.0,34.5,1.5068127329054684,1.5106508515345007,-0.194980992018068,1.5479966835754582,-0.6844162457797857,-0.2397432493178696,-1.1751393027860062,-1.1837123327881494,-0.3544314828309348,-0.2853922663385809,-0.7782514504048142,2.3036448072630042,0.7933264478842749,0.7498696428918854,"[np.float64(1.5068127329054684), np.float64(1.5106508515345007), np.float64(-0.194980992018068), np.float64(1.5479966835754582), np.float64(-0.6844162457797857), np.float64(-0.2397432493178696), np.float64(-1.1751393027860062), np.float64(-1.1837123327881494), np.float64(-0.3544314828309348), np.float64(-0.2853922663385809), np.float64(-0.7782514504048142), np.float64(2.3036448072630042), np.float64(0.7933264478842749), np.float64(0.7498696428918854)]"
S1179,17.4,94.0,45.2,8.5,0.2,2.83,1,Bachelor,2.21,49.4,Fail,F,Medium Risk,1,0,3,2,2.46,3.29,0.01,16.36,-0.2802253349088064,1.061997093737451,-1.117195388022112,0.9975978627486284,-1.0319532697031704,0.06055004862070488,0.8509629433967631,-0.07743912457492572,-0.2881240507892713,-0.11060285517510847,-0.764687864180045,0.052556823747437295,0.05027950949750529,0.14761378387870772,"[np.float64(-0.2802253349088064), np.float64(1.061997093737451), np.float64(-1.117195388022112), np.float64(0.9975978627486284), np.float64(-1.0319532697031704), np.float64(0.06055004862070488), np.float64(0.8509629433967631), np.float64(-0.07743912457492572), np.float64(-0.2881240507892713), np.float64(-0.11060285517510847), np.float64(-0.764687864180045), np.float64(0.052556823747437295), np.float64(0.05027950949750529), np.float64(0.14761378387870772)]"
S1180,46.375,99.1,42.9,6.4,0.8,1.64,0,PhD,2.58,72.4,Pass,C,Low Risk,3,1,1,1,0.91,0.95,0.01,45.96,2.747811391109826,1.4433527878649428,-1.2363579223372416,-0.4471990419217985,-0.8002619204209138,-1.563763699319765,-1.1751393027860062,2.1351072918515213,-0.43707552856402265,-0.3946356483157511,-0.764687864180045,3.725776466088164,0.9667040668411886,2.1551333139226343,"[np.float64(2.747811391109826), np.float64(1.4433527878649428), np.float64(-1.2363579223372416), np.float64(-0.4471990419217985), np.float64(-0.8002619204209138), np.float64(-1.563763699319765), np.float64(-1.1751393027860062), np.float64(2.1351072918515213), np.float64(-0.43707552856402265), np.float64(-0.3946356483157511), np.float64(-0.764687864180045), np.float64(3.725776466088164), np.float64(0.9667040668411886), np.float64(2.1551333139226343)]"
S1181,26.3,90.8,68.6,7.6,0.8,2.56,1,Bachelor,2.37,51.7,Pass,D,Medium Risk,1,1,2,2,2.51,1.97,0.07,23.88,0.6498705015559333,0.8227150895790244,0.09515387414050738,0.3783991893184451,-0.8002619204209138,-0.3079917261220908,0.8509629433967631,-0.07743912457492572,-0.28331916440944066,-0.2708264820749582,-0.6833063468314289,0.9857531653150812,0.44657120997044963,0.34836573688310074,"[np.float64(0.6498705015559333), np.float64(0.8227150895790244), np.float64(0.09515387414050738), np.float64(0.3783991893184451), np.float64(-0.8002619204209138), np.float64(-0.3079917261220908), np.float64(0.8509629433967631), np.float64(-0.07743912457492572), np.float64(-0.28331916440944066), np.float64(-0.2708264820749582), np.float64(-0.6833063468314289), np.float64(0.9857531653150812), np.float64(0.44657120997044963), np.float64(0.34836573688310074)]"
S1182,11.4,63.1,92.8,7.0,2.0,2.76,1,High School,1.87,63.8,Pass,D,Low Risk,0,1,2,1,7.48,4.05,0.74,7.19,-0.907256235896271,-1.2485697589173541,1.348950974325781,-0.034399926301676716,-0.336879221856401,-0.034997818905205494,0.8509629433967631,-1.1837123327881494,0.19428654174572993,-0.018352888172164735,0.22545393022811577,-1.0853966938290645,-0.7918403540075004,1.4044955766018614,"[np.float64(-0.907256235896271), np.float64(-1.2485697589173541), np.float64(1.348950974325781), np.float64(-0.034399926301676716), np.float64(-0.336879221856401), np.float64(-0.034997818905205494), np.float64(0.8509629433967631), np.float64(-1.1837123327881494), np.float64(0.19428654174572993), np.float64(-0.018352888172164735), np.float64(0.22545393022811577), np.float64(-1.0853966938290645), np.float64(-0.7918403540075004), np.float64(1.4044955766018614)]"
S1183,9.3,72.1,83.4,5.6,4.1,4.0,1,Bachelor,2.2,38.4,Fail,F,High Risk,1,0,3,0,8.1,3.92,1.14,6.71,-1.1267170512418836,-0.5755891222217804,0.8619388775596009,-0.9975978627486284,0.4740405006314965,1.6575644058394858,0.8509629433967631,-0.07743912457492572,0.2538671328556304,-0.034132487791089315,0.7679973792188887,-1.1449624177589142,0.02551127821794681,-0.8125042522292569,"[np.float64(-1.1267170512418836), np.float64(-0.5755891222217804), np.float64(0.8619388775596009), np.float64(-0.9975978627486284), np.float64(0.4740405006314965), np.float64(1.6575644058394858), np.float64(0.8509629433967631), np.float64(-0.07743912457492572), np.float64(0.2538671328556304), np.float64(-0.034132487791089315), np.float64(0.7679973792188887), np.float64(-1.1449624177589142), np.float64(0.02551127821794681), np.float64(-0.8125042522292569)]"
S1184,24.8,87.3,33.6,7.5,1.9,1.91,0,High School,2.55,45.6,Fail,F,Medium Risk,0,0,3,2,1.3,2.06,0.24,21.65,0.493112776309067,0.5610003975307455,-1.7181890393505903,0.30959933671509166,-0.3754944467367771,-1.1952219245769693,-1.1751393027860062,-1.1837123327881494,-0.3995974148013433,-0.25990214387724114,-0.4527253810103505,0.7090207395576548,0.8923993730025109,-0.18406335586767983,"[np.float64(0.493112776309067), np.float64(0.5610003975307455), np.float64(-1.7181890393505903), np.float64(0.30959933671509166), np.float64(-0.3754944467367771), np.float64(-1.1952219245769693), np.float64(-1.1751393027860062), np.float64(-1.1837123327881494), np.float64(-0.3995974148013433), np.float64(-0.25990214387724114), np.float64(-0.4527253810103505), np.float64(0.7090207395576548), np.float64(0.8923993730025109), np.float64(-0.18406335586767983)]"
S1185,17.8,61.7,45.2,5.2,0.2,3.97,1,Master,1.94,32.8,Fail,F,High Risk,2,0,3,0,2.4,1.97,0.08,10.98,-0.2384232748429752,-1.3532556357366656,-1.117195388022112,-1.2727972731620427,-1.0319532697031704,1.6166153197569533,0.8509629433967631,1.0288340836382979,-0.2938899144450681,-0.2708264820749582,-0.6697427606066597,-0.615075665299627,-0.6184627350505878,-1.301291616066039,"[np.float64(-0.2384232748429752), np.float64(-1.3532556357366656), np.float64(-1.117195388022112), np.float64(-1.2727972731620427), np.float64(-1.0319532697031704), np.float64(1.6166153197569533), np.float64(0.8509629433967631), np.float64(1.0288340836382979), np.float64(-0.2938899144450681), np.float64(-0.2708264820749582), np.float64(-0.6697427606066597), np.float64(-0.615075665299627), np.float64(-0.6184627350505878), np.float64(-1.301291616066039)]"
S1186,27.1,90.7,83.8,8.8,9.15,3.6,1,Master,2.94,57.7,Pass,D,Medium Risk,2,1,2,2,2.98,2.22,0.85,24.58,0.7334746216875953,0.815237526949074,0.8826627965709273,1.2039974205586899,2.424109357090489,1.1115765914057147,0.8509629433967631,1.0288340836382979,-0.23815323243903214,-0.24048109819241087,0.37465337870057835,1.0726198460461118,1.8583603929053123,0.8720664838510814,"[np.float64(0.7334746216875953), np.float64(0.815237526949074), np.float64(0.8826627965709273), np.float64(1.2039974205586899), np.float64(2.424109357090489), np.float64(1.1115765914057147), np.float64(0.8509629433967631), np.float64(1.0288340836382979), np.float64(-0.23815323243903214), np.float64(-0.24048109819241087), np.float64(0.37465337870057835), np.float64(1.0726198460461118), np.float64(1.8583603929053123), np.float64(0.8720664838510814)]"
S1187,24.7,76.4,45.4,6.3,8.6,3.02,0,Bachelor,1.6,26.6,Fail,F,High Risk,1,0,3,0,1.77,1.74,2.03,18.87,0.48266226129260914,-0.25405392913389396,-1.1068334285164487,-0.5159988945251526,2.2117256202484197,0.3198942604767462,-1.1751393027860062,-0.07743912457492572,-0.3544314828309348,-0.29874423524690163,1.9751565532233584,0.3640359217972761,-1.4605825985555936,-1.8424490545996188,"[np.float64(0.48266226129260914), np.float64(-0.25405392913389396), np.float64(-1.1068334285164487), np.float64(-0.5159988945251526), np.float64(2.2117256202484197), np.float64(0.3198942604767462), np.float64(-1.1751393027860062), np.float64(-0.07743912457492572), np.float64(-0.3544314828309348), np.float64(-0.29874423524690163), np.float64(1.9751565532233584), np.float64(0.3640359217972761), np.float64(-1.4605825985555936), np.float64(-1.8424490545996188)]"
S1188,19.3,74.4,60.5,7.3,4.6,4.0,1,Bachelor,2.24,39.9,Fail,F,High Risk,1,0,3,0,2.98,2.55,1.18,14.36,-0.08166554959610901,-0.4036051817329105,-0.32450548583886074,0.17199963150838418,0.6671166250333769,1.6575644058394858,0.8509629433967631,-0.07743912457492572,-0.23815323243903214,-0.20042519146744847,0.822251724117966,-0.19563369262693608,0.1245842033361829,-0.6815790654872618,"[np.float64(-0.08166554959610901), np.float64(-0.4036051817329105), np.float64(-0.32450548583886074), np.float64(0.17199963150838418), np.float64(0.6671166250333769), np.float64(1.6575644058394858), np.float64(0.8509629433967631), np.float64(-0.07743912457492572), np.float64(-0.23815323243903214), np.float64(-0.20042519146744847), np.float64(0.822251724117966), np.float64(-0.19563369262693608), np.float64(0.1245842033361829), np.float64(-0.6815790654872618)]"
S1189,11.5,90.7,76.0,7.4,9.15,3.1,1,Master,1.78,31.8,Fail,F,High Risk,2,0,3,0,6.08,4.25,0.85,10.43,-0.8968057208798134,0.815237526949074,0.4785463758500541,0.2407994841117382,2.424109357090489,0.42909182336350055,0.8509629433967631,1.0288340836382979,0.059749723110470596,0.005923418933873118,0.37465337870057835,-0.6833280573025797,-1.0147544355235316,-1.3885750738940357,"[np.float64(-0.8968057208798134), np.float64(0.815237526949074), np.float64(0.4785463758500541), np.float64(0.2407994841117382), np.float64(2.424109357090489), np.float64(0.42909182336350055), np.float64(0.8509629433967631), np.float64(1.0288340836382979), np.float64(0.059749723110470596), np.float64(0.005923418933873118), np.float64(0.37465337870057835), np.float64(-0.6833280573025797), np.float64(-1.0147544355235316), np.float64(-1.3885750738940357)]"
S1190,4.9,86.7,45.6,6.6,2.4,3.11,1,Bachelor,1.39,36.6,Fail,F,High Risk,1,0,3,0,7.73,8.25,0.32,4.25,-1.5865397119660245,0.516135021751041,-1.0964714690107853,-0.30959933671509166,-0.18241832233489674,0.44274151872434453,0.8509629433967631,-0.07743912457492572,0.21831097364488336,0.4914495610546298,-0.3442166912121959,-1.4502367528993936,-1.9807154554263329,-0.9696144763196509,"[np.float64(-1.5865397119660245), np.float64(0.516135021751041), np.float64(-1.0964714690107853), np.float64(-0.30959933671509166), np.float64(-0.18241832233489674), np.float64(0.44274151872434453), np.float64(0.8509629433967631), np.float64(-0.07743912457492572), np.float64(0.21831097364488336), np.float64(0.4914495610546298), np.float64(-0.3442166912121959), np.float64(-1.4502367528993936), np.float64(-1.9807154554263329), np.float64(-0.9696144763196509)]"
S1191,15.5,74.6,67.1,7.9,9.15,2.76,1,Master,1.78,48.7,Fail,F,Medium Risk,2,0,3,2,4.07,3.41,2.32,11.56,-0.47878512022150344,-0.3886500564730097,0.01743917784803175,0.5847987471285065,2.424109357090489,-0.034997818905205494,0.8509629433967631,1.0288340836382979,-0.1334067093587231,-0.09603707091148576,2.368500553741669,-0.5431004155510587,-1.0147544355235316,0.08651536339911035,"[np.float64(-0.47878512022150344), np.float64(-0.3886500564730097), np.float64(0.01743917784803175), np.float64(0.5847987471285065), np.float64(2.424109357090489), np.float64(-0.034997818905205494), np.float64(0.8509629433967631), np.float64(1.0288340836382979), np.float64(-0.1334067093587231), np.float64(-0.09603707091148576), np.float64(2.368500553741669), np.float64(-0.5431004155510587), np.float64(-1.0147544355235316), np.float64(0.08651536339911035)]"
S1192,28.6,97.4,38.3,6.3,0.2,3.78,0,Bachelor,2.8,56.0,Pass,D,Medium Risk,1,1,2,2,1.29,1.51,0.01,27.86,0.8902323469344615,1.3162342231557795,-1.4746829909675,-0.5159988945251526,-1.0319532697031704,1.3572711079009114,-1.1751393027860062,-0.07743912457492572,-0.4005583920773094,-0.3266619884188452,-0.764687864180045,1.4796522929000844,1.511605154991486,0.7236846055434867,"[np.float64(0.8902323469344615), np.float64(1.3162342231557795), np.float64(-1.4746829909675), np.float64(-0.5159988945251526), np.float64(-1.0319532697031704), np.float64(1.3572711079009114), np.float64(-1.1751393027860062), np.float64(-0.07743912457492572), np.float64(-0.4005583920773094), np.float64(-0.3266619884188452), np.float64(-0.764687864180045), np.float64(1.4796522929000844), np.float64(1.511605154991486), np.float64(0.7236846055434867)]"
S1193,22.1,63.8,53.0,8.3,1.4,3.68,1,Master,2.42,25.9,Fail,F,High Risk,2,0,3,0,2.29,2.55,0.51,14.1,0.21094887086470795,-1.1962268205076987,-0.7130789673012389,0.8599981575419215,-0.5685705711386575,1.220774154292469,0.8509629433967631,1.0288340836382979,-0.30446066448069564,-0.20042519146744847,-0.08650855294157868,-0.2278984597556046,0.5704123663682442,-1.9035474750792167,"[np.float64(0.21094887086470795), np.float64(-1.1962268205076987), np.float64(-0.7130789673012389), np.float64(0.8599981575419215), np.float64(-0.5685705711386575), np.float64(1.220774154292469), np.float64(0.8509629433967631), np.float64(1.0288340836382979), np.float64(-0.30446066448069564), np.float64(-0.20042519146744847), np.float64(-0.08650855294157868), np.float64(-0.2278984597556046), np.float64(0.5704123663682442), np.float64(-1.9035474750792167)]"
S1194,7.5,89.2,71.4,5.0,0.8,2.3,0,Bachelor,2.07,60.0,Pass,D,Medium Risk,1,1,2,2,8.4,4.27,0.09,6.69,-1.314826321538123,0.7030740874998116,0.24022130721979582,-1.4103969783687502,-0.8002619204209138,-0.6628838055040425,-1.1751393027860062,-0.07743912457492572,0.2826964511346146,0.00835104964447685,-0.6561791743818904,-1.1474443229226579,-0.296475728416321,1.0728184368554738,"[np.float64(-1.314826321538123), np.float64(0.7030740874998116), np.float64(0.24022130721979582), np.float64(-1.4103969783687502), np.float64(-0.8002619204209138), np.float64(-0.6628838055040425), np.float64(-1.1751393027860062), np.float64(-0.07743912457492572), np.float64(0.2826964511346146), np.float64(0.00835104964447685), np.float64(-0.6561791743818904), np.float64(-1.1474443229226579), np.float64(-0.296475728416321), np.float64(1.0728184368554738)]"
S1195,21.7,88.9,33.1,7.2,0.7,1.74,1,Bachelor,1.53,46.6,Fail,F,Medium Risk,1,0,3,2,1.46,2.25,0.08,19.29,0.16914681079887675,0.6806413996099594,-1.7440939381147489,0.10319977890503075,-0.8388771453012902,-1.4272667457113222,0.8509629433967631,-0.07743912457492572,-0.3842217783858851,-0.2368396521265052,-0.6697427606066597,0.4161559302358943,-1.6339602175125068,-0.09677989803968304,"[np.float64(0.16914681079887675), np.float64(0.6806413996099594), np.float64(-1.7440939381147489), np.float64(0.10319977890503075), np.float64(-0.8388771453012902), np.float64(-1.4272667457113222), np.float64(0.8509629433967631), np.float64(-0.07743912457492572), np.float64(-0.3842217783858851), np.float64(-0.2368396521265052), np.float64(-0.6697427606066597), np.float64(0.4161559302358943), np.float64(-1.6339602175125068), np.float64(-0.09677989803968304)]"
S1196,23.9,75.4,73.8,9.9,0.5,2.64,1,PhD,2.35,49.2,Fail,F,Medium Risk,3,0,3,2,2.96,2.82,0.12,18.02,0.3990581411609471,-0.32882955543340225,0.36456482128775636,1.96079579919558,-0.9161075950620422,-0.19879416323533644,0.8509629433967631,2.1351072918515213,-0.24007518699096442,-0.1676521768742974,-0.6154884157075824,0.2585549523381672,0.3970347474113316,0.13015709231310874,"[np.float64(0.3990581411609471), np.float64(-0.32882955543340225), np.float64(0.36456482128775636), np.float64(1.96079579919558), np.float64(-0.9161075950620422), np.float64(-0.19879416323533644), np.float64(0.8509629433967631), np.float64(2.1351072918515213), np.float64(-0.24007518699096442), np.float64(-0.1676521768742974), np.float64(-0.6154884157075824), np.float64(0.2585549523381672), np.float64(0.3970347474113316), np.float64(0.13015709231310874)]"
S1197,11.2,84.9,64.6,5.5,2.9,2.16,1,Bachelor,2.04,43.6,Fail,F,Medium Risk,1,0,3,2,5.3,3.24,0.44,9.51,-0.9281572659291867,0.3815388944119263,-0.11208531597276096,-1.0663977153519817,0.010657802066983652,-0.853979540555862,0.8509629433967631,-0.07743912457492572,-0.01520650441488818,-0.11667193195161792,-0.18145365651496398,-0.7974956948347915,-0.3707804222549976,-0.3586302715236734,"[np.float64(-0.9281572659291867), np.float64(0.3815388944119263), np.float64(-0.11208531597276096), np.float64(-1.0663977153519817), np.float64(0.010657802066983652), np.float64(-0.853979540555862), np.float64(0.8509629433967631), np.float64(-0.07743912457492572), np.float64(-0.01520650441488818), np.float64(-0.11667193195161792), np.float64(-0.18145365651496398), np.float64(-0.7974956948347915), np.float64(-0.3707804222549976), np.float64(-0.3586302715236734)]"
S1198,21.5,61.2,76.0,6.0,4.6,2.75,0,Bachelor,2.12,47.1,Fail,F,Medium Risk,1,0,3,2,3.38,1.89,1.78,13.16,0.14824578076596134,-1.3906434488864199,0.4785463758500541,-0.7223984523352134,0.6671166250333769,-0.048647514266049484,-1.1751393027860062,-0.07743912457492572,-0.19971414140038662,-0.2805370049173733,1.6360668976041257,-0.34454800245156003,-0.17263457201852536,-0.05313816912568464,"[np.float64(0.14824578076596134), np.float64(-1.3906434488864199), np.float64(0.4785463758500541), np.float64(-0.7223984523352134), np.float64(0.6671166250333769), np.float64(-0.048647514266049484), np.float64(-1.1751393027860062), np.float64(-0.07743912457492572), np.float64(-0.19971414140038662), np.float64(-0.2805370049173733), np.float64(1.6360668976041257), np.float64(-0.34454800245156003), np.float64(-0.17263457201852536), np.float64(-0.05313816912568464)]"
S1199,20.6,93.9,69.5,7.8,2.6,3.79,0,High School,1.96,47.6,Fail,F,Medium Risk,0,0,3,2,3.22,2.56,0.16,19.34,0.05419114561784177,1.0545195311075006,0.14178269191599305,0.5159988945251526,-0.10518787257414451,1.3709208032617561,-1.1751393027860062,-1.1837123327881494,-0.21508977781584482,-0.19921137611214657,-0.5612340708085051,0.4223606931452537,-0.5689262724914698,-0.009496440211686245,"[np.float64(0.05419114561784177), np.float64(1.0545195311075006), np.float64(0.14178269191599305), np.float64(0.5159988945251526), np.float64(-0.10518787257414451), np.float64(1.3709208032617561), np.float64(-1.1751393027860062), np.float64(-1.1837123327881494), np.float64(-0.21508977781584482), np.float64(-0.19921137611214657), np.float64(-0.5612340708085051), np.float64(0.4223606931452537), np.float64(-0.5689262724914698), np.float64(-0.009496440211686245)]"
S1200,8.6,77.2,92.3,7.3,0.5,2.43,1,Bachelor,1.89,50.9,Pass,D,Medium Risk,1,1,2,2,9.61,5.49,0.11,6.64,-1.199870656357088,-0.19423342809428756,1.3230460755616225,0.17199963150838418,-0.9161075950620422,-0.48543776581306636,0.8509629433967631,-0.07743912457492572,0.3989747015265172,0.1564365229913077,-0.6290520019323518,-1.1536490858320172,-0.7423038914483829,0.27853897062070293,"[np.float64(-1.199870656357088), np.float64(-0.19423342809428756), np.float64(1.3230460755616225), np.float64(0.17199963150838418), np.float64(-0.9161075950620422), np.float64(-0.48543776581306636), np.float64(0.8509629433967631), np.float64(-0.07743912457492572), np.float64(0.3989747015265172), np.float64(0.1564365229913077), np.float64(-0.6290520019323518), np.float64(-1.1536490858320172), np.float64(-0.7423038914483829), np.float64(0.27853897062070293)]"
S1201,23.6,72.2,67.5,7.5,5.0,2.77,1,Bachelor,2.18,43.1,Fail,F,Medium Risk,1,0,3,2,2.74,2.16,1.39,17.04,0.36770659611157414,-0.5681115595918289,0.038163096859358876,0.30959933671509166,0.8215775245548813,-0.021348123544360897,0.8509629433967631,-0.07743912457492572,-0.2612166870622194,-0.24776399032422222,1.1070870348381219,0.13694159931472422,-0.024025184341171235,-0.4022720004376718,"[np.float64(0.36770659611157414), np.float64(-0.5681115595918289), np.float64(0.038163096859358876), np.float64(0.30959933671509166), np.float64(0.8215775245548813), np.float64(-0.021348123544360897), np.float64(0.8509629433967631), np.float64(-0.07743912457492572), np.float64(-0.2612166870622194), np.float64(-0.24776399032422222), np.float64(1.1070870348381219), np.float64(0.13694159931472422), np.float64(-0.024025184341171235), np.float64(-0.4022720004376718)]"
S1202,25.6,95.7,56.4,7.7,3.0,2.85,1,High School,2.58,49.4,Fail,F,Medium Risk,0,0,3,2,2.12,2.05,0.13,24.5,0.5767168964407291,1.1891156584466154,-0.5369256557049609,0.4471990419217991,0.049273026947359765,0.08784943934239346,0.8509629433967631,-1.1837123327881494,-0.32079727817212,-0.26111595923254305,-0.601924829482813,1.062692225391137,0.9667040668411886,0.14761378387870772,"[np.float64(0.5767168964407291), np.float64(1.1891156584466154), np.float64(-0.5369256557049609), np.float64(0.4471990419217991), np.float64(0.049273026947359765), np.float64(0.08784943934239346), np.float64(0.8509629433967631), np.float64(-1.1837123327881494), np.float64(-0.32079727817212), np.float64(-0.26111595923254305), np.float64(-0.601924829482813), np.float64(1.062692225391137), np.float64(0.9667040668411886), np.float64(0.14761378387870772)]"
S1203,30.8,69.4,67.4,8.0,1.5,3.48,1,High School,1.79,48.9,Fail,F,Medium Risk,0,0,3,2,2.12,1.78,0.46,21.38,1.1201436772965319,-0.7774833132304518,0.032982117106527466,0.65359859973186,-0.5299553462582814,0.9477802470755832,0.8509629433967631,-1.1837123327881494,-0.32079727817212,-0.29388897382569407,-0.1543264840654253,0.6755150198471145,-0.9899862042439725,0.10397205496470933,"[np.float64(1.1201436772965319), np.float64(-0.7774833132304518), np.float64(0.032982117106527466), np.float64(0.65359859973186), np.float64(-0.5299553462582814), np.float64(0.9477802470755832), np.float64(0.8509629433967631), np.float64(-1.1837123327881494), np.float64(-0.32079727817212), np.float64(-0.29388897382569407), np.float64(-0.1543264840654253), np.float64(0.6755150198471145), np.float64(-0.9899862042439725), np.float64(0.10397205496470933)]"
S1204,30.5,58.9,75.9,8.7,3.4,1.0,1,Bachelor,2.1,42.1,Fail,F,Medium Risk,1,0,3,2,2.41,1.95,1.4,17.96,1.0887921322471585,-1.562627389375289,0.4733653960972227,1.1351975679553352,0.20373392646886404,-2.437344202413799,0.8509629433967631,-0.07743912457492572,-0.29292893716910196,-0.27325411278556194,1.120650621062891,0.2511092368469362,-0.22217103457764342,-0.4895554582656686,"[np.float64(1.0887921322471585), np.float64(-1.562627389375289), np.float64(0.4733653960972227), np.float64(1.1351975679553352), np.float64(0.20373392646886404), np.float64(-2.437344202413799), np.float64(0.8509629433967631), np.float64(-0.07743912457492572), np.float64(-0.29292893716910196), np.float64(-0.27325411278556194), np.float64(1.120650621062891), np.float64(0.2511092368469362), np.float64(-0.22217103457764342), np.float64(-0.4895554582656686)]"
S1205,6.2,56.7,66.0,7.6,0.9,2.31,0,Master,1.73,38.4,Fail,F,High Risk,2,0,3,0,9.17,7.71,0.39,3.52,-1.450683016752074,-1.727133767234207,-0.03955159943311675,0.3783991893184451,-0.7616466955405379,-0.6492341101431979,-1.1751393027860062,1.0288340836382979,0.3566917013840072,0.42590353186832763,-0.24927158763881058,-1.5408262913760398,-1.1385955919213266,-0.8125042522292569,"[np.float64(-1.450683016752074), np.float64(-1.727133767234207), np.float64(-0.03955159943311675), np.float64(0.3783991893184451), np.float64(-0.7616466955405379), np.float64(-0.6492341101431979), np.float64(-1.1751393027860062), np.float64(1.0288340836382979), np.float64(0.3566917013840072), np.float64(0.42590353186832763), np.float64(-0.24927158763881058), np.float64(-1.5408262913760398), np.float64(-1.1385955919213266), np.float64(-0.8125042522292569)]"
S1206,10.6,89.1,65.8,6.6,1.3,2.97,0,Bachelor,2.38,49.8,Fail,F,Medium Risk,1,0,3,2,5.67,4.09,0.14,9.44,-0.9908603560279331,0.6955965248698601,-0.049913558938780314,-0.30959933671509166,-0.6071857960190336,0.251645783672525,-1.1751393027860062,-0.07743912457492572,0.02034965479585893,-0.013497626750957165,-0.5883612432580437,-0.8061823629078947,0.47133944125000815,0.18252716700990632,"[np.float64(-0.9908603560279331), np.float64(0.6955965248698601), np.float64(-0.049913558938780314), np.float64(-0.30959933671509166), np.float64(-0.6071857960190336), np.float64(0.251645783672525), np.float64(-1.1751393027860062), np.float64(-0.07743912457492572), np.float64(0.02034965479585893), np.float64(-0.013497626750957165), np.float64(-0.5883612432580437), np.float64(-0.8061823629078947), np.float64(0.47133944125000815), np.float64(0.18252716700990632)]"
S1207,25.2,60.8,51.0,8.0,7.5,3.76,0,High School,2.27,45.4,Fail,F,Medium Risk,0,0,3,2,1.95,2.16,2.94,15.32,0.5349148363748979,-1.4205536994062236,-0.8166985623578731,0.65359859973186,1.7869581465642832,1.329971717179223,-1.1751393027860062,-1.1837123327881494,-0.3371338918635443,-0.24776399032422222,3.2094428996773674,-0.07650224476723676,0.1988888971748594,-0.20152004743327942,"[np.float64(0.5349148363748979), np.float64(-1.4205536994062236), np.float64(-0.8166985623578731), np.float64(0.65359859973186), np.float64(1.7869581465642832), np.float64(1.329971717179223), np.float64(-1.1751393027860062), np.float64(-1.1837123327881494), np.float64(-0.3371338918635443), np.float64(-0.24776399032422222), np.float64(3.2094428996773674), np.float64(-0.07650224476723676), np.float64(0.1988888971748594), np.float64(-0.20152004743327942)]"
S1208,25.1,100.0,51.7,9.8,1.0,2.41,0,Bachelor,2.64,61.6,Pass,D,Low Risk,1,1,2,1,1.98,2.66,0.0,25.1,0.5244643213584403,1.5106508515345007,-0.780431704088051,1.8919959465922265,-0.7230314706601618,-0.5127371565347549,-1.1751393027860062,-0.07743912457492572,-0.3342509600356459,-0.18707322255912764,-0.7782514504048142,1.1371493803034494,1.1153134545185428,1.2124719693802688,"[np.float64(0.5244643213584403), np.float64(1.5106508515345007), np.float64(-0.780431704088051), np.float64(1.8919959465922265), np.float64(-0.7230314706601618), np.float64(-0.5127371565347549), np.float64(-1.1751393027860062), np.float64(-0.07743912457492572), np.float64(-0.3342509600356459), np.float64(-0.18707322255912764), np.float64(-0.7782514504048142), np.float64(1.1371493803034494), np.float64(1.1153134545185428), np.float64(1.2124719693802688)]"
S1209,25.2,48.8,36.9,6.8,1.9,1.3,1,High School,1.38,40.7,Fail,F,Medium Risk,0,0,3,2,1.41,1.84,0.97,12.3,0.5349148363748979,-2.3178612150003226,-1.5472167075071441,-0.17199963150838418,-0.3754944467367771,-2.0278533415884703,0.8509629433967631,-1.1837123327881494,-0.38902666476571574,-0.2866060816938828,0.5374164133978102,-0.45126992449254055,-2.005483686705892,-0.611752299224864,"[np.float64(0.5349148363748979), np.float64(-2.3178612150003226), np.float64(-1.5472167075071441), np.float64(-0.17199963150838418), np.float64(-0.3754944467367771), np.float64(-2.0278533415884703), np.float64(0.8509629433967631), np.float64(-1.1837123327881494), np.float64(-0.38902666476571574), np.float64(-0.2866060816938828), np.float64(0.5374164133978102), np.float64(-0.45126992449254055), np.float64(-2.005483686705892), np.float64(-0.611752299224864)]"
S1210,46.375,100.0,100.0,5.5,6.6,3.3,1,Bachelor,2.82,75.0,Pass,C,Low Risk,1,1,1,1,2.11,0.82,0.0,46.38,2.747811391109826,1.5106508515345007,1.7219815165296641,-1.0663977153519817,1.4394211226408984,0.7020857305803858,0.8509629433967631,-0.07743912457492572,-0.3217582554480861,-0.41041524793467576,-0.7782514504048142,3.7778964745267825,1.561141617550604,2.382070304275426,"[np.float64(2.747811391109826), np.float64(1.5106508515345007), np.float64(1.7219815165296641), np.float64(-1.0663977153519817), np.float64(1.4394211226408984), np.float64(0.7020857305803858), np.float64(0.8509629433967631), np.float64(-0.07743912457492572), np.float64(-0.3217582554480861), np.float64(-0.41041524793467576), np.float64(-0.7782514504048142), np.float64(3.7778964745267825), np.float64(1.561141617550604), np.float64(2.382070304275426)]"
S1211,25.7,83.2,40.1,8.7,3.7,2.29,1,High School,2.02,53.2,Pass,D,Medium Risk,0,1,2,2,1.5,2.31,0.62,21.38,0.5871674114571866,0.254420329702762,-1.3814253554165292,1.1351975679553352,0.3195796011099924,-0.6765335008648865,0.8509629433967631,-1.1837123327881494,-0.38037786928202055,-0.22955675999469385,0.06269089553088388,0.6755150198471145,-0.4203168848141156,0.4792909236250959,"[np.float64(0.5871674114571866), np.float64(0.254420329702762), np.float64(-1.3814253554165292), np.float64(1.1351975679553352), np.float64(0.3195796011099924), np.float64(-0.6765335008648865), np.float64(0.8509629433967631), np.float64(-1.1837123327881494), np.float64(-0.38037786928202055), np.float64(-0.22955675999469385), np.float64(0.06269089553088388), np.float64(0.6755150198471145), np.float64(-0.4203168848141156), np.float64(0.4792909236250959)]"
S1212,31.4,78.5,51.1,6.8,0.2,1.85,0,High School,2.53,41.5,Fail,F,Medium Risk,0,0,3,2,1.58,1.48,0.04,24.65,1.182846767395278,-0.09702511390492703,-0.8115175826050413,-0.17199963150838418,-1.0319532697031704,-1.2771200967420349,-1.1751393027860062,-1.1837123327881494,-0.37269005107429143,-0.33030343448475086,-0.7239971055057369,1.0813065141192149,0.8428629104433929,-0.5419255329624668,"[np.float64(1.182846767395278), np.float64(-0.09702511390492703), np.float64(-0.8115175826050413), np.float64(-0.17199963150838418), np.float64(-1.0319532697031704), np.float64(-1.2771200967420349), np.float64(-1.1751393027860062), np.float64(-1.1837123327881494), np.float64(-0.37269005107429143), np.float64(-0.33030343448475086), np.float64(-0.7239971055057369), np.float64(1.0813065141192149), np.float64(0.8428629104433929), np.float64(-0.5419255329624668)]"
S1213,29.5,71.8,50.6,3.7,0.5,2.3,0,High School,2.48,39.8,Fail,F,High Risk,0,0,3,0,1.66,0.86,0.14,21.18,0.984286982082581,-0.5980218101116326,-0.8374224813691998,-2.3047950622123476,-0.9161075950620422,-0.6628838055040425,-1.1751393027860062,-1.1837123327881494,-0.3650022328665623,-0.40555998651346814,-0.5883612432580437,0.6506959682096772,0.7190217540455983,-0.6903074112700616,"[np.float64(0.984286982082581), np.float64(-0.5980218101116326), np.float64(-0.8374224813691998), np.float64(-2.3047950622123476), np.float64(-0.9161075950620422), np.float64(-0.6628838055040425), np.float64(-1.1751393027860062), np.float64(-1.1837123327881494), np.float64(-0.3650022328665623), np.float64(-0.40555998651346814), np.float64(-0.5883612432580437), np.float64(0.6506959682096772), np.float64(0.7190217540455983), np.float64(-0.6903074112700616)]"
S1214,26.5,86.0,82.9,8.3,0.0,2.65,0,Bachelor,2.81,52.6,Pass,D,Medium Risk,1,1,2,2,3.01,2.14,0.0,22.79,0.6707715315888486,0.46379208334138494,0.8360339787954423,0.8599981575419215,-1.1091837194639227,-0.18514446787449243,-1.1751393027860062,-0.07743912457492572,-0.23527030061113374,-0.250191621034826,-0.7782514504048142,0.8504893338910477,1.5363733862710456,0.4269208489282977,"[np.float64(0.6707715315888486), np.float64(0.46379208334138494), np.float64(0.8360339787954423), np.float64(0.8599981575419215), np.float64(-1.1091837194639227), np.float64(-0.18514446787449243), np.float64(-1.1751393027860062), np.float64(-0.07743912457492572), np.float64(-0.23527030061113374), np.float64(-0.250191621034826), np.float64(-0.7782514504048142), np.float64(0.8504893338910477), np.float64(1.5363733862710456), np.float64(0.4269208489282977)]"
S1215,16.8,79.4,59.1,6.2,3.0,2.32,0,High School,2.13,52.3,Pass,D,Medium Risk,0,1,2,2,3.32,2.48,0.62,13.34,-0.34292842500755266,-0.029727050235369167,-0.3970392023785046,-0.584798747128506,0.049273026947359765,-0.6355844147823538,-1.1751393027860062,-1.1837123327881494,-0.20548000505618347,-0.2089218989545617,0.06269089553088388,-0.3222108559778665,-0.1478663407389669,0.4007358115798983,"[np.float64(-0.34292842500755266), np.float64(-0.029727050235369167), np.float64(-0.3970392023785046), np.float64(-0.584798747128506), np.float64(0.049273026947359765), np.float64(-0.6355844147823538), np.float64(-1.1751393027860062), np.float64(-1.1837123327881494), np.float64(-0.20548000505618347), np.float64(-0.2089218989545617), np.float64(0.06269089553088388), np.float64(-0.3222108559778665), np.float64(-0.1478663407389669), np.float64(0.4007358115798983)]"
S1216,27.6,96.5,90.0,6.9,1.8,1.04,1,Bachelor,2.66,70.0,Pass,C,Low Risk,1,1,1,1,3.15,1.71,0.06,26.63,0.785727196769884,1.2489361594862218,1.2038835412464932,-0.10319977890503014,-0.4141096716171532,-2.382745420970422,0.8509629433967631,-0.07743912457492572,-0.2218166187476078,-0.30238568131280735,-0.6968699330561983,1.3270151253298446,1.1648499170776607,1.9456530151354416,"[np.float64(0.785727196769884), np.float64(1.2489361594862218), np.float64(1.2038835412464932), np.float64(-0.10319977890503014), np.float64(-0.4141096716171532), np.float64(-2.382745420970422), np.float64(0.8509629433967631), np.float64(-0.07743912457492572), np.float64(-0.2218166187476078), np.float64(-0.30238568131280735), np.float64(-0.6968699330561983), np.float64(1.3270151253298446), np.float64(1.1648499170776607), np.float64(1.9456530151354416)]"
S1217,12.3,81.7,51.5,7.5,0.4,3.52,0,Bachelor,1.9,46.3,Fail,F,Medium Risk,1,0,3,2,3.87,4.04,0.07,10.05,-0.8132016007481513,0.14225689025349963,-0.7907936635937145,0.30959933671509166,-0.9547228199424184,1.0023790285189604,-1.1751393027860062,-0.07743912457492572,-0.15262625487804585,-0.019566703527466603,-0.6833063468314289,-0.7304842554137106,-0.7175356601688239,-0.12296493538808244,"[np.float64(-0.8132016007481513), np.float64(0.14225689025349963), np.float64(-0.7907936635937145), np.float64(0.30959933671509166), np.float64(-0.9547228199424184), np.float64(1.0023790285189604), np.float64(-1.1751393027860062), np.float64(-0.07743912457492572), np.float64(-0.15262625487804585), np.float64(-0.019566703527466603), np.float64(-0.6833063468314289), np.float64(-0.7304842554137106), np.float64(-0.7175356601688239), np.float64(-0.12296493538808244)]"
S1218,17.6,82.3,70.6,7.3,9.15,3.82,1,Bachelor,2.2,52.7,Pass,D,Medium Risk,1,1,2,2,3.8,2.79,1.62,14.48,-0.25932430487589064,0.18712226603320417,0.19877346919714156,0.17199963150838418,2.424109357090489,1.4118698893442887,0.8509629433967631,-0.07743912457492572,-0.15935309580980886,-0.17129362294020306,1.4190495180078166,-0.18074226164447357,0.02551127821794681,0.43564919471109753,"[np.float64(-0.25932430487589064), np.float64(0.18712226603320417), np.float64(0.19877346919714156), np.float64(0.17199963150838418), np.float64(2.424109357090489), np.float64(1.4118698893442887), np.float64(0.8509629433967631), np.float64(-0.07743912457492572), np.float64(-0.15935309580980886), np.float64(-0.17129362294020306), np.float64(1.4190495180078166), np.float64(-0.18074226164447357), np.float64(0.02551127821794681), np.float64(0.43564919471109753)]"
S1219,15.1,74.5,48.3,8.1,2.3,3.32,0,Bachelor,2.51,34.0,Fail,F,High Risk,1,0,3,0,3.0,3.59,0.59,11.25,-0.5205871802873345,-0.39612761910296007,-0.9565850156843293,0.7223984523352134,-0.22103354721527285,0.7293851213020744,-1.1751393027860062,-0.07743912457492572,-0.23623127788709986,-0.07418839451605175,0.022000136856575862,-0.5815699455890867,0.7933264478842749,-1.1965514666724426,"[np.float64(-0.5205871802873345), np.float64(-0.39612761910296007), np.float64(-0.9565850156843293), np.float64(0.7223984523352134), np.float64(-0.22103354721527285), np.float64(0.7293851213020744), np.float64(-1.1751393027860062), np.float64(-0.07743912457492572), np.float64(-0.23623127788709986), np.float64(-0.07418839451605175), np.float64(0.022000136856575862), np.float64(-0.5815699455890867), np.float64(0.7933264478842749), np.float64(-1.1965514666724426)]"
S1220,20.8,79.1,100.0,6.3,0.8,1.89,1,Master,2.11,60.5,Pass,D,Low Risk,2,1,2,1,4.59,2.05,0.17,16.45,0.07509217565075718,-0.052159738125222496,1.7219815165296641,-0.5159988945251526,-0.8002619204209138,-1.222521315298658,0.8509629433967631,1.0288340836382979,-0.08343589100848396,-0.26111595923254305,-0.5476704845837357,0.06372539698428409,-0.19740280329808496,1.1164601657694722,"[np.float64(0.07509217565075718), np.float64(-0.052159738125222496), np.float64(1.7219815165296641), np.float64(-0.5159988945251526), np.float64(-0.8002619204209138), np.float64(-1.222521315298658), np.float64(0.8509629433967631), np.float64(1.0288340836382979), np.float64(-0.08343589100848396), np.float64(-0.26111595923254305), np.float64(-0.5476704845837357), np.float64(0.06372539698428409), np.float64(-0.19740280329808496), np.float64(1.1164601657694722)]"
S1221,43.1,84.6,41.2,7.8,2.1,2.64,1,High School,3.02,56.5,Pass,D,Medium Risk,0,1,2,2,0.93,1.25,0.32,36.46,2.4055570243208346,0.359106206522073,-1.3244345781353803,0.5159988945251526,-0.2982639969760249,-0.19879416323533644,0.8509629433967631,-1.1837123327881494,-0.4351535740120904,-0.35822118765669436,-0.3442166912121959,2.54687151330989,2.0565062431417847,0.7673263344574851,"[np.float64(2.4055570243208346), np.float64(0.359106206522073), np.float64(-1.3244345781353803), np.float64(0.5159988945251526), np.float64(-0.2982639969760249), np.float64(-0.19879416323533644), np.float64(0.8509629433967631), np.float64(-1.1837123327881494), np.float64(-0.4351535740120904), np.float64(-0.35822118765669436), np.float64(-0.3442166912121959), np.float64(2.54687151330989), np.float64(2.0565062431417847), np.float64(0.7673263344574851)]"
S1222,1.3,54.3,71.2,6.6,3.4,2.79,0,Bachelor,1.5,39.4,Fail,F,High Risk,1,0,3,0,30.96,23.1,1.55,0.71,-1.9627582525585034,-1.9065952703530273,0.22985934771413224,-0.30959933671509166,0.20373392646886404,0.005951267177327695,-1.1751393027860062,-0.07743912457492572,2.4506611857142215,2.2939653636779394,1.3241044144344312,-1.8895339668820343,-1.7082649113511836,-0.7252207944012602,"[np.float64(-1.9627582525585034), np.float64(-1.9065952703530273), np.float64(0.22985934771413224), np.float64(-0.30959933671509166), np.float64(0.20373392646886404), np.float64(0.005951267177327695), np.float64(-1.1751393027860062), np.float64(-0.07743912457492572), np.float64(2.4506611857142215), np.float64(2.2939653636779394), np.float64(1.3241044144344312), np.float64(-1.8895339668820343), np.float64(-1.7082649113511836), np.float64(-0.7252207944012602)]"
S1223,26.9,59.8,77.7,8.1,0.2,3.28,1,High School,2.75,52.8,Pass,D,Medium Risk,0,1,2,2,2.78,2.05,0.08,16.09,0.7125735916546795,-1.4953293257057318,0.5666230316481933,0.7223984523352134,-1.0319532697031704,0.6747863398586973,0.8509629433967631,-1.1837123327881494,-0.2573727779583549,-0.26111595923254305,-0.6697427606066597,0.019051104036896943,1.3877639985936914,0.44437754049389666,"[np.float64(0.7125735916546795), np.float64(-1.4953293257057318), np.float64(0.5666230316481933), np.float64(0.7223984523352134), np.float64(-1.0319532697031704), np.float64(0.6747863398586973), np.float64(0.8509629433967631), np.float64(-1.1837123327881494), np.float64(-0.2573727779583549), np.float64(-0.26111595923254305), np.float64(-0.6697427606066597), np.float64(0.019051104036896943), np.float64(1.3877639985936914), np.float64(0.44437754049389666)]"
S1224,3.9,91.1,73.3,7.9,1.0,3.33,1,High School,1.74,41.7,Fail,F,Medium Risk,0,0,3,2,14.96,12.02,0.09,3.55,-1.6910448621306022,0.8451477774688767,0.33865992252359783,0.5847987471285065,-0.7230314706601618,0.743034816662919,0.8509629433967631,-1.1837123327881494,0.913097544168401,0.9490579500034428,-0.6561791743818904,-1.5371034336304241,-1.1138273606417677,-0.5244688413968672,"[np.float64(-1.6910448621306022), np.float64(0.8451477774688767), np.float64(0.33865992252359783), np.float64(0.5847987471285065), np.float64(-0.7230314706601618), np.float64(0.743034816662919), np.float64(0.8509629433967631), np.float64(-1.1837123327881494), np.float64(0.913097544168401), np.float64(0.9490579500034428), np.float64(-0.6561791743818904), np.float64(-1.5371034336304241), np.float64(-1.1138273606417677), np.float64(-0.5244688413968672)]"
S1225,15.3,82.6,61.3,5.6,4.9,2.21,1,Bachelor,2.14,46.5,Fail,F,Medium Risk,1,0,3,2,3.76,2.45,0.85,12.64,-0.49968615025441887,0.20955495392305643,-0.2830576478162072,-0.9975978627486284,0.7829622996745054,-0.7857310637516408,0.8509629433967631,-0.07743912457492572,-0.16319700491367342,-0.21256334502046736,0.37465337870057835,-0.40907753670889707,-0.12309810945940733,-0.10550824382248283,"[np.float64(-0.49968615025441887), np.float64(0.20955495392305643), np.float64(-0.2830576478162072), np.float64(-0.9975978627486284), np.float64(0.7829622996745054), np.float64(-0.7857310637516408), np.float64(0.8509629433967631), np.float64(-0.07743912457492572), np.float64(-0.16319700491367342), np.float64(-0.21256334502046736), np.float64(0.37465337870057835), np.float64(-0.40907753670889707), np.float64(-0.12309810945940733), np.float64(-0.10550824382248283)]"
S1226,30.9,77.2,62.4,8.6,1.8,2.87,0,Bachelor,2.22,62.0,Pass,D,Low Risk,1,1,2,1,1.96,1.91,0.41,23.85,1.1305941923129894,-0.19423342809428756,-0.22606687053505833,1.0663977153519817,-0.4141096716171532,0.11514883006408205,-1.1751393027860062,-0.07743912457492572,-0.3361729145875782,-0.2781093742067695,-0.22214441518927197,0.9820303075694659,0.07504774077706486,1.2473853525114673,"[np.float64(1.1305941923129894), np.float64(-0.19423342809428756), np.float64(-0.22606687053505833), np.float64(1.0663977153519817), np.float64(-0.4141096716171532), np.float64(0.11514883006408205), np.float64(-1.1751393027860062), np.float64(-0.07743912457492572), np.float64(-0.3361729145875782), np.float64(-0.2781093742067695), np.float64(-0.22214441518927197), np.float64(0.9820303075694659), np.float64(0.07504774077706486), np.float64(1.2473853525114673)]"
S1227,20.6,80.3,65.9,6.2,2.4,3.17,1,Master,1.81,42.8,Fail,F,Medium Risk,2,0,3,2,3.05,2.04,0.47,16.54,0.05419114561784177,0.03757101343418763,-0.04473257918594816,-0.584798747128506,-0.18241832233489674,0.5246396908894103,0.8509629433967631,1.0288340836382979,-0.23142639150726918,-0.26232977458784495,-0.14076289784065604,0.07489397022113087,-0.9404497416848545,-0.4284570377860712,"[np.float64(0.05419114561784177), np.float64(0.03757101343418763), np.float64(-0.04473257918594816), np.float64(-0.584798747128506), np.float64(-0.18241832233489674), np.float64(0.5246396908894103), np.float64(0.8509629433967631), np.float64(1.0288340836382979), np.float64(-0.23142639150726918), np.float64(-0.26232977458784495), np.float64(-0.14076289784065604), np.float64(0.07489397022113087), np.float64(-0.9404497416848545), np.float64(-0.4284570377860712)]"
S1228,9.2,85.2,62.1,8.2,1.7,3.96,1,Bachelor,2.25,43.1,Fail,F,Medium Risk,1,0,3,2,6.09,5.8,0.25,7.84,-1.1371675662583416,0.40397158230177854,-0.24160980979355332,0.7911983049385668,-0.4527248964975293,1.6029656243961088,0.8509629433967631,-0.07743912457492572,0.06071070038643671,0.1940647990056663,-0.43916179478558115,-1.0047347760073932,0.14935243461574138,-0.4022720004376718,"[np.float64(-1.1371675662583416), np.float64(0.40397158230177854), np.float64(-0.24160980979355332), np.float64(0.7911983049385668), np.float64(-0.4527248964975293), np.float64(1.6029656243961088), np.float64(0.8509629433967631), np.float64(-0.07743912457492572), np.float64(0.06071070038643671), np.float64(0.1940647990056663), np.float64(-0.43916179478558115), np.float64(-1.0047347760073932), np.float64(0.14935243461574138), np.float64(-0.4022720004376718)]"
S1229,12.8,71.9,84.3,7.6,0.1,3.36,1,PhD,2.54,40.7,Fail,F,Medium Risk,3,0,3,2,6.11,3.94,0.03,9.2,-0.7609490256658625,-0.5905442474816811,0.9085676953350857,0.3783991893184451,-1.0705684945835465,0.7839839027454516,0.8509629433967631,2.1351072918515213,0.06263265493836903,-0.03170485708048553,-0.7375606917305063,-0.8359652248728194,0.8676311417229525,-0.611752299224864,"[np.float64(-0.7609490256658625), np.float64(-0.5905442474816811), np.float64(0.9085676953350857), np.float64(0.3783991893184451), np.float64(-1.0705684945835465), np.float64(0.7839839027454516), np.float64(0.8509629433967631), np.float64(2.1351072918515213), np.float64(0.06263265493836903), np.float64(-0.03170485708048553), np.float64(-0.7375606917305063), np.float64(-0.8359652248728194), np.float64(0.8676311417229525), np.float64(-0.611752299224864)]"
S1230,26.8,68.3,100.0,9.8,0.5,3.43,1,High School,2.43,42.1,Fail,F,Medium Risk,0,0,3,2,3.6,2.49,0.16,18.3,0.7021230766382219,-0.8597365021599116,1.7219815165296641,1.8919959465922265,-0.9161075950620422,0.879531770271362,0.8509629433967631,-1.1837123327881494,-0.1785726413291316,-0.2077080835992598,-0.5612340708085051,0.2933016246305796,0.5951805976478038,-0.4895554582656686,"[np.float64(0.7021230766382219), np.float64(-0.8597365021599116), np.float64(1.7219815165296641), np.float64(1.8919959465922265), np.float64(-0.9161075950620422), np.float64(0.879531770271362), np.float64(0.8509629433967631), np.float64(-1.1837123327881494), np.float64(-0.1785726413291316), np.float64(-0.2077080835992598), np.float64(-0.5612340708085051), np.float64(0.2933016246305796), np.float64(0.5951805976478038), np.float64(-0.4895554582656686)]"
S1231,12.7,82.9,53.9,6.7,1.8,2.87,1,High School,1.55,43.5,Fail,F,Medium Risk,0,0,3,2,3.93,3.5,0.31,10.53,-0.7713995406823204,0.23198764181290976,-0.6664501495257535,-0.2407994841117376,-0.4141096716171532,0.11514883006408205,0.8509629433967631,-1.1837123327881494,-0.14686039122224903,-0.08511273271376875,-0.3577802774369652,-0.6709185314838612,-1.5844237549533886,-0.3673586173064732,"[np.float64(-0.7713995406823204), np.float64(0.23198764181290976), np.float64(-0.6664501495257535), np.float64(-0.2407994841117376), np.float64(-0.4141096716171532), np.float64(0.11514883006408205), np.float64(0.8509629433967631), np.float64(-1.1837123327881494), np.float64(-0.14686039122224903), np.float64(-0.08511273271376875), np.float64(-0.3577802774369652), np.float64(-0.6709185314838612), np.float64(-1.5844237549533886), np.float64(-0.3673586173064732)]"
S1232,22.2,65.3,37.6,6.5,0.7,3.93,1,High School,1.97,45.2,Fail,F,Medium Risk,0,0,3,2,1.62,1.99,0.24,14.5,0.22139938588116548,-1.0840633810584364,-1.510949849237322,-0.3783991893184451,-0.8388771453012902,1.5620165383135762,0.8509629433967631,-1.1837123327881494,-0.36884614197042687,-0.2683988513643544,-0.4527253810103505,-0.17826035648072988,-0.5441580412119107,-0.21897673899887843,"[np.float64(0.22139938588116548), np.float64(-1.0840633810584364), np.float64(-1.510949849237322), np.float64(-0.3783991893184451), np.float64(-0.8388771453012902), np.float64(1.5620165383135762), np.float64(0.8509629433967631), np.float64(-1.1837123327881494), np.float64(-0.36884614197042687), np.float64(-0.2683988513643544), np.float64(-0.4527253810103505), np.float64(-0.17826035648072988), np.float64(-0.5441580412119107), np.float64(-0.21897673899887843)]"
S1233,20.5,86.1,63.2,7.0,0.2,3.13,1,High School,2.29,52.8,Pass,D,Medium Risk,0,1,2,2,2.94,2.31,0.03,17.65,0.043740630601383876,0.47126964597133536,-0.18461903251240444,-0.034399926301676716,-1.0319532697031704,0.47004090944603316,0.8509629433967631,-1.1837123327881494,-0.2419971415428967,-0.22955675999469385,-0.7375606917305063,0.21263970680890804,0.24842535973397747,0.44437754049389666,"[np.float64(0.043740630601383876), np.float64(0.47126964597133536), np.float64(-0.18461903251240444), np.float64(-0.034399926301676716), np.float64(-1.0319532697031704), np.float64(0.47004090944603316), np.float64(0.8509629433967631), np.float64(-1.1837123327881494), np.float64(-0.2419971415428967), np.float64(-0.22955675999469385), np.float64(-0.7375606917305063), np.float64(0.21263970680890804), np.float64(0.24842535973397747), np.float64(0.44437754049389666)]"
S1234,13.5,54.5,100.0,6.5,5.6,2.11,1,Bachelor,2.13,29.9,Fail,F,High Risk,1,0,3,0,6.9,3.2,2.55,7.36,-0.6877954205506583,-1.8916401450931255,1.7219815165296641,-0.3783991893184451,1.0532688738371376,-0.9222280173600838,0.8509629433967631,-0.07743912457492572,0.13854985973969391,-0.12152719337282548,2.6804630369113633,-1.064300499937243,-0.1478663407389669,-1.5544136437672296,"[np.float64(-0.6877954205506583), np.float64(-1.8916401450931255), np.float64(1.7219815165296641), np.float64(-0.3783991893184451), np.float64(1.0532688738371376), np.float64(-0.9222280173600838), np.float64(0.8509629433967631), np.float64(-0.07743912457492572), np.float64(0.13854985973969391), np.float64(-0.12152719337282548), np.float64(2.6804630369113633), np.float64(-1.064300499937243), np.float64(-0.1478663407389669), np.float64(-1.5544136437672296)]"
S1235,41.4,95.4,48.9,8.2,9.15,3.92,1,Bachelor,2.96,51.5,Pass,D,Medium Risk,1,1,2,2,1.15,1.36,0.42,39.5,2.2278982690410527,1.1666829705567632,-0.925499137167339,0.7911983049385668,2.424109357090489,1.5483668429527315,0.8509629433967631,-0.07743912457492572,-0.41401207394083533,-0.3448692187483735,-0.20858082896450264,2.9241210981989374,1.9078968554644304,0.3309090453175011,"[np.float64(2.2278982690410527), np.float64(1.1666829705567632), np.float64(-0.925499137167339), np.float64(0.7911983049385668), np.float64(2.424109357090489), np.float64(1.5483668429527315), np.float64(0.8509629433967631), np.float64(-0.07743912457492572), np.float64(-0.41401207394083533), np.float64(-0.3448692187483735), np.float64(-0.20858082896450264), np.float64(2.9241210981989374), np.float64(1.9078968554644304), np.float64(0.3309090453175011)]"
S1236,26.3,87.1,97.8,4.6,4.7,3.36,1,High School,2.59,40.2,Fail,F,Medium Risk,0,0,3,2,3.58,1.19,0.61,22.91,0.6498705015559333,0.5460452722708437,1.6079999619673664,-1.685596388782165,0.7057318499137532,0.7839839027454516,0.8509629433967631,-1.1837123327881494,-0.18049459588106387,-0.36550407978850574,0.04912730930611454,0.8653807648735102,0.9914722981207471,-0.6553940281388624,"[np.float64(0.6498705015559333), np.float64(0.5460452722708437), np.float64(1.6079999619673664), np.float64(-1.685596388782165), np.float64(0.7057318499137532), np.float64(0.7839839027454516), np.float64(0.8509629433967631), np.float64(-1.1837123327881494), np.float64(-0.18049459588106387), np.float64(-0.36550407978850574), np.float64(0.04912730930611454), np.float64(0.8653807648735102), np.float64(0.9914722981207471), np.float64(-0.6553940281388624)]"
S1237,0.0,83.8,98.6,5.4,5.8,2.45,1,PhD,2.53,53.0,Pass,D,Medium Risk,3,1,2,2,98.6,54.0,0.94,0.0,-2.0986149477724543,0.2992857054824666,1.64944779999002,-1.1351975679553352,1.13049932359789,-0.4581383750913777,0.8509629433967631,2.1351072918515213,8.950711480349177,6.044654811560784,0.4967256547235022,-1.977641600194937,0.8428629104433929,0.4618342320594963,"[np.float64(-2.0986149477724543), np.float64(0.2992857054824666), np.float64(1.64944779999002), np.float64(-1.1351975679553352), np.float64(1.13049932359789), np.float64(-0.4581383750913777), np.float64(0.8509629433967631), np.float64(2.1351072918515213), np.float64(8.950711480349177), np.float64(6.044654811560784), np.float64(0.4967256547235022), np.float64(-1.977641600194937), np.float64(0.8428629104433929), np.float64(0.4618342320594963)]"
S1238,21.9,94.7,53.9,5.4,0.8,2.42,1,Master,2.29,40.5,Fail,F,Medium Risk,2,0,3,2,2.35,1.67,0.04,20.74,0.1900478408317922,1.114340032147107,-0.6664501495257535,-1.1351975679553352,-0.8002619204209138,-0.49908746117391095,0.8509629433967631,1.0288340836382979,-0.2986948008248988,-0.3072409427340149,-0.7239971055057369,0.5960940546073149,0.24842535973397747,-0.6292089907904636,"[np.float64(0.1900478408317922), np.float64(1.114340032147107), np.float64(-0.6664501495257535), np.float64(-1.1351975679553352), np.float64(-0.8002619204209138), np.float64(-0.49908746117391095), np.float64(0.8509629433967631), np.float64(1.0288340836382979), np.float64(-0.2986948008248988), np.float64(-0.3072409427340149), np.float64(-0.7239971055057369), np.float64(0.5960940546073149), np.float64(0.24842535973397747), np.float64(-0.6292089907904636)]"
S1239,13.4,100.0,76.4,8.4,9.15,3.04,0,High School,2.23,57.5,Pass,D,Medium Risk,0,1,2,2,5.31,4.17,0.0,13.4,-0.6982459355671161,1.5106508515345007,0.49927029486138125,0.928798010145275,2.424109357090489,0.34719365119843476,-1.1751393027860062,-1.1837123327881494,-0.014245527138922062,-0.0037871039085420237,-0.7782514504048142,-0.31476514048663523,0.09981597205662333,0.8546097922854818,"[np.float64(-0.6982459355671161), np.float64(1.5106508515345007), np.float64(0.49927029486138125), np.float64(0.928798010145275), np.float64(2.424109357090489), np.float64(0.34719365119843476), np.float64(-1.1751393027860062), np.float64(-1.1837123327881494), np.float64(-0.014245527138922062), np.float64(-0.0037871039085420237), np.float64(-0.7782514504048142), np.float64(-0.31476514048663523), np.float64(0.09981597205662333), np.float64(0.8546097922854818)]"
S1240,28.5,95.2,97.6,9.6,0.7,3.17,1,High School,2.45,75.2,Pass,B,Low Risk,0,1,0,1,3.31,2.3,0.03,27.13,0.8797818319180036,1.1517278452968611,1.597638002461703,1.7543962413855185,-0.8388771453012902,0.5246396908894103,0.8509629433967631,-1.1837123327881494,-0.20644098233214958,-0.2307705753499958,-0.7375606917305063,1.389062754423438,0.6447170602069219,2.3995269958410255,"[np.float64(0.8797818319180036), np.float64(1.1517278452968611), np.float64(1.597638002461703), np.float64(1.7543962413855185), np.float64(-0.8388771453012902), np.float64(0.5246396908894103), np.float64(0.8509629433967631), np.float64(-1.1837123327881494), np.float64(-0.20644098233214958), np.float64(-0.2307705753499958), np.float64(-0.7375606917305063), np.float64(1.389062754423438), np.float64(0.6447170602069219), np.float64(2.3995269958410255)]"
S1241,12.1,52.4,57.4,6.8,9.1,2.96,1,High School,1.55,24.3,Fail,F,High Risk,0,0,3,0,4.38,3.72,4.33,6.34,-0.8341026307810668,-2.0486689603220927,-0.48511585817664377,-0.17199963150838418,2.4048017446503,0.23799608831168043,0.8509629433967631,-1.1837123327881494,-0.10361641380377286,-0.058408794897127116,5.094781384920303,-1.1908776632881735,-1.5844237549533886,-2.0432010076040115,"[np.float64(-0.8341026307810668), np.float64(-2.0486689603220927), np.float64(-0.48511585817664377), np.float64(-0.17199963150838418), np.float64(2.4048017446503), np.float64(0.23799608831168043), np.float64(0.8509629433967631), np.float64(-1.1837123327881494), np.float64(-0.10361641380377286), np.float64(-0.058408794897127116), np.float64(5.094781384920303), np.float64(-1.1908776632881735), np.float64(-1.5844237549533886), np.float64(-2.0432010076040115)]"
S1242,18.9,60.8,60.9,6.7,9.15,3.05,1,High School,1.7,24.9,Fail,F,High Risk,0,0,3,0,3.06,2.39,3.59,11.49,-0.12346760966194022,-1.4205536994062236,-0.303781566827534,-0.2407994841117376,2.424109357090489,0.36084334655927874,0.8509629433967631,-1.1837123327881494,-0.23046541423130304,-0.21984623715227872,4.091076004287373,-0.5517870836241618,-1.2129002857600037,-1.9908309329072136,"[np.float64(-0.12346760966194022), np.float64(-1.4205536994062236), np.float64(-0.303781566827534), np.float64(-0.2407994841117376), np.float64(2.424109357090489), np.float64(0.36084334655927874), np.float64(0.8509629433967631), np.float64(-1.1837123327881494), np.float64(-0.23046541423130304), np.float64(-0.21984623715227872), np.float64(4.091076004287373), np.float64(-0.5517870836241618), np.float64(-1.2129002857600037), np.float64(-1.9908309329072136)]"
S1243,25.0,70.6,53.4,7.1,3.7,4.0,1,High School,2.51,48.3,Fail,F,Medium Risk,0,0,3,2,2.05,1.93,1.09,17.65,0.5140138063419825,-0.6877525616710427,-0.6923550482899121,0.034399926301676716,0.3195796011099924,1.6575644058394858,0.8509629433967631,-1.1837123327881494,-0.32752411910388296,-0.27568174349616575,0.7001794480950423,0.21263970680890804,0.7933264478842749,0.051601980267911136,"[np.float64(0.5140138063419825), np.float64(-0.6877525616710427), np.float64(-0.6923550482899121), np.float64(0.034399926301676716), np.float64(0.3195796011099924), np.float64(1.6575644058394858), np.float64(0.8509629433967631), np.float64(-1.1837123327881494), np.float64(-0.32752411910388296), np.float64(-0.27568174349616575), np.float64(0.7001794480950423), np.float64(0.21263970680890804), np.float64(0.7933264478842749), np.float64(0.051601980267911136)]"
S1244,28.7,80.4,44.7,8.7,9.15,3.66,0,Bachelor,2.37,36.6,Fail,F,High Risk,1,0,3,0,1.51,2.07,1.79,23.07,0.900682861950919,0.0450485760641391,-1.1431002867862705,1.1351975679553352,2.424109357090489,1.1934747635707805,-1.1751393027860062,-0.07743912457492572,-0.37941689200605444,-0.2586883285219393,1.6496304838288949,0.8852360061834601,0.44657120997044963,-0.9696144763196509,"[np.float64(0.900682861950919), np.float64(0.0450485760641391), np.float64(-1.1431002867862705), np.float64(1.1351975679553352), np.float64(2.424109357090489), np.float64(1.1934747635707805), np.float64(-1.1751393027860062), np.float64(-0.07743912457492572), np.float64(-0.37941689200605444), np.float64(-0.2586883285219393), np.float64(1.6496304838288949), np.float64(0.8852360061834601), np.float64(0.44657120997044963), np.float64(-0.9696144763196509)]"
S1245,8.0,87.8,52.0,5.6,2.5,2.95,1,High School,1.55,39.0,Fail,F,High Risk,0,0,3,0,5.78,4.51,0.31,7.02,-1.2625737464558344,0.5983882106804996,-0.7648887648295559,-0.9975978627486284,-0.14380309745452063,0.22434639295083642,0.8509629433967631,-1.1837123327881494,0.030920404831486475,0.03748261817172228,-0.3577802774369652,-1.1064928877208864,-1.5844237549533886,-0.7601341775324587,"[np.float64(-1.2625737464558344), np.float64(0.5983882106804996), np.float64(-0.7648887648295559), np.float64(-0.9975978627486284), np.float64(-0.14380309745452063), np.float64(0.22434639295083642), np.float64(0.8509629433967631), np.float64(-1.1837123327881494), np.float64(0.030920404831486475), np.float64(0.03748261817172228), np.float64(-0.3577802774369652), np.float64(-1.1064928877208864), np.float64(-1.5844237549533886), np.float64(-0.7601341775324587)]"
S1246,16.7,69.1,40.5,7.4,0.9,3.55,0,Bachelor,1.99,35.4,Fail,F,High Risk,1,0,3,0,2.29,2.98,0.28,11.54,-0.35337894002401055,-0.7999160011203051,-1.3607014364052024,0.2407994841117382,-0.7616466955405379,1.043328114601493,-1.1751393027860062,-0.07743912457492572,-0.30446066448069564,-0.14823113118946712,-0.39847103611127316,-0.5455823207148026,-0.49462157865279266,-1.0743546257132472,"[np.float64(-0.35337894002401055), np.float64(-0.7999160011203051), np.float64(-1.3607014364052024), np.float64(0.2407994841117382), np.float64(-0.7616466955405379), np.float64(1.043328114601493), np.float64(-1.1751393027860062), np.float64(-0.07743912457492572), np.float64(-0.30446066448069564), np.float64(-0.14823113118946712), np.float64(-0.39847103611127316), np.float64(-0.5455823207148026), np.float64(-0.49462157865279266), np.float64(-1.0743546257132472)]"
S1247,15.3,82.8,65.7,8.5,1.7,1.97,1,PhD,2.32,33.6,Fail,F,High Risk,3,0,3,0,4.03,3.72,0.29,12.67,-0.49968615025441887,0.2245100791829583,-0.05509453869161173,0.9975978627486284,-0.4527248964975293,-1.1133237524119037,0.8509629433967631,2.1351072918515213,-0.13725061846258765,-0.058408794897127116,-0.3849074498865039,-0.40535467896328153,0.322730053572654,-1.2314648498036413,"[np.float64(-0.49968615025441887), np.float64(0.2245100791829583), np.float64(-0.05509453869161173), np.float64(0.9975978627486284), np.float64(-0.4527248964975293), np.float64(-1.1133237524119037), np.float64(0.8509629433967631), np.float64(2.1351072918515213), np.float64(-0.13725061846258765), np.float64(-0.058408794897127116), np.float64(-0.3849074498865039), np.float64(-0.40535467896328153), np.float64(0.322730053572654), np.float64(-1.2314648498036413)]"
S1248,13.5,68.7,49.6,7.8,2.7,3.12,1,Bachelor,2.35,20.9,Fail,F,High Risk,1,0,3,0,3.42,3.85,0.85,9.27,-0.6877954205506583,-0.8298262516401078,-0.8892322788975169,0.5159988945251526,-0.0665726476937684,0.4563912140851891,0.8509629433967631,-0.07743912457492572,-0.1958702322965221,-0.04262919527820254,0.37465337870057835,-0.8272785567997164,0.3970347474113316,-2.339964764219201,"[np.float64(-0.6877954205506583), np.float64(-0.8298262516401078), np.float64(-0.8892322788975169), np.float64(0.5159988945251526), np.float64(-0.0665726476937684), np.float64(0.4563912140851891), np.float64(0.8509629433967631), np.float64(-0.07743912457492572), np.float64(-0.1958702322965221), np.float64(-0.04262919527820254), np.float64(0.37465337870057835), np.float64(-0.8272785567997164), np.float64(0.3970347474113316), np.float64(-2.339964764219201)]"
S1249,37.7,70.8,69.7,7.3,0.2,4.0,1,PhD,2.93,61.3,Pass,D,Low Risk,3,1,2,1,1.8,1.33,0.06,26.69,1.8412292134321167,-0.6727974364111409,0.15214465142165662,0.17199963150838418,-1.0319532697031704,1.6575644058394858,0.8509629433967631,2.1351072918515213,-0.3515485510030364,-0.3485106648142792,-0.6968699330561983,1.334460840821076,1.8335921616257538,1.1862869320318694,"[np.float64(1.8412292134321167), np.float64(-0.6727974364111409), np.float64(0.15214465142165662), np.float64(0.17199963150838418), np.float64(-1.0319532697031704), np.float64(1.6575644058394858), np.float64(0.8509629433967631), np.float64(2.1351072918515213), np.float64(-0.3515485510030364), np.float64(-0.3485106648142792), np.float64(-0.6968699330561983), np.float64(1.334460840821076), np.float64(1.8335921616257538), np.float64(1.1862869320318694)]"
S1250,24.0,58.9,33.9,8.5,2.9,2.63,0,High School,2.08,34.9,Fail,F,High Risk,0,0,3,0,1.36,2.41,1.19,14.14,0.409508656177405,-1.562627389375289,-1.7026461000920954,0.9975978627486284,0.010657802066983652,-0.21244385859618103,-1.1751393027860062,-1.1837123327881494,-0.3938315511455464,-0.21741860644167493,0.8358153103427354,-0.22293464942811703,-0.27170749713676146,-1.1179963546272458,"[np.float64(0.409508656177405), np.float64(-1.562627389375289), np.float64(-1.7026461000920954), np.float64(0.9975978627486284), np.float64(0.010657802066983652), np.float64(-0.21244385859618103), np.float64(-1.1751393027860062), np.float64(-1.1837123327881494), np.float64(-0.3938315511455464), np.float64(-0.21741860644167493), np.float64(0.8358153103427354), np.float64(-0.22293464942811703), np.float64(-0.27170749713676146), np.float64(-1.1179963546272458)]"
S1251,7.4,66.2,71.6,3.2124999999999986,9.15,2.12,1,Bachelor,1.55,25.6,Fail,F,High Risk,1,0,3,0,8.52,2.78,3.09,4.9,-1.3252768365545808,-1.0167653173888784,0.25058326672545866,-2.640194343653698,2.424109357090489,-0.9085783219992392,0.8509629433967631,-0.07743912457492572,0.2942281784462082,-0.17250743829550497,3.4128966930489066,-1.3695748350777222,-1.5844237549533886,-1.9297325124276157,"[np.float64(-1.3252768365545808), np.float64(-1.0167653173888784), np.float64(0.25058326672545866), np.float64(-2.640194343653698), np.float64(2.424109357090489), np.float64(-0.9085783219992392), np.float64(0.8509629433967631), np.float64(-0.07743912457492572), np.float64(0.2942281784462082), np.float64(-0.17250743829550497), np.float64(3.4128966930489066), np.float64(-1.3695748350777222), np.float64(-1.5844237549533886), np.float64(-1.9297325124276157)]"
S1252,29.2,59.7,81.7,8.0,0.6,2.28,0,Bachelor,2.44,61.2,Pass,D,Low Risk,1,1,2,1,2.71,1.87,0.24,17.43,0.9529354370332077,-1.5028068883356822,0.7738622217614617,0.65359859973186,-0.8774923701816661,-0.6901831962257311,-1.1751393027860062,-0.07743912457492572,-0.26409961889011785,-0.2829646356279771,-0.4527253810103505,0.1853387500077271,0.6199488289273622,1.1775585862490703,"[np.float64(0.9529354370332077), np.float64(-1.5028068883356822), np.float64(0.7738622217614617), np.float64(0.65359859973186), np.float64(-0.8774923701816661), np.float64(-0.6901831962257311), np.float64(-1.1751393027860062), np.float64(-0.07743912457492572), np.float64(-0.26409961889011785), np.float64(-0.2829646356279771), np.float64(-0.4527253810103505), np.float64(0.1853387500077271), np.float64(0.6199488289273622), np.float64(1.1775585862490703)]"
S1253,41.2,65.4,25.1,6.0,4.7,1.93,0,High School,2.38,54.6,Pass,D,Medium Risk,0,1,2,2,0.59,1.0,1.63,26.94,2.2069972390081376,-1.0765858184284849,-2.1585723183412857,-0.7223984523352134,0.7057318499137532,-1.1679225338552808,-1.1751393027860062,-1.1837123327881494,-0.4678268013949391,-0.3885665715392417,1.4326131042325856,1.3654846553678728,0.47133944125000815,0.6014877645842913,"[np.float64(2.2069972390081376), np.float64(-1.0765858184284849), np.float64(-2.1585723183412857), np.float64(-0.7223984523352134), np.float64(0.7057318499137532), np.float64(-1.1679225338552808), np.float64(-1.1751393027860062), np.float64(-1.1837123327881494), np.float64(-0.4678268013949391), np.float64(-0.3885665715392417), np.float64(1.4326131042325856), np.float64(1.3654846553678728), np.float64(0.47133944125000815), np.float64(0.6014877645842913)]"
S1254,30.3,95.8,72.5,4.3,7.2,2.17,0,High School,2.01,51.6,Pass,D,Medium Risk,0,1,2,2,2.32,0.97,0.3,29.03,1.067891102214243,1.1965932210765657,0.29721208450094433,-1.891995946592226,1.6711124719231554,-0.840329845195018,-1.1751393027860062,-1.1837123327881494,-0.30157773265279725,-0.3922080176051474,-0.37134386366173455,1.624843744979093,-0.4450851160936752,0.3396373911003009,"[np.float64(1.067891102214243), np.float64(1.1965932210765657), np.float64(0.29721208450094433), np.float64(-1.891995946592226), np.float64(1.6711124719231554), np.float64(-0.840329845195018), np.float64(-1.1751393027860062), np.float64(-1.1837123327881494), np.float64(-0.30157773265279725), np.float64(-0.3922080176051474), np.float64(-0.37134386366173455), np.float64(1.624843744979093), np.float64(-0.4450851160936752), np.float64(0.3396373911003009)]"
S1255,4.8,65.8,89.6,7.8,8.6,2.5,0,Bachelor,1.76,36.4,Fail,F,High Risk,1,0,3,0,15.45,9.93,2.94,3.16,-1.5969902269824823,-1.046675567908682,1.1831596222351661,0.5159988945251526,2.2117256202484197,-0.3898898982871566,-1.1751393027860062,-0.07743912457492572,0.9601854306907417,0.6953705407453475,3.2094428996773674,-1.585500584323427,-1.0642908980826498,-0.9870711678852505,"[np.float64(-1.5969902269824823), np.float64(-1.046675567908682), np.float64(1.1831596222351661), np.float64(0.5159988945251526), np.float64(2.2117256202484197), np.float64(-0.3898898982871566), np.float64(-1.1751393027860062), np.float64(-0.07743912457492572), np.float64(0.9601854306907417), np.float64(0.6953705407453475), np.float64(3.2094428996773674), np.float64(-1.585500584323427), np.float64(-1.0642908980826498), np.float64(-0.9870711678852505)]"
S1256,15.2,100.0,40.8,9.1,9.15,1.68,1,Bachelor,1.74,44.2,Fail,F,Medium Risk,1,0,3,2,2.52,4.01,0.0,15.2,-0.5101366652708768,1.5106508515345007,-1.3451584971467074,1.4103969783687502,2.424109357090489,-1.509164917876388,0.8509629433967631,-0.07743912457492572,-0.2823581871334745,-0.023208149593372307,-0.7782514504048142,-0.09139367574969928,-1.1138273606417677,-0.3062601968268752,"[np.float64(-0.5101366652708768), np.float64(1.5106508515345007), np.float64(-1.3451584971467074), np.float64(1.4103969783687502), np.float64(2.424109357090489), np.float64(-1.509164917876388), np.float64(0.8509629433967631), np.float64(-0.07743912457492572), np.float64(-0.2823581871334745), np.float64(-0.023208149593372307), np.float64(-0.7782514504048142), np.float64(-0.09139367574969928), np.float64(-1.1138273606417677), np.float64(-0.3062601968268752)]"
S1257,32.7,87.4,98.5,6.8,2.2,2.81,1,Bachelor,2.91,54.5,Pass,D,Medium Risk,1,1,2,2,2.92,1.43,0.28,28.58,1.3187034626092293,0.568477960160697,1.6442668202371886,-0.17199963150838418,-0.2596487720956488,0.03325065789901629,0.8509629433967631,-0.07743912457492572,-0.24391909609482898,-0.3363725112612604,-0.39847103611127316,1.5690008787948586,1.7840556990666359,0.5927594188014915,"[np.float64(1.3187034626092293), np.float64(0.568477960160697), np.float64(1.6442668202371886), np.float64(-0.17199963150838418), np.float64(-0.2596487720956488), np.float64(0.03325065789901629), np.float64(0.8509629433967631), np.float64(-0.07743912457492572), np.float64(-0.24391909609482898), np.float64(-0.3363725112612604), np.float64(-0.39847103611127316), np.float64(1.5690008787948586), np.float64(1.7840556990666359), np.float64(0.5927594188014915)]"
S1258,12.9,82.8,73.4,8.4,9.15,3.52,0,Bachelor,2.52,43.6,Fail,F,Medium Risk,1,0,3,2,5.28,4.32,1.57,10.68,-0.7504985106494049,0.2245100791829583,0.34384090227643,0.928798010145275,2.424109357090489,1.0023790285189604,-1.1751393027860062,-0.07743912457492572,-0.017128458966820415,0.014420126420986393,1.35123158688397,-0.6523042427557831,0.8180946791638345,-0.3586302715236734,"[np.float64(-0.7504985106494049), np.float64(0.2245100791829583), np.float64(0.34384090227643), np.float64(0.928798010145275), np.float64(2.424109357090489), np.float64(1.0023790285189604), np.float64(-1.1751393027860062), np.float64(-0.07743912457492572), np.float64(-0.017128458966820415), np.float64(0.014420126420986393), np.float64(1.35123158688397), np.float64(-0.6523042427557831), np.float64(0.8180946791638345), np.float64(-0.3586302715236734)]"
S1259,24.4,67.1,50.9,9.4,4.2,2.07,1,Bachelor,1.85,49.8,Fail,F,Medium Risk,1,0,3,2,2.0,2.62,1.38,16.37,0.4513107162432358,-0.9494672537193217,-0.8218795421107048,1.6167965361788117,0.5126557255118728,-0.976826798803461,0.8509629433967631,-0.07743912457492572,-0.33232900548371364,-0.1919284839803352,1.0935234486133525,0.053797776329309356,-0.8413768165666184,0.18252716700990632,"[np.float64(0.4513107162432358), np.float64(-0.9494672537193217), np.float64(-0.8218795421107048), np.float64(1.6167965361788117), np.float64(0.5126557255118728), np.float64(-0.976826798803461), np.float64(0.8509629433967631), np.float64(-0.07743912457492572), np.float64(-0.33232900548371364), np.float64(-0.1919284839803352), np.float64(1.0935234486133525), np.float64(0.053797776329309356), np.float64(-0.8413768165666184), np.float64(0.18252716700990632)]"
S1260,27.7,90.5,63.9,9.0,0.5,4.0,0,High School,1.95,62.8,Pass,D,Low Risk,0,1,2,1,2.23,2.22,0.05,25.07,0.7961777117863416,0.8002824016891722,-0.1483521742425827,1.3415971257653967,-0.9161075950620422,1.6575644058394858,-1.1751393027860062,-1.1837123327881494,-0.3102265281364925,-0.24048109819241087,-0.7104335192809677,1.1334265225578335,-0.5936945037710287,1.3172121187738646,"[np.float64(0.7961777117863416), np.float64(0.8002824016891722), np.float64(-0.1483521742425827), np.float64(1.3415971257653967), np.float64(-0.9161075950620422), np.float64(1.6575644058394858), np.float64(-1.1751393027860062), np.float64(-1.1837123327881494), np.float64(-0.3102265281364925), np.float64(-0.24048109819241087), np.float64(-0.7104335192809677), np.float64(1.1334265225578335), np.float64(-0.5936945037710287), np.float64(1.3172121187738646)]"
S1261,10.7,71.4,76.2,9.5,1.9,3.21,1,Bachelor,2.03,30.7,Fail,F,High Risk,1,0,3,0,6.51,5.83,0.54,7.64,-0.9804098410114753,-0.6279320606314353,0.4889083353557177,1.685596388782165,-0.3754944467367771,0.5792384723327875,0.8509629433967631,-0.07743912457492572,0.10107174597701449,0.197706245071572,-0.04581779426727067,-1.0295538276448306,-0.39554865353455715,-1.484586877504832,"[np.float64(-0.9804098410114753), np.float64(-0.6279320606314353), np.float64(0.4889083353557177), np.float64(1.685596388782165), np.float64(-0.3754944467367771), np.float64(0.5792384723327875), np.float64(0.8509629433967631), np.float64(-0.07743912457492572), np.float64(0.10107174597701449), np.float64(0.197706245071572), np.float64(-0.04581779426727067), np.float64(-1.0295538276448306), np.float64(-0.39554865353455715), np.float64(-1.484586877504832)]"
S1262,19.4,81.8,66.5,8.1,3.8,3.62,1,High School,2.59,42.4,Fail,F,Medium Risk,0,0,3,2,3.26,2.82,0.69,15.87,-0.07121503457965149,0.14973445288345003,-0.013646700668958208,0.7223984523352134,0.35819482599036834,1.1388759821274033,0.8509629433967631,-1.1837123327881494,-0.2112458687119803,-0.1676521768742974,0.1576359991042691,-0.00824985276428421,0.9914722981207471,-0.4633704209172698,"[np.float64(-0.07121503457965149), np.float64(0.14973445288345003), np.float64(-0.013646700668958208), np.float64(0.7223984523352134), np.float64(0.35819482599036834), np.float64(1.1388759821274033), np.float64(0.8509629433967631), np.float64(-1.1837123327881494), np.float64(-0.2112458687119803), np.float64(-0.1676521768742974), np.float64(0.1576359991042691), np.float64(-0.00824985276428421), np.float64(0.9914722981207471), np.float64(-0.4633704209172698)]"
S1263,0.0,100.0,75.8,7.1,0.9,2.27,1,High School,2.22,37.2,Fail,F,High Risk,0,0,3,0,75.8,71.0,0.0,0.0,-2.0986149477724543,1.5106508515345007,0.46818441634439056,0.034399926301676716,-0.7616466955405379,-0.703832891586575,0.8509629433967631,-1.1837123327881494,6.7596832911463824,8.108140915574,-0.7782514504048142,-1.977641600194937,0.07504774077706486,-0.9172444016228527,"[np.float64(-2.0986149477724543), np.float64(1.5106508515345007), np.float64(0.46818441634439056), np.float64(0.034399926301676716), np.float64(-0.7616466955405379), np.float64(-0.703832891586575), np.float64(0.8509629433967631), np.float64(-1.1837123327881494), np.float64(6.7596832911463824), np.float64(8.108140915574), np.float64(-0.7782514504048142), np.float64(-1.977641600194937), np.float64(0.07504774077706486), np.float64(-0.9172444016228527)]"
S1264,9.8,78.6,46.6,4.6,3.1,3.48,1,PhD,1.94,35.7,Fail,F,High Risk,3,0,3,0,4.31,3.07,0.66,7.7,-1.074464476159595,-0.08954755127497663,-1.0446616714824681,-1.685596388782165,0.08788825182773588,0.9477802470755832,0.8509629433967631,2.1351072918515213,-0.11034325473553584,-0.1373067929917501,0.11694524042996123,-1.0221081121535995,-0.6184627350505878,-1.0481695883648479,"[np.float64(-1.074464476159595), np.float64(-0.08954755127497663), np.float64(-1.0446616714824681), np.float64(-1.685596388782165), np.float64(0.08788825182773588), np.float64(0.9477802470755832), np.float64(0.8509629433967631), np.float64(2.1351072918515213), np.float64(-0.11034325473553584), np.float64(-0.1373067929917501), np.float64(0.11694524042996123), np.float64(-1.0221081121535995), np.float64(-0.6184627350505878), np.float64(-1.0481695883648479)]"
S1265,17.5,97.2,68.4,6.6,3.3,1.93,1,Bachelor,2.15,53.9,Pass,D,Medium Risk,1,1,2,2,3.7,2.54,0.09,17.01,-0.2697748198923485,1.3012790978958777,0.08479191463484455,-0.30959933671509166,0.16511870158848793,-1.1679225338552808,0.8509629433967631,-0.07743912457492572,-0.1689628685694702,-0.20163900682275035,-0.6561791743818904,0.13321874156910893,-0.09832987817984885,0.5403893441046933,"[np.float64(-0.2697748198923485), np.float64(1.3012790978958777), np.float64(0.08479191463484455), np.float64(-0.30959933671509166), np.float64(0.16511870158848793), np.float64(-1.1679225338552808), np.float64(0.8509629433967631), np.float64(-0.07743912457492572), np.float64(-0.1689628685694702), np.float64(-0.20163900682275035), np.float64(-0.6561791743818904), np.float64(0.13321874156910893), np.float64(-0.09832987817984885), np.float64(0.5403893441046933)]"
S1266,7.5,69.5,36.7,5.7,0.5,3.51,0,Master,1.29,43.8,Fail,F,Medium Risk,2,0,3,2,4.32,4.87,0.15,5.21,-1.314826321538123,-0.7700057506005015,-1.5575786670128073,-0.9287980101452743,-0.9161075950620422,0.9887293331581157,-1.1751393027860062,1.0288340836382979,-0.10938227745956965,0.08117997096259041,-0.5747976570332743,-1.3311053050396942,-2.2283977682219227,-0.3411735799580744,"[np.float64(-1.314826321538123), np.float64(-0.7700057506005015), np.float64(-1.5575786670128073), np.float64(-0.9287980101452743), np.float64(-0.9161075950620422), np.float64(0.9887293331581157), np.float64(-1.1751393027860062), np.float64(1.0288340836382979), np.float64(-0.10938227745956965), np.float64(0.08117997096259041), np.float64(-0.5747976570332743), np.float64(-1.3311053050396942), np.float64(-2.2283977682219227), np.float64(-0.3411735799580744)]"
S1267,36.3,79.5,62.8,10.3,2.5,2.94,1,Bachelor,2.78,55.7,Pass,D,Medium Risk,1,1,2,2,1.68,1.95,0.51,28.86,1.6949220032017076,-0.022249487605418766,-0.20534295152373158,2.235995209608995,-0.14380309745452063,0.21069669758999182,0.8509629433967631,-0.07743912457492572,-0.3630802783146301,-0.27325411278556194,-0.08650855294157868,1.603747551087271,1.462068692432368,0.6974995681950878,"[np.float64(1.6949220032017076), np.float64(-0.022249487605418766), np.float64(-0.20534295152373158), np.float64(2.235995209608995), np.float64(-0.14380309745452063), np.float64(0.21069669758999182), np.float64(0.8509629433967631), np.float64(-0.07743912457492572), np.float64(-0.3630802783146301), np.float64(-0.27325411278556194), np.float64(-0.08650855294157868), np.float64(1.603747551087271), np.float64(1.462068692432368), np.float64(0.6974995681950878)]"
S1268,5.7,100.0,46.9,6.7,4.4,3.24,0,Bachelor,1.73,33.7,Fail,F,High Risk,1,0,3,0,7.0,7.33,0.0,5.7,-1.5029355918343628,1.5106508515345007,-1.0291187322239732,-0.2407994841117376,0.589886175272625,0.6201875584153207,-1.1751393027860062,-0.07743912457492572,0.14815963249935526,0.37977854836685576,-0.7782514504048142,-1.270298628527973,-1.1385955919213266,-1.2227365040208416,"[np.float64(-1.5029355918343628), np.float64(1.5106508515345007), np.float64(-1.0291187322239732), np.float64(-0.2407994841117376), np.float64(0.589886175272625), np.float64(0.6201875584153207), np.float64(-1.1751393027860062), np.float64(-0.07743912457492572), np.float64(0.14815963249935526), np.float64(0.37977854836685576), np.float64(-0.7782514504048142), np.float64(-1.270298628527973), np.float64(-1.1385955919213266), np.float64(-1.2227365040208416)]"
S1269,15.6,70.6,50.3,7.2,2.1,1.86,1,High School,2.47,49.6,Fail,F,Medium Risk,0,0,3,2,3.03,3.09,0.62,11.01,-0.4683346052050457,-0.6877525616710427,-0.8529654206276952,0.10319977890503075,-0.2982639969760249,-1.2634704013811906,0.8509629433967631,-1.1837123327881494,-0.23334834605920146,-0.13487916228114633,0.06269089553088388,-0.6113528075540114,0.6942535227660399,0.16507047544430734,"[np.float64(-0.4683346052050457), np.float64(-0.6877525616710427), np.float64(-0.8529654206276952), np.float64(0.10319977890503075), np.float64(-0.2982639969760249), np.float64(-1.2634704013811906), np.float64(0.8509629433967631), np.float64(-1.1837123327881494), np.float64(-0.23334834605920146), np.float64(-0.13487916228114633), np.float64(0.06269089553088388), np.float64(-0.6113528075540114), np.float64(0.6942535227660399), np.float64(0.16507047544430734)]"
S1270,21.3,100.0,89.7,7.8,0.0,2.08,1,High School,2.78,63.7,Pass,D,Low Risk,0,1,2,1,4.02,2.48,0.0,21.3,0.1273447507330459,1.5106508515345007,1.1883406019879983,0.5159988945251526,-1.1091837194639227,-0.9631771034426164,0.8509629433967631,-1.1837123327881494,-0.13821159573855385,-0.2089218989545617,-0.7782514504048142,0.6655873991921397,1.462068692432368,1.3957672308190623,"[np.float64(0.1273447507330459), np.float64(1.5106508515345007), np.float64(1.1883406019879983), np.float64(0.5159988945251526), np.float64(-1.1091837194639227), np.float64(-0.9631771034426164), np.float64(0.8509629433967631), np.float64(-1.1837123327881494), np.float64(-0.13821159573855385), np.float64(-0.2089218989545617), np.float64(-0.7782514504048142), np.float64(0.6655873991921397), np.float64(1.462068692432368), np.float64(1.3957672308190623)]"
S1271,34.4,90.6,86.8,7.1,0.0,3.28,1,High School,2.68,75.9,Pass,B,Low Risk,0,1,0,1,2.45,1.42,0.0,31.17,1.4963622178890106,0.8077599643191226,1.0380921891558785,0.034399926301676716,-1.1091837194639227,0.6747863398586973,0.8509629433967631,-1.1837123327881494,-0.28908502806523745,-0.33758632661656224,-0.7782514504048142,1.8904075974996726,1.2143863796367789,2.460625416320623,"[np.float64(1.4963622178890106), np.float64(0.8077599643191226), np.float64(1.0380921891558785), np.float64(0.034399926301676716), np.float64(-1.1091837194639227), np.float64(0.6747863398586973), np.float64(0.8509629433967631), np.float64(-1.1837123327881494), np.float64(-0.28908502806523745), np.float64(-0.33758632661656224), np.float64(-0.7782514504048142), np.float64(1.8904075974996726), np.float64(1.2143863796367789), np.float64(2.460625416320623)]"
S1272,5.6,71.6,77.2,9.5,1.3,2.04,0,Master,1.77,46.2,Fail,F,Medium Risk,2,0,3,2,11.7,10.56,0.37,4.01,-1.5133861068508203,-0.6129769353715345,0.5407181328840348,1.685596388782165,-0.6071857960190336,-1.0177758848859935,-1.1751393027860062,1.0288340836382979,0.59981895220344,0.7718409081293668,-0.27639876008834924,-1.4800196148643183,-1.0395226668030906,-0.13169328117088164,"[np.float64(-1.5133861068508203), np.float64(-0.6129769353715345), np.float64(0.5407181328840348), np.float64(1.685596388782165), np.float64(-0.6071857960190336), np.float64(-1.0177758848859935), np.float64(-1.1751393027860062), np.float64(1.0288340836382979), np.float64(0.59981895220344), np.float64(0.7718409081293668), np.float64(-0.27639876008834924), np.float64(-1.4800196148643183), np.float64(-1.0395226668030906), np.float64(-0.13169328117088164)]"
S1273,31.6,89.5,43.2,6.1,7.8,3.17,1,Bachelor,2.26,37.8,Fail,F,High Risk,1,0,3,0,1.33,1.32,0.82,28.28,1.2037477974281938,0.7255067753896639,-1.2208149830787463,-0.65359859973186,1.9028038212054117,0.5246396908894103,0.8509629433967631,-0.07743912457492572,-0.39671448297344486,-0.3497244801695811,0.3339626200262703,1.531772301338703,0.17412066589529984,-0.8648743269260551,"[np.float64(1.2037477974281938), np.float64(0.7255067753896639), np.float64(-1.2208149830787463), np.float64(-0.65359859973186), np.float64(1.9028038212054117), np.float64(0.5246396908894103), np.float64(0.8509629433967631), np.float64(-0.07743912457492572), np.float64(-0.39671448297344486), np.float64(-0.3497244801695811), np.float64(0.3339626200262703), np.float64(1.531772301338703), np.float64(0.17412066589529984), np.float64(-0.8648743269260551)]"
S1274,20.1,94.6,58.7,7.3,0.8,1.71,0,Bachelor,2.15,40.2,Fail,F,Medium Risk,1,0,3,2,2.78,2.46,0.04,19.01,0.001938570535553035,1.1068624695171556,-0.41776312138983135,0.17199963150838418,-0.8002619204209138,-1.468215831793855,-1.1751393027860062,-0.07743912457492572,-0.2573727779583549,-0.2113495296651655,-0.7239971055057369,0.3814092579434823,-0.09832987817984885,-0.6553940281388624,"[np.float64(0.001938570535553035), np.float64(1.1068624695171556), np.float64(-0.41776312138983135), np.float64(0.17199963150838418), np.float64(-0.8002619204209138), np.float64(-1.468215831793855), np.float64(-1.1751393027860062), np.float64(-0.07743912457492572), np.float64(-0.2573727779583549), np.float64(-0.2113495296651655), np.float64(-0.7239971055057369), np.float64(0.3814092579434823), np.float64(-0.09832987817984885), np.float64(-0.6553940281388624)]"
S1275,10.2,89.3,89.3,5.9,3.0,3.48,1,Bachelor,2.65,36.6,Fail,F,High Risk,1,0,3,0,7.97,3.79,0.32,9.11,-1.032662416093764,0.7105516501297621,1.1676166829766712,-0.7911983049385668,0.049273026947359765,0.9477802470755832,0.8509629433967631,-0.07743912457492572,0.24137442826807062,-0.04991208741001389,-0.3442166912121959,-0.8471337981096663,1.1400816857981013,-0.9696144763196509,"[np.float64(-1.032662416093764), np.float64(0.7105516501297621), np.float64(1.1676166829766712), np.float64(-0.7911983049385668), np.float64(0.049273026947359765), np.float64(0.9477802470755832), np.float64(0.8509629433967631), np.float64(-0.07743912457492572), np.float64(0.24137442826807062), np.float64(-0.04991208741001389), np.float64(-0.3442166912121959), np.float64(-0.8471337981096663), np.float64(1.1400816857981013), np.float64(-0.9696144763196509)]"
S1276,24.6,56.4,67.8,5.0,0.8,1.81,0,PhD,1.99,51.5,Pass,D,Medium Risk,3,1,2,2,2.65,1.38,0.35,13.87,0.47221174627615164,-1.7495664551240597,0.05370603611785386,-1.4103969783687502,-0.8002619204209138,-1.3317188781854121,-1.1751393027860062,2.1351072918515213,-0.2698654825459147,-0.3424415880377698,-0.30352593253788795,-0.2564403691386576,-0.49462157865279266,0.3309090453175011,"[np.float64(0.47221174627615164), np.float64(-1.7495664551240597), np.float64(0.05370603611785386), np.float64(-1.4103969783687502), np.float64(-0.8002619204209138), np.float64(-1.3317188781854121), np.float64(-1.1751393027860062), np.float64(2.1351072918515213), np.float64(-0.2698654825459147), np.float64(-0.3424415880377698), np.float64(-0.30352593253788795), np.float64(-0.2564403691386576), np.float64(-0.49462157865279266), np.float64(0.3309090453175011)]"
S1277,22.0,69.1,100.0,6.1,1.2,3.24,0,High School,2.22,65.4,Pass,C,Low Risk,0,1,1,1,4.35,1.88,0.37,15.2,0.20049835584825007,-0.7999160011203051,1.7219815165296641,-0.65359859973186,-0.6458010208994097,0.6201875584153207,-1.1751393027860062,-1.1837123327881494,-0.1064993456316713,-0.28175082027267523,-0.27639876008834924,-0.09139367574969928,0.07504774077706486,1.544149109126657,"[np.float64(0.20049835584825007), np.float64(-0.7999160011203051), np.float64(1.7219815165296641), np.float64(-0.65359859973186), np.float64(-0.6458010208994097), np.float64(0.6201875584153207), np.float64(-1.1751393027860062), np.float64(-1.1837123327881494), np.float64(-0.1064993456316713), np.float64(-0.28175082027267523), np.float64(-0.27639876008834924), np.float64(-0.09139367574969928), np.float64(0.07504774077706486), np.float64(1.544149109126657)]"
S1278,14.0,76.3,72.9,6.9,5.7,3.3,1,High School,2.68,58.4,Pass,D,Medium Risk,0,1,2,2,4.86,3.29,1.35,10.68,-0.6355428454683697,-0.26153149176384544,0.3179360035122714,-0.10319977890503014,1.091884098717514,0.7020857305803858,0.8509629433967631,-1.1837123327881494,-0.057489504557398194,-0.11060285517510847,1.0528326899390448,-0.6523042427557831,1.2143863796367789,0.9331649043306788,"[np.float64(-0.6355428454683697), np.float64(-0.26153149176384544), np.float64(0.3179360035122714), np.float64(-0.10319977890503014), np.float64(1.091884098717514), np.float64(0.7020857305803858), np.float64(0.8509629433967631), np.float64(-1.1837123327881494), np.float64(-0.057489504557398194), np.float64(-0.11060285517510847), np.float64(1.0528326899390448), np.float64(-0.6523042427557831), np.float64(1.2143863796367789), np.float64(0.9331649043306788)]"
S1279,20.7,78.9,68.8,6.4,3.9,2.24,1,Bachelor,2.15,54.5,Pass,D,Medium Risk,1,1,2,2,3.17,2.09,0.82,16.33,0.0646416606342993,-0.0671148633851233,0.10551583364617094,-0.4471990419217985,0.39681005087074445,-0.7447819776691077,0.8509629433967631,-0.07743912457492572,-0.21989466419567552,-0.2562606978113355,0.3339626200262703,0.048833966001821556,-0.09832987817984885,0.5927594188014915,"[np.float64(0.0646416606342993), np.float64(-0.0671148633851233), np.float64(0.10551583364617094), np.float64(-0.4471990419217985), np.float64(0.39681005087074445), np.float64(-0.7447819776691077), np.float64(0.8509629433967631), np.float64(-0.07743912457492572), np.float64(-0.21989466419567552), np.float64(-0.2562606978113355), np.float64(0.3339626200262703), np.float64(0.048833966001821556), np.float64(-0.09832987817984885), np.float64(0.5927594188014915)]"
S1280,16.1,89.3,58.8,6.0,0.3,3.27,0,Master,2.44,56.1,Pass,D,Medium Risk,2,1,2,2,3.44,2.5,0.03,14.38,-0.41608203012275685,0.7105516501297621,-0.4125821416369999,-0.7223984523352134,-0.9933380448227944,0.6611366444978533,-1.1751393027860062,1.0288340836382979,-0.1939482777445898,-0.20649426824395792,-0.7375606917305063,-0.1931517874631922,0.6199488289273622,0.7324129513262865,"[np.float64(-0.41608203012275685), np.float64(0.7105516501297621), np.float64(-0.4125821416369999), np.float64(-0.7223984523352134), np.float64(-0.9933380448227944), np.float64(0.6611366444978533), np.float64(-1.1751393027860062), np.float64(1.0288340836382979), np.float64(-0.1939482777445898), np.float64(-0.20649426824395792), np.float64(-0.7375606917305063), np.float64(-0.1931517874631922), np.float64(0.6199488289273622), np.float64(0.7324129513262865)]"
S1281,21.1,82.7,67.7,4.9,1.7,3.01,0,PhD,2.05,44.1,Fail,F,Medium Risk,3,0,3,2,3.06,1.57,0.29,17.45,0.1064437207001305,0.2170325165530079,0.04852505636502245,-1.4791968309721035,-0.4527248964975293,0.3062445651159016,-1.1751393027860062,2.1351072918515213,-0.23046541423130304,-0.3193790962870338,-0.3849074498865039,0.18782065517147079,-0.34601219097543906,-0.314988542609675,"[np.float64(0.1064437207001305), np.float64(0.2170325165530079), np.float64(0.04852505636502245), np.float64(-1.4791968309721035), np.float64(-0.4527248964975293), np.float64(0.3062445651159016), np.float64(-1.1751393027860062), np.float64(2.1351072918515213), np.float64(-0.23046541423130304), np.float64(-0.3193790962870338), np.float64(-0.3849074498865039), np.float64(0.18782065517147079), np.float64(-0.34601219097543906), np.float64(-0.314988542609675)]"
S1282,26.6,60.0,62.0,6.9,0.1,2.37,1,High School,2.2,39.4,Fail,F,High Risk,0,0,3,0,2.25,1.77,0.04,15.96,0.6812220466053066,-1.48037420044583,-0.2467907895463851,-0.10319977890503014,-1.0705684945835465,-0.5673359379781321,0.8509629433967631,-1.1837123327881494,-0.3083045735845602,-0.29510278918099603,-0.7239971055057369,0.0029187204725627945,0.02551127821794681,-0.7252207944012602,"[np.float64(0.6812220466053066), np.float64(-1.48037420044583), np.float64(-0.2467907895463851), np.float64(-0.10319977890503014), np.float64(-1.0705684945835465), np.float64(-0.5673359379781321), np.float64(0.8509629433967631), np.float64(-1.1837123327881494), np.float64(-0.3083045735845602), np.float64(-0.29510278918099603), np.float64(-0.7239971055057369), np.float64(0.0029187204725627945), np.float64(0.02551127821794681), np.float64(-0.7252207944012602)]"
S1283,35.9,85.7,79.2,4.7,2.0,1.99,1,Master,2.63,67.3,Pass,C,Low Risk,2,1,1,1,2.15,0.9,0.29,30.77,1.6531199431358767,0.4413593954515327,0.6443377279406689,-1.616796536178811,-0.336879221856401,-1.086024361690215,0.8509629433967631,1.0288340836382979,-0.3179143463442216,-0.40070472509226057,-0.3849074498865039,1.8407694942247976,1.0905452232389832,1.70998767899985,"[np.float64(1.6531199431358767), np.float64(0.4413593954515327), np.float64(0.6443377279406689), np.float64(-1.616796536178811), np.float64(-0.336879221856401), np.float64(-1.086024361690215), np.float64(0.8509629433967631), np.float64(1.0288340836382979), np.float64(-0.3179143463442216), np.float64(-0.40070472509226057), np.float64(-0.3849074498865039), np.float64(1.8407694942247976), np.float64(1.0905452232389832), np.float64(1.70998767899985)]"
S1284,7.6,89.2,84.1,8.1,3.3,1.23,1,Master,1.5,51.2,Pass,D,Medium Risk,2,1,2,2,9.78,6.83,0.36,6.78,-1.3043758065216655,0.7030740874998116,0.8982057358294222,0.7223984523352134,0.16511870158848793,-2.123401209114381,0.8509629433967631,1.0288340836382979,0.4153113152179415,0.3190877806017612,-0.28996234631311857,-1.1362757496858111,-1.7082649113511836,0.3047240079691023,"[np.float64(-1.3043758065216655), np.float64(0.7030740874998116), np.float64(0.8982057358294222), np.float64(0.7223984523352134), np.float64(0.16511870158848793), np.float64(-2.123401209114381), np.float64(0.8509629433967631), np.float64(1.0288340836382979), np.float64(0.4153113152179415), np.float64(0.3190877806017612), np.float64(-0.28996234631311857), np.float64(-1.1362757496858111), np.float64(-1.7082649113511836), np.float64(0.3047240079691023)]"
S1285,41.3,88.4,49.3,7.1,0.4,3.08,0,High School,3.25,60.6,Pass,D,Low Risk,0,1,2,1,1.17,1.18,0.05,36.51,2.2174477540245947,0.6432535864602053,-0.9047752181560123,0.034399926301676716,-0.9547228199424184,0.40179243264181197,-1.1751393027860062,-1.1837123327881494,-0.4120901193889031,-0.36671789514380765,-0.7104335192809677,2.553076276219249,2.6261755625716416,1.125188511552272,"[np.float64(2.2174477540245947), np.float64(0.6432535864602053), np.float64(-0.9047752181560123), np.float64(0.034399926301676716), np.float64(-0.9547228199424184), np.float64(0.40179243264181197), np.float64(-1.1751393027860062), np.float64(-1.1837123327881494), np.float64(-0.4120901193889031), np.float64(-0.36671789514380765), np.float64(-0.7104335192809677), np.float64(2.553076276219249), np.float64(2.6261755625716416), np.float64(1.125188511552272)]"
S1286,0.5,96.2,38.4,4.8,1.0,1.55,0,Bachelor,1.97,35.6,Fail,F,High Risk,1,0,3,0,25.6,28.0,0.04,0.48,-2.0463623726901656,1.2265034715963694,-1.4695020112146684,-1.5479966835754575,-0.7230314706601618,-1.6866109575673633,-1.1751393027860062,-0.07743912457492572,1.9355773657963717,2.888734887775866,-0.7239971055057369,-1.9180758762650874,-0.5441580412119107,-1.0568979341476477,"[np.float64(-2.0463623726901656), np.float64(1.2265034715963694), np.float64(-1.4695020112146684), np.float64(-1.5479966835754575), np.float64(-0.7230314706601618), np.float64(-1.6866109575673633), np.float64(-1.1751393027860062), np.float64(-0.07743912457492572), np.float64(1.9355773657963717), np.float64(2.888734887775866), np.float64(-0.7239971055057369), np.float64(-1.9180758762650874), np.float64(-0.5441580412119107), np.float64(-1.0568979341476477)]"
S1287,18.5,92.5,28.3,6.5,1.5,2.88,0,Bachelor,1.89,43.4,Fail,F,Medium Risk,1,0,3,2,1.45,2.37,0.11,17.11,-0.16526966972777105,0.9498336542881887,-1.992780966250671,-0.3783991893184451,-0.5299553462582814,0.12879852542492606,-1.1751393027860062,-0.07743912457492572,-0.38518275566185123,-0.2222738678628825,-0.6290520019323518,0.14562826738782733,-0.7423038914483829,-0.37608696308927303,"[np.float64(-0.16526966972777105), np.float64(0.9498336542881887), np.float64(-1.992780966250671), np.float64(-0.3783991893184451), np.float64(-0.5299553462582814), np.float64(0.12879852542492606), np.float64(-1.1751393027860062), np.float64(-0.07743912457492572), np.float64(-0.38518275566185123), np.float64(-0.2222738678628825), np.float64(-0.6290520019323518), np.float64(0.14562826738782733), np.float64(-0.7423038914483829), np.float64(-0.37608696308927303)]"
S1288,25.9,86.9,75.2,5.9,7.6,2.59,0,PhD,2.01,61.4,Pass,D,Low Risk,3,1,2,1,2.8,1.55,1.0,22.51,0.6080684414901021,0.5310901470109428,0.4370985378274006,-0.7911983049385668,1.8255733714446591,-0.2670426400395582,-1.1751393027860062,2.1351072918515213,-0.2554508234064226,-0.3218067269976376,0.5781071720721183,0.8157426615986357,-0.4450851160936752,1.1950152778146692,"[np.float64(0.6080684414901021), np.float64(0.5310901470109428), np.float64(0.4370985378274006), np.float64(-0.7911983049385668), np.float64(1.8255733714446591), np.float64(-0.2670426400395582), np.float64(-1.1751393027860062), np.float64(2.1351072918515213), np.float64(-0.2554508234064226), np.float64(-0.3218067269976376), np.float64(0.5781071720721183), np.float64(0.8157426615986357), np.float64(-0.4450851160936752), np.float64(1.1950152778146692)]"
S1289,22.8,78.9,42.9,7.5,9.15,3.34,1,High School,2.08,46.4,Fail,F,Medium Risk,0,0,3,2,1.8,2.23,1.93,17.99,0.2841024759799121,-0.0671148633851233,-1.2363579223372416,0.30959933671509166,2.424109357090489,0.7566845120237631,0.8509629433967631,-1.1837123327881494,-0.3515485510030364,-0.239267282837109,1.8395206909756654,0.2548320945925515,-0.27170749713676146,-0.11423658960528264,"[np.float64(0.2841024759799121), np.float64(-0.0671148633851233), np.float64(-1.2363579223372416), np.float64(0.30959933671509166), np.float64(2.424109357090489), np.float64(0.7566845120237631), np.float64(0.8509629433967631), np.float64(-1.1837123327881494), np.float64(-0.3515485510030364), np.float64(-0.239267282837109), np.float64(1.8395206909756654), np.float64(0.2548320945925515), np.float64(-0.27170749713676146), np.float64(-0.11423658960528264)]"
S1290,13.8,55.1,21.9,9.0,0.1,2.56,1,Master,1.58,36.3,Fail,F,High Risk,2,0,3,0,1.48,4.34,0.04,7.6,-0.656443875501285,-1.8467747693134204,-2.3243636704319,1.3415971257653967,-1.0705684945835465,-0.3079917261220908,0.8509629433967631,1.0288340836382979,-0.38229982383395283,0.016847757131590126,-0.7239971055057369,-1.0345176379723182,-1.5101190611147115,-0.9957995136680503,"[np.float64(-0.656443875501285), np.float64(-1.8467747693134204), np.float64(-2.3243636704319), np.float64(1.3415971257653967), np.float64(-1.0705684945835465), np.float64(-0.3079917261220908), np.float64(0.8509629433967631), np.float64(1.0288340836382979), np.float64(-0.38229982383395283), np.float64(0.016847757131590126), np.float64(-0.7239971055057369), np.float64(-1.0345176379723182), np.float64(-1.5101190611147115), np.float64(-0.9957995136680503)]"
S1291,17.9,86.4,72.8,4.2,4.3,2.54,0,Bachelor,2.25,53.3,Pass,D,Medium Risk,1,1,2,2,3.85,1.58,0.58,15.47,-0.22797275982651768,0.49370233386118867,0.3127550237594393,-1.9607957991955793,0.5512709503922487,-0.3352911168437794,-1.1751393027860062,-0.07743912457492572,-0.15454820942997813,-0.31816528093173196,0.008436550631806525,-0.057887956039158715,0.14935243461574138,0.4880192694078951,"[np.float64(-0.22797275982651768), np.float64(0.49370233386118867), np.float64(0.3127550237594393), np.float64(-1.9607957991955793), np.float64(0.5512709503922487), np.float64(-0.3352911168437794), np.float64(-1.1751393027860062), np.float64(-0.07743912457492572), np.float64(-0.15454820942997813), np.float64(-0.31816528093173196), np.float64(0.008436550631806525), np.float64(-0.057887956039158715), np.float64(0.14935243461574138), np.float64(0.4880192694078951)]"
S1292,15.1,83.1,100.0,7.2,1.4,3.39,0,Master,2.55,59.6,Pass,D,Medium Risk,2,1,2,2,6.21,3.19,0.24,12.55,-0.5205871802873345,0.24694276707281057,1.7219815165296641,0.10319977890503075,-0.5685705711386575,0.8249329888279848,-1.1751393027860062,1.0288340836382979,0.07224242769803038,-0.1227410087281274,-0.4527253810103505,-0.42024610994574385,0.8923993730025109,1.0379050537242753,"[np.float64(-0.5205871802873345), np.float64(0.24694276707281057), np.float64(1.7219815165296641), np.float64(0.10319977890503075), np.float64(-0.5685705711386575), np.float64(0.8249329888279848), np.float64(-1.1751393027860062), np.float64(1.0288340836382979), np.float64(0.07224242769803038), np.float64(-0.1227410087281274), np.float64(-0.4527253810103505), np.float64(-0.42024610994574385), np.float64(0.8923993730025109), np.float64(1.0379050537242753)]"
S1293,14.1,84.1,64.9,6.8,1.5,3.07,0,Bachelor,2.31,42.2,Fail,F,Medium Risk,1,0,3,2,4.3,3.22,0.24,11.86,-0.6250923304519119,0.32171839337231883,-0.09654237671426526,-0.17199963150838418,-0.5299553462582814,0.3881427372809674,-1.1751393027860062,-0.07743912457492572,-0.11130423201150196,-0.1190995626622217,-0.4527253810103505,-0.5058718380949029,0.29796182229309554,-0.4808271124828688,"[np.float64(-0.6250923304519119), np.float64(0.32171839337231883), np.float64(-0.09654237671426526), np.float64(-0.17199963150838418), np.float64(-0.5299553462582814), np.float64(0.3881427372809674), np.float64(-1.1751393027860062), np.float64(-0.07743912457492572), np.float64(-0.11130423201150196), np.float64(-0.1190995626622217), np.float64(-0.4527253810103505), np.float64(-0.5058718380949029), np.float64(0.29796182229309554), np.float64(-0.4808271124828688)]"
S1294,28.5,60.8,81.8,8.0,4.2,3.05,1,Bachelor,2.78,59.2,Pass,D,Medium Risk,1,1,2,2,2.77,1.92,1.65,17.33,0.8797818319180036,-1.4205536994062236,0.7790432015142931,0.65359859973186,0.5126557255118728,0.36084334655927874,0.8509629433967631,-0.07743912457492572,-0.258333755234321,-0.27689555885146766,1.4597402766821244,0.17292922418900825,1.462068692432368,1.0029916705930766,"[np.float64(0.8797818319180036), np.float64(-1.4205536994062236), np.float64(0.7790432015142931), np.float64(0.65359859973186), np.float64(0.5126557255118728), np.float64(0.36084334655927874), np.float64(0.8509629433967631), np.float64(-0.07743912457492572), np.float64(-0.258333755234321), np.float64(-0.27689555885146766), np.float64(1.4597402766821244), np.float64(0.17292922418900825), np.float64(1.462068692432368), np.float64(1.0029916705930766)]"
S1295,23.6,63.8,66.6,7.3,7.5,3.18,1,Master,2.27,33.1,Fail,F,High Risk,2,0,3,0,2.71,2.1,2.72,15.06,0.36770659611157414,-1.1962268205076987,-0.008465720916126792,0.17199963150838418,1.7869581465642832,0.5382893862502549,0.8509629433967631,1.0288340836382979,-0.26409961889011785,-0.2550468824560336,2.9110440027324427,-0.10876701189590528,0.1988888971748594,-1.2751065787176397,"[np.float64(0.36770659611157414), np.float64(-1.1962268205076987), np.float64(-0.008465720916126792), np.float64(0.17199963150838418), np.float64(1.7869581465642832), np.float64(0.5382893862502549), np.float64(0.8509629433967631), np.float64(1.0288340836382979), np.float64(-0.26409961889011785), np.float64(-0.2550468824560336), np.float64(2.9110440027324427), np.float64(-0.10876701189590528), np.float64(0.1988888971748594), np.float64(-1.2751065787176397)]"
S1296,13.1,95.8,63.0,5.9,9.0,1.57,0,Master,1.64,49.9,Fail,F,Medium Risk,2,0,3,2,4.47,2.99,0.38,12.55,-0.7295974806164894,1.1965932210765657,-0.194980992018068,-0.7911983049385668,2.3661865197699243,-1.6593115668456748,-1.1751393027860062,1.0288340836382979,-0.09496761832007762,-0.1470173158341652,-0.2628351738635799,-0.42024610994574385,-1.361509673437358,0.1912555127927061,"[np.float64(-0.7295974806164894), np.float64(1.1965932210765657), np.float64(-0.194980992018068), np.float64(-0.7911983049385668), np.float64(2.3661865197699243), np.float64(-1.6593115668456748), np.float64(-1.1751393027860062), np.float64(1.0288340836382979), np.float64(-0.09496761832007762), np.float64(-0.1470173158341652), np.float64(-0.2628351738635799), np.float64(-0.42024610994574385), np.float64(-1.361509673437358), np.float64(0.1912555127927061)]"
S1297,29.0,79.4,83.4,6.5,2.6,3.41,0,Master,2.97,47.8,Fail,F,Medium Risk,2,0,3,2,2.78,1.53,0.54,23.03,0.9320344070002923,-0.029727050235369167,0.8619388775596009,-0.3783991893184451,-0.10518787257414451,0.8522323795496735,-1.1751393027860062,1.0288340836382979,-0.2573727779583549,-0.3242343577082414,-0.04581779426727067,0.8802721958559728,1.9326650867439898,0.007960251353912741,"[np.float64(0.9320344070002923), np.float64(-0.029727050235369167), np.float64(0.8619388775596009), np.float64(-0.3783991893184451), np.float64(-0.10518787257414451), np.float64(0.8522323795496735), np.float64(-1.1751393027860062), np.float64(1.0288340836382979), np.float64(-0.2573727779583549), np.float64(-0.3242343577082414), np.float64(-0.04581779426727067), np.float64(0.8802721958559728), np.float64(1.9326650867439898), np.float64(0.007960251353912741)]"
S1298,23.1,90.2,59.2,5.8,1.3,3.29,1,High School,2.83,52.6,Pass,D,Medium Risk,0,1,2,2,2.46,1.71,0.13,20.84,0.31545402102928544,0.7778497137993199,-0.39185822262567277,-0.8599981575419209,-0.6071857960190336,0.6884360352195419,0.8509629433967631,-1.1837123327881494,-0.2881240507892713,-0.30238568131280735,-0.601924829482813,0.6085035804260338,1.5859098488301637,0.4269208489282977,"[np.float64(0.31545402102928544), np.float64(0.7778497137993199), np.float64(-0.39185822262567277), np.float64(-0.8599981575419209), np.float64(-0.6071857960190336), np.float64(0.6884360352195419), np.float64(0.8509629433967631), np.float64(-1.1837123327881494), np.float64(-0.2881240507892713), np.float64(-0.30238568131280735), np.float64(-0.601924829482813), np.float64(0.6085035804260338), np.float64(1.5859098488301637), np.float64(0.4269208489282977)]"
S1299,28.1,80.4,70.3,8.6,4.6,1.99,1,Bachelor,3.295000000000001,47.4,Fail,F,Medium Risk,1,0,3,2,2.42,2.09,0.9,22.59,0.8379797718521728,0.0450485760641391,0.18323052993864658,1.0663977153519817,0.6671166250333769,-1.086024361690215,0.8509629433967631,-0.07743912457492572,-0.29196795989313584,-0.2562606978113355,0.442471309824425,0.8256702822536105,2.737632603329659,-0.026953131777285852,"[np.float64(0.8379797718521728), np.float64(0.0450485760641391), np.float64(0.18323052993864658), np.float64(1.0663977153519817), np.float64(0.6671166250333769), np.float64(-1.086024361690215), np.float64(0.8509629433967631), np.float64(-0.07743912457492572), np.float64(-0.29196795989313584), np.float64(-0.2562606978113355), np.float64(0.442471309824425), np.float64(0.8256702822536105), np.float64(2.737632603329659), np.float64(-0.026953131777285852)]"
S1300,26.3,80.4,71.4,7.0,0.9,2.6,1,High School,2.05,58.9,Pass,D,Medium Risk,0,1,2,2,2.62,1.81,0.18,21.15,0.6498705015559333,0.0450485760641391,0.24022130721979582,-0.034399926301676716,-0.7616466955405379,-0.2533929446787136,0.8509629433967631,-1.1837123327881494,-0.2727484143738131,-0.29024752775978846,-0.5341068983589664,0.6469731104640615,-0.34601219097543906,0.9768066332446772,"[np.float64(0.6498705015559333), np.float64(0.0450485760641391), np.float64(0.24022130721979582), np.float64(-0.034399926301676716), np.float64(-0.7616466955405379), np.float64(-0.2533929446787136), np.float64(0.8509629433967631), np.float64(-1.1837123327881494), np.float64(-0.2727484143738131), np.float64(-0.29024752775978846), np.float64(-0.5341068983589664), np.float64(0.6469731104640615), np.float64(-0.34601219097543906), np.float64(0.9768066332446772)]"
S1301,11.7,94.1,51.6,9.9,2.5,2.77,0,Bachelor,2.23,44.9,Fail,F,Medium Risk,1,0,3,2,4.06,5.59,0.15,11.01,-0.8759046908468979,1.0694746563674016,-0.7856126838408827,1.96079579919558,-0.14380309745452063,-0.021348123544360897,-1.1751393027860062,-0.07743912457492572,-0.1343676866346893,0.1685746765443266,-0.5747976570332743,-0.6113528075540114,0.09981597205662333,-0.24516177634727782,"[np.float64(-0.8759046908468979), np.float64(1.0694746563674016), np.float64(-0.7856126838408827), np.float64(1.96079579919558), np.float64(-0.14380309745452063), np.float64(-0.021348123544360897), np.float64(-1.1751393027860062), np.float64(-0.07743912457492572), np.float64(-0.1343676866346893), np.float64(0.1685746765443266), np.float64(-0.5747976570332743), np.float64(-0.6113528075540114), np.float64(0.09981597205662333), np.float64(-0.24516177634727782)]"
S1302,14.4,72.3,84.8,6.9,1.3,2.69,0,Bachelor,1.55,36.2,Fail,F,High Risk,1,0,3,0,5.51,3.2,0.36,10.41,-0.5937407854025386,-0.5606339969618784,0.9344725940992443,-0.10319977890503014,-0.6071857960190336,-0.13054568643111525,-1.1751393027860062,-0.07743912457492572,0.004974018380400711,-0.12152719337282548,-0.28996234631311857,-0.6858099624663234,-1.5844237549533886,-1.0045278594508495,"[np.float64(-0.5937407854025386), np.float64(-0.5606339969618784), np.float64(0.9344725940992443), np.float64(-0.10319977890503014), np.float64(-0.6071857960190336), np.float64(-0.13054568643111525), np.float64(-1.1751393027860062), np.float64(-0.07743912457492572), np.float64(0.004974018380400711), np.float64(-0.12152719337282548), np.float64(-0.28996234631311857), np.float64(-0.6858099624663234), np.float64(-1.5844237549533886), np.float64(-1.0045278594508495)]"
S1303,27.5,81.4,61.5,5.9,3.2,3.07,1,Bachelor,2.48,53.8,Pass,D,Medium Risk,1,1,2,2,2.16,1.46,0.6,22.38,0.7752766817534261,0.11982420236364737,-0.27269568831054364,-0.7911983049385668,0.126503476708112,0.3881427372809674,0.8509629433967631,-0.07743912457492572,-0.31695336906825544,-0.33273106519535467,0.0355637230813452,0.7996102780343012,0.7190217540455983,0.5316609983218935,"[np.float64(0.7752766817534261), np.float64(0.11982420236364737), np.float64(-0.27269568831054364), np.float64(-0.7911983049385668), np.float64(0.126503476708112), np.float64(0.3881427372809674), np.float64(0.8509629433967631), np.float64(-0.07743912457492572), np.float64(-0.31695336906825544), np.float64(-0.33273106519535467), np.float64(0.0355637230813452), np.float64(0.7996102780343012), np.float64(0.7190217540455983), np.float64(0.5316609983218935)]"
S1304,26.1,73.1,49.9,4.7,0.8,3.95,0,Bachelor,2.03,41.1,Fail,F,Medium Risk,1,0,3,2,1.84,1.23,0.22,19.08,0.6289694715230179,-0.5008134959222721,-0.873689339639022,-1.616796536178811,-0.8002619204209138,1.5893159290352648,-1.1751393027860062,-0.07743912457492572,-0.3477046418991719,-0.3606488183672982,-0.47985255345988914,0.390095926016585,-0.39554865353455715,-0.5768389160936653,"[np.float64(0.6289694715230179), np.float64(-0.5008134959222721), np.float64(-0.873689339639022), np.float64(-1.616796536178811), np.float64(-0.8002619204209138), np.float64(1.5893159290352648), np.float64(-1.1751393027860062), np.float64(-0.07743912457492572), np.float64(-0.3477046418991719), np.float64(-0.3606488183672982), np.float64(-0.47985255345988914), np.float64(0.390095926016585), np.float64(-0.39554865353455715), np.float64(-0.5768389160936653)]"
S1305,19.8,73.5,75.7,4.3,0.6,3.67,0,PhD,2.82,55.4,Pass,D,Medium Risk,3,1,2,2,3.64,1.47,0.16,14.55,-0.02941297451382028,-0.47090324540246836,0.4630034365915591,-1.891995946592226,-0.8774923701816661,1.2071244589316246,-1.1751393027860062,2.1351072918515213,-0.17472873222526702,-0.33151724984005276,-0.5612340708085051,-0.17205559357137046,1.561141617550604,0.6713145308466885,"[np.float64(-0.02941297451382028), np.float64(-0.47090324540246836), np.float64(0.4630034365915591), np.float64(-1.891995946592226), np.float64(-0.8774923701816661), np.float64(1.2071244589316246), np.float64(-1.1751393027860062), np.float64(2.1351072918515213), np.float64(-0.17472873222526702), np.float64(-0.33151724984005276), np.float64(-0.5612340708085051), np.float64(-0.17205559357137046), np.float64(1.561141617550604), np.float64(0.6713145308466885)]"
S1306,21.2,75.4,47.0,4.6,7.5,1.75,1,High School,1.55,38.0,Fail,F,High Risk,0,0,3,0,2.12,1.47,1.84,15.98,0.11689423571658802,-0.32882955543340225,-1.0239377524711415,-1.685596388782165,1.7869581465642832,-1.413617050350478,0.8509629433967631,-1.1837123327881494,-0.32079727817212,-0.33151724984005276,1.7174484149527416,0.0054006256363064754,-1.5844237549533886,-0.8474176353604556,"[np.float64(0.11689423571658802), np.float64(-0.32882955543340225), np.float64(-1.0239377524711415), np.float64(-1.685596388782165), np.float64(1.7869581465642832), np.float64(-1.413617050350478), np.float64(0.8509629433967631), np.float64(-1.1837123327881494), np.float64(-0.32079727817212), np.float64(-0.33151724984005276), np.float64(1.7174484149527416), np.float64(0.0054006256363064754), np.float64(-1.5844237549533886), np.float64(-0.8474176353604556)]"
S1307,32.8,83.3,65.6,7.4,0.3,3.3,0,Bachelor,2.08,61.3,Pass,D,Low Risk,1,1,2,1,1.94,1.55,0.05,27.32,1.3291539776256864,0.26189789233271243,-0.06027551844444388,0.2407994841117382,-0.9933380448227944,0.7020857305803858,-1.1751393027860062,-0.07743912457492572,-0.3380948691395105,-0.3218067269976376,-0.7104335192809677,1.4126408534790036,-0.27170749713676146,1.1862869320318694,"[np.float64(1.3291539776256864), np.float64(0.26189789233271243), np.float64(-0.06027551844444388), np.float64(0.2407994841117382), np.float64(-0.9933380448227944), np.float64(0.7020857305803858), np.float64(-1.1751393027860062), np.float64(-0.07743912457492572), np.float64(-0.3380948691395105), np.float64(-0.3218067269976376), np.float64(-0.7104335192809677), np.float64(1.4126408534790036), np.float64(-0.27170749713676146), np.float64(1.1862869320318694)]"
S1308,14.1,72.8,64.8,7.8,2.1,3.86,1,Bachelor,2.01,36.4,Fail,F,High Risk,1,0,3,0,4.29,3.69,0.57,10.26,-0.6250923304519119,-0.5232461838121244,-0.1017233564670974,0.5159988945251526,-0.2982639969760249,1.4664686707876657,0.8509629433967631,-0.07743912457492572,-0.11226520928746808,-0.06205024096303282,-0.005127035592962813,-0.7044242511944016,-0.4450851160936752,-0.9870711678852505,"[np.float64(-0.6250923304519119), np.float64(-0.5232461838121244), np.float64(-0.1017233564670974), np.float64(0.5159988945251526), np.float64(-0.2982639969760249), np.float64(1.4664686707876657), np.float64(0.8509629433967631), np.float64(-0.07743912457492572), np.float64(-0.11226520928746808), np.float64(-0.06205024096303282), np.float64(-0.005127035592962813), np.float64(-0.7044242511944016), np.float64(-0.4450851160936752), np.float64(-0.9870711678852505)]"
S1309,25.5,98.8,86.7,4.6,0.7,3.11,0,High School,2.05,55.0,Pass,D,Medium Risk,0,1,2,2,3.27,1.23,0.01,25.19,0.5662663814242712,1.4209200999750906,1.032911209403047,-1.685596388782165,-0.8388771453012902,0.44274151872434453,-1.1751393027860062,-1.1837123327881494,-0.21028489143601414,-0.3606488183672982,-0.764687864180045,1.148317953540296,-0.34601219097543906,0.6364011477154898,"[np.float64(0.5662663814242712), np.float64(1.4209200999750906), np.float64(1.032911209403047), np.float64(-1.685596388782165), np.float64(-0.8388771453012902), np.float64(0.44274151872434453), np.float64(-1.1751393027860062), np.float64(-1.1837123327881494), np.float64(-0.21028489143601414), np.float64(-0.3606488183672982), np.float64(-0.764687864180045), np.float64(1.148317953540296), np.float64(-0.34601219097543906), np.float64(0.6364011477154898)]"
S1310,18.0,66.6,74.5,8.3,0.1,3.67,0,High School,2.49,45.6,Fail,F,Medium Risk,0,0,3,2,3.92,3.11,0.03,11.99,-0.2175222448100598,-0.9868550668690758,0.4008316795575785,0.8599981575419215,-1.0705684945835465,1.2071244589316246,-1.1751393027860062,-1.1837123327881494,-0.1478213684982152,-0.13245153157054254,-0.7375606917305063,-0.4897394545305685,0.7437899853251579,-0.18406335586767983,"[np.float64(-0.2175222448100598), np.float64(-0.9868550668690758), np.float64(0.4008316795575785), np.float64(0.8599981575419215), np.float64(-1.0705684945835465), np.float64(1.2071244589316246), np.float64(-1.1751393027860062), np.float64(-1.1837123327881494), np.float64(-0.1478213684982152), np.float64(-0.13245153157054254), np.float64(-0.7375606917305063), np.float64(-0.4897394545305685), np.float64(0.7437899853251579), np.float64(-0.18406335586767983)]"
S1311,17.8,77.2,64.5,6.3,0.1,4.0,1,PhD,1.63,54.0,Pass,D,Medium Risk,3,1,2,2,3.43,2.38,0.02,13.74,-0.2384232748429752,-0.19423342809428756,-0.11726629572559238,-0.5159988945251526,-1.0705684945835465,1.6575644058394858,0.8509629433967631,2.1351072918515213,-0.19490925502055592,-0.22106005250758062,-0.7511242779552756,-0.27257275270299175,-1.386277904716917,0.5491176898874931,"[np.float64(-0.2384232748429752), np.float64(-0.19423342809428756), np.float64(-0.11726629572559238), np.float64(-0.5159988945251526), np.float64(-1.0705684945835465), np.float64(1.6575644058394858), np.float64(0.8509629433967631), np.float64(2.1351072918515213), np.float64(-0.19490925502055592), np.float64(-0.22106005250758062), np.float64(-0.7511242779552756), np.float64(-0.27257275270299175), np.float64(-1.386277904716917), np.float64(0.5491176898874931)]"
S1312,31.0,73.4,81.4,7.2,0.6,3.62,0,Master,2.61,72.1,Pass,C,Low Risk,2,1,1,1,2.54,1.59,0.16,22.75,1.1410447073294472,-0.4783808080324188,0.7583192825029667,0.10319977890503075,-0.8774923701816661,1.1388759821274033,-1.1751393027860062,1.0288340836382979,-0.2804362325815422,-0.31695146557643006,-0.5612340708085051,0.8455255235635604,1.041008760679865,2.1289482765742345,"[np.float64(1.1410447073294472), np.float64(-0.4783808080324188), np.float64(0.7583192825029667), np.float64(0.10319977890503075), np.float64(-0.8774923701816661), np.float64(1.1388759821274033), np.float64(-1.1751393027860062), np.float64(1.0288340836382979), np.float64(-0.2804362325815422), np.float64(-0.31695146557643006), np.float64(-0.5612340708085051), np.float64(0.8455255235635604), np.float64(1.041008760679865), np.float64(2.1289482765742345)]"
S1313,28.3,100.0,92.8,9.4,6.0,3.0,1,PhD,2.22,57.1,Pass,D,Medium Risk,3,1,2,2,3.17,2.27,0.0,28.3,0.8588808018850882,1.5106508515345007,1.348950974325781,1.6167965361788117,1.207729773358642,0.2925948697550576,0.8509629433967631,2.1351072918515213,-0.21989466419567552,-0.23441202141590142,-0.7782514504048142,1.5342542065024467,0.07504774077706486,0.8196964091542832,"[np.float64(0.8588808018850882), np.float64(1.5106508515345007), np.float64(1.348950974325781), np.float64(1.6167965361788117), np.float64(1.207729773358642), np.float64(0.2925948697550576), np.float64(0.8509629433967631), np.float64(2.1351072918515213), np.float64(-0.21989466419567552), np.float64(-0.23441202141590142), np.float64(-0.7782514504048142), np.float64(1.5342542065024467), np.float64(0.07504774077706486), np.float64(0.8196964091542832)]"
S1314,28.1,82.9,76.2,8.3,1.0,3.64,1,PhD,2.53,66.9,Pass,C,Low Risk,3,1,1,1,2.62,2.02,0.17,23.29,0.8379797718521728,0.23198764181290976,0.4889083353557177,0.8599981575419215,-0.7230314706601618,1.166175372849092,0.8509629433967631,2.1351072918515213,-0.2727484143738131,-0.2647574052984487,-0.5476704845837357,0.912536962984641,0.8428629104433929,1.6750742958686522,"[np.float64(0.8379797718521728), np.float64(0.23198764181290976), np.float64(0.4889083353557177), np.float64(0.8599981575419215), np.float64(-0.7230314706601618), np.float64(1.166175372849092), np.float64(0.8509629433967631), np.float64(2.1351072918515213), np.float64(-0.2727484143738131), np.float64(-0.2647574052984487), np.float64(-0.5476704845837357), np.float64(0.912536962984641), np.float64(0.8428629104433929), np.float64(1.6750742958686522)]"
S1315,33.1,95.5,65.2,6.6,9.0,2.92,0,High School,3.02,36.9,Fail,F,High Risk,0,0,3,0,1.91,1.37,0.4,31.61,1.36050552267506,1.1741605331867135,-0.08099943745577028,-0.30959933671509166,2.3661865197699243,0.18339730686830324,-1.1751393027860062,-1.1837123327881494,-0.3409778009674089,-0.34365540339307166,-0.23570800141404125,1.9450095111020345,2.0565062431417847,-0.9434294389712521,"[np.float64(1.36050552267506), np.float64(1.1741605331867135), np.float64(-0.08099943745577028), np.float64(-0.30959933671509166), np.float64(2.3661865197699243), np.float64(0.18339730686830324), np.float64(-1.1751393027860062), np.float64(-1.1837123327881494), np.float64(-0.3409778009674089), np.float64(-0.34365540339307166), np.float64(-0.23570800141404125), np.float64(1.9450095111020345), np.float64(2.0565062431417847), np.float64(-0.9434294389712521)]"
S1316,20.2,57.7,38.8,5.7,2.6,2.82,1,Bachelor,1.84,26.5,Fail,F,High Risk,1,0,3,0,1.83,1.91,1.1,11.66,0.012389085552010558,-1.6523581409346988,-1.4487780922033417,-0.9287980101452743,-0.10518787257414451,0.04690035325986028,0.8509629433967631,-0.07743912457492572,-0.348665619175138,-0.2781093742067695,0.7137430343198116,-0.5306908897323401,-0.8661450478461775,-1.8511774003824186,"[np.float64(0.012389085552010558), np.float64(-1.6523581409346988), np.float64(-1.4487780922033417), np.float64(-0.9287980101452743), np.float64(-0.10518787257414451), np.float64(0.04690035325986028), np.float64(0.8509629433967631), np.float64(-0.07743912457492572), np.float64(-0.348665619175138), np.float64(-0.2781093742067695), np.float64(0.7137430343198116), np.float64(-0.5306908897323401), np.float64(-0.8661450478461775), np.float64(-1.8511774003824186)]"
S1317,26.8,84.0,43.7,3.8,1.7,2.52,0,Bachelor,1.82,37.7,Fail,F,High Risk,1,0,3,0,1.57,0.97,0.27,22.51,0.7021230766382219,0.3142408307423684,-1.1949100843145877,-2.235995209608994,-0.4527248964975293,-0.36259050756546796,-1.1751393027860062,-0.07743912457492572,-0.37365102835025754,-0.3922080176051474,-0.4120346223360425,0.8157426615986357,-0.9156815104052956,-0.8736026727088544,"[np.float64(0.7021230766382219), np.float64(0.3142408307423684), np.float64(-1.1949100843145877), np.float64(-2.235995209608994), np.float64(-0.4527248964975293), np.float64(-0.36259050756546796), np.float64(-1.1751393027860062), np.float64(-0.07743912457492572), np.float64(-0.37365102835025754), np.float64(-0.3922080176051474), np.float64(-0.4120346223360425), np.float64(0.8157426615986357), np.float64(-0.9156815104052956), np.float64(-0.8736026727088544)]"
S1318,16.9,93.3,58.9,5.9,2.6,4.0,1,Bachelor,2.29,35.6,Fail,F,High Risk,1,0,3,0,3.29,2.35,0.17,15.77,-0.33247790999109517,1.0096541553277951,-0.40740116188416814,-0.7911983049385668,-0.10518787257414451,1.6575644058394858,0.8509629433967631,-0.07743912457492572,-0.20836293688408186,-0.22470149857348629,-0.5476704845837357,-0.020659378583002836,0.24842535973397747,-1.0568979341476477,"[np.float64(-0.33247790999109517), np.float64(1.0096541553277951), np.float64(-0.40740116188416814), np.float64(-0.7911983049385668), np.float64(-0.10518787257414451), np.float64(1.6575644058394858), np.float64(0.8509629433967631), np.float64(-0.07743912457492572), np.float64(-0.20836293688408186), np.float64(-0.22470149857348629), np.float64(-0.5476704845837357), np.float64(-0.020659378583002836), np.float64(0.24842535973397747), np.float64(-1.0568979341476477)]"
S1319,23.2,81.2,52.8,6.7,2.2,2.15,0,Bachelor,2.11,34.4,Fail,F,High Risk,1,0,3,0,2.18,1.96,0.41,18.84,0.32590453604574293,0.1048690771037455,-0.7234409268069024,-0.2407994841117376,-0.2596487720956488,-0.8676292359167066,-1.1751393027860062,-0.07743912457492572,-0.31503141451632316,-0.2720402974302601,-0.22214441518927197,0.36031306405166036,-0.19740280329808496,-1.161638083541244,"[np.float64(0.32590453604574293), np.float64(0.1048690771037455), np.float64(-0.7234409268069024), np.float64(-0.2407994841117376), np.float64(-0.2596487720956488), np.float64(-0.8676292359167066), np.float64(-1.1751393027860062), np.float64(-0.07743912457492572), np.float64(-0.31503141451632316), np.float64(-0.2720402974302601), np.float64(-0.22214441518927197), np.float64(0.36031306405166036), np.float64(-0.19740280329808496), np.float64(-1.161638083541244)]"
S1320,18.7,96.0,61.3,5.5,4.3,4.0,1,Bachelor,2.49,50.5,Pass,D,Medium Risk,1,1,2,2,3.11,1.98,0.17,17.95,-0.14436863969485564,1.2115483463364676,-0.2830576478162072,-1.0663977153519817,0.5512709503922487,1.6575644058394858,0.8509629433967631,-0.07743912457492572,-0.22566052785147236,-0.2696126667196563,-0.5476704845837357,0.24986828426506413,0.7437899853251579,0.24362558748950433,"[np.float64(-0.14436863969485564), np.float64(1.2115483463364676), np.float64(-0.2830576478162072), np.float64(-1.0663977153519817), np.float64(0.5512709503922487), np.float64(1.6575644058394858), np.float64(0.8509629433967631), np.float64(-0.07743912457492572), np.float64(-0.22566052785147236), np.float64(-0.2696126667196563), np.float64(-0.5476704845837357), np.float64(0.24986828426506413), np.float64(0.7437899853251579), np.float64(0.24362558748950433)]"
S1321,21.0,72.2,66.1,6.8,1.0,3.2,0,Bachelor,1.79,46.5,Fail,F,Medium Risk,1,0,3,2,3.0,2.19,0.28,15.16,0.0959932056836726,-0.5681115595918289,-0.03437061968028533,-0.17199963150838418,-0.7230314706601618,0.5655887769719435,-1.1751393027860062,-0.07743912457492572,-0.23623127788709986,-0.24412254425831656,-0.39847103611127316,-0.09635748607718665,-0.9899862042439725,-0.10550824382248283,"[np.float64(0.0959932056836726), np.float64(-0.5681115595918289), np.float64(-0.03437061968028533), np.float64(-0.17199963150838418), np.float64(-0.7230314706601618), np.float64(0.5655887769719435), np.float64(-1.1751393027860062), np.float64(-0.07743912457492572), np.float64(-0.23623127788709986), np.float64(-0.24412254425831656), np.float64(-0.39847103611127316), np.float64(-0.09635748607718665), np.float64(-0.9899862042439725), np.float64(-0.10550824382248283)]"
S1322,26.0,100.0,75.6,7.1,1.3,1.68,1,Bachelor,2.69,62.2,Pass,D,Low Risk,1,1,2,1,2.8,1.86,0.0,26.0,0.61851895650656,1.5106508515345007,0.45782245683872697,0.034399926301676716,-0.6071857960190336,-1.509164917876388,0.8509629433967631,-0.07743912457492572,-0.2554508234064226,-0.28417845098327893,-0.7782514504048142,1.248835112671917,1.2391546109163374,1.264842044077067,"[np.float64(0.61851895650656), np.float64(1.5106508515345007), np.float64(0.45782245683872697), np.float64(0.034399926301676716), np.float64(-0.6071857960190336), np.float64(-1.509164917876388), np.float64(0.8509629433967631), np.float64(-0.07743912457492572), np.float64(-0.2554508234064226), np.float64(-0.28417845098327893), np.float64(-0.7782514504048142), np.float64(1.248835112671917), np.float64(1.2391546109163374), np.float64(1.264842044077067)]"
S1323,11.8,100.0,63.6,6.7,6.7,3.09,1,High School,1.38,49.4,Fail,F,Medium Risk,0,0,3,2,4.97,3.75,0.0,11.8,-0.86545417583044,1.5106508515345007,-0.1638951135010777,-0.2407994841117376,1.4780363475212748,0.41544212800265595,0.8509629433967631,-1.1837123327881494,-0.04691875452177074,-0.05476734883122147,-0.7782514504048142,-0.5133175535861338,-2.005483686705892,0.14761378387870772,"[np.float64(-0.86545417583044), np.float64(1.5106508515345007), np.float64(-0.1638951135010777), np.float64(-0.2407994841117376), np.float64(1.4780363475212748), np.float64(0.41544212800265595), np.float64(0.8509629433967631), np.float64(-1.1837123327881494), np.float64(-0.04691875452177074), np.float64(-0.05476734883122147), np.float64(-0.7782514504048142), np.float64(-0.5133175535861338), np.float64(-2.005483686705892), np.float64(0.14761378387870772)]"
S1324,40.9,74.6,74.7,6.0,8.8,1.12,1,Bachelor,2.17,58.7,Pass,D,Medium Risk,1,1,2,2,1.78,1.01,2.24,30.51,2.175645693958764,-0.3886500564730097,0.411193639063242,-0.7223984523352134,2.2889560700091724,-2.2735478580836674,0.8509629433967631,-0.07743912457492572,-0.3534705055549687,-0.38735275618393983,2.259991863943515,1.8085047270961294,-0.04879341562073081,0.9593499416790783,"[np.float64(2.175645693958764), np.float64(-0.3886500564730097), np.float64(0.411193639063242), np.float64(-0.7223984523352134), np.float64(2.2889560700091724), np.float64(-2.2735478580836674), np.float64(0.8509629433967631), np.float64(-0.07743912457492572), np.float64(-0.3534705055549687), np.float64(-0.38735275618393983), np.float64(2.259991863943515), np.float64(1.8085047270961294), np.float64(-0.04879341562073081), np.float64(0.9593499416790783)]"
S1325,9.9,73.3,66.3,7.3,6.7,3.3,0,Bachelor,1.8,43.9,Fail,F,Medium Risk,1,0,3,2,6.08,4.82,1.79,7.26,-1.0640139611431372,-0.4858583706623702,-0.024008660174621773,0.17199963150838418,1.4780363475212748,0.7020857305803858,-1.1751393027860062,-0.07743912457492572,0.059749723110470596,0.07511089418608098,1.6496304838288949,-1.0767100257559616,-0.9652179729644136,-0.3324452341752746,"[np.float64(-1.0640139611431372), np.float64(-0.4858583706623702), np.float64(-0.024008660174621773), np.float64(0.17199963150838418), np.float64(1.4780363475212748), np.float64(0.7020857305803858), np.float64(-1.1751393027860062), np.float64(-0.07743912457492572), np.float64(0.059749723110470596), np.float64(0.07511089418608098), np.float64(1.6496304838288949), np.float64(-1.0767100257559616), np.float64(-0.9652179729644136), np.float64(-0.3324452341752746)]"
S1326,7.9,100.0,25.5,7.7,1.6,3.51,0,Bachelor,2.14,35.8,Fail,F,High Risk,1,0,3,0,2.87,6.27,0.0,7.9,-1.2730242614722922,1.5106508515345007,-2.137848399329959,0.4471990419217991,-0.4913401213779053,0.9887293331581157,-1.1751393027860062,-0.07743912457492572,-0.24872398247465966,0.25111412070485517,-0.7782514504048142,-0.9972890605161621,-0.12309810945940733,-1.0394412425820487,"[np.float64(-1.2730242614722922), np.float64(1.5106508515345007), np.float64(-2.137848399329959), np.float64(0.4471990419217991), np.float64(-0.4913401213779053), np.float64(0.9887293331581157), np.float64(-1.1751393027860062), np.float64(-0.07743912457492572), np.float64(-0.24872398247465966), np.float64(0.25111412070485517), np.float64(-0.7782514504048142), np.float64(-0.9972890605161621), np.float64(-0.12309810945940733), np.float64(-1.0394412425820487)]"
S1327,31.6,100.0,46.2,5.4,4.5,2.33,1,High School,2.36,42.0,Fail,F,Medium Risk,0,0,3,2,1.42,1.17,0.0,31.6,1.2037477974281938,1.5106508515345007,-1.065385590493795,-1.1351975679553352,0.6285014001530009,-0.6219347194215092,0.8509629433967631,-1.1837123327881494,-0.3880656874897496,-0.3679317104991095,-0.7782514504048142,1.9437685585201627,0.42180297869089006,-0.4982838040484684,"[np.float64(1.2037477974281938), np.float64(1.5106508515345007), np.float64(-1.065385590493795), np.float64(-1.1351975679553352), np.float64(0.6285014001530009), np.float64(-0.6219347194215092), np.float64(0.8509629433967631), np.float64(-1.1837123327881494), np.float64(-0.3880656874897496), np.float64(-0.3679317104991095), np.float64(-0.7782514504048142), np.float64(1.9437685585201627), np.float64(0.42180297869089006), np.float64(-0.4982838040484684)]"
S1328,27.9,72.2,62.1,9.1,1.9,2.9,1,Master,1.92,61.0,Pass,D,Low Risk,2,1,2,1,2.15,2.23,0.53,20.14,0.817078741819257,-0.5681115595918289,-0.24160980979355332,1.4103969783687502,-0.3754944467367771,0.15609791614661464,0.8509629433967631,1.0288340836382979,-0.3179143463442216,-0.239267282837109,-0.05938138049204001,0.5216368996950032,-0.6679991976097058,1.1601018946834707,"[np.float64(0.817078741819257), np.float64(-0.5681115595918289), np.float64(-0.24160980979355332), np.float64(1.4103969783687502), np.float64(-0.3754944467367771), np.float64(0.15609791614661464), np.float64(0.8509629433967631), np.float64(1.0288340836382979), np.float64(-0.3179143463442216), np.float64(-0.239267282837109), np.float64(-0.05938138049204001), np.float64(0.5216368996950032), np.float64(-0.6679991976097058), np.float64(1.1601018946834707)]"
S1329,26.2,73.7,40.8,6.9,2.1,4.0,0,High School,1.89,39.9,Fail,F,High Risk,0,0,3,0,1.5,1.8,0.55,19.31,0.6394199865394753,-0.45594812014256647,-1.3451584971467074,-0.10319977890503014,-0.2982639969760249,1.6575644058394858,-1.1751393027860062,-1.1837123327881494,-0.38037786928202055,-0.29146134311509037,-0.032254208042501335,0.41863783539963795,-0.7423038914483829,-0.6815790654872618,"[np.float64(0.6394199865394753), np.float64(-0.45594812014256647), np.float64(-1.3451584971467074), np.float64(-0.10319977890503014), np.float64(-0.2982639969760249), np.float64(1.6575644058394858), np.float64(-1.1751393027860062), np.float64(-1.1837123327881494), np.float64(-0.38037786928202055), np.float64(-0.29146134311509037), np.float64(-0.032254208042501335), np.float64(0.41863783539963795), np.float64(-0.7423038914483829), np.float64(-0.6815790654872618)]"
S1330,26.3,75.8,77.0,7.0,0.7,2.4,1,Bachelor,2.42,47.6,Fail,F,Medium Risk,1,0,3,2,2.82,1.81,0.17,19.94,0.6498705015559333,-0.2989193049135996,0.5303561733783712,-0.034399926301676716,-0.8388771453012902,-0.5263868518955995,0.8509629433967631,-0.07743912457492572,-0.25352886885449033,-0.29024752775978846,-0.5476704845837357,0.4968178480575659,0.5704123663682442,-0.009496440211686245,"[np.float64(0.6498705015559333), np.float64(-0.2989193049135996), np.float64(0.5303561733783712), np.float64(-0.034399926301676716), np.float64(-0.8388771453012902), np.float64(-0.5263868518955995), np.float64(0.8509629433967631), np.float64(-0.07743912457492572), np.float64(-0.25352886885449033), np.float64(-0.29024752775978846), np.float64(-0.5476704845837357), np.float64(0.4968178480575659), np.float64(0.5704123663682442), np.float64(-0.009496440211686245)]"
S1331,19.9,59.8,95.6,8.1,2.7,1.95,0,Master,2.17,51.0,Pass,D,Medium Risk,2,1,2,2,4.57,2.75,1.09,11.9,-0.018962459497362756,-1.4953293257057318,1.4940184074050686,0.7223984523352134,-0.0665726476937684,-1.1406231431335923,-1.1751393027860062,1.0288340836382979,-0.0853578455604162,-0.17614888436141063,0.7001794480950423,-0.5009080277674153,-0.04879341562073081,0.2872673164035027,"[np.float64(-0.018962459497362756), np.float64(-1.4953293257057318), np.float64(1.4940184074050686), np.float64(0.7223984523352134), np.float64(-0.0665726476937684), np.float64(-1.1406231431335923), np.float64(-1.1751393027860062), np.float64(1.0288340836382979), np.float64(-0.0853578455604162), np.float64(-0.17614888436141063), np.float64(0.7001794480950423), np.float64(-0.5009080277674153), np.float64(-0.04879341562073081), np.float64(0.2872673164035027)]"
S1332,11.0,66.2,89.4,7.3,0.6,3.99,1,Bachelor,2.06,40.4,Fail,F,Medium Risk,1,0,3,2,7.45,4.37,0.2,7.28,-0.949058295962102,-1.0167653173888784,1.1727976627295034,0.17199963150838418,-0.8774923701816661,1.643914710478642,0.8509629433967631,-0.07743912457492572,0.19140360991783148,0.02048920319749583,-0.5069797259094277,-1.0742281205922177,-0.3212439596958795,-0.6379373365732633,"[np.float64(-0.949058295962102), np.float64(-1.0167653173888784), np.float64(1.1727976627295034), np.float64(0.17199963150838418), np.float64(-0.8774923701816661), np.float64(1.643914710478642), np.float64(0.8509629433967631), np.float64(-0.07743912457492572), np.float64(0.19140360991783148), np.float64(0.02048920319749583), np.float64(-0.5069797259094277), np.float64(-1.0742281205922177), np.float64(-0.3212439596958795), np.float64(-0.6379373365732633)]"
S1333,20.8,64.9,60.7,8.4,1.2,4.0,0,High School,2.07,43.1,Fail,F,Medium Risk,0,0,3,2,2.78,2.73,0.42,13.5,0.07509217565075718,-1.113973631578239,-0.31414352633319714,0.928798010145275,-0.6458010208994097,1.6575644058394858,-1.1751393027860062,-1.1837123327881494,-0.2573727779583549,-0.1785765150720144,-0.20858082896450264,-0.3023556146679166,-0.296475728416321,-0.4022720004376718,"[np.float64(0.07509217565075718), np.float64(-1.113973631578239), np.float64(-0.31414352633319714), np.float64(0.928798010145275), np.float64(-0.6458010208994097), np.float64(1.6575644058394858), np.float64(-1.1751393027860062), np.float64(-1.1837123327881494), np.float64(-0.2573727779583549), np.float64(-0.1785765150720144), np.float64(-0.20858082896450264), np.float64(-0.3023556146679166), np.float64(-0.296475728416321), np.float64(-0.4022720004376718)]"
S1334,13.2,68.5,94.8,7.4,5.8,2.8,0,Bachelor,2.37,50.2,Pass,D,Medium Risk,1,1,2,2,6.68,3.73,1.83,9.04,-0.7191469656000317,-0.8447813769000097,1.4525705693824151,0.2407994841117382,1.13049932359789,0.019600962538171687,-1.1751393027860062,-0.07743912457492572,0.11740835966843882,-0.05719497954182525,1.7038848287279724,-0.8558204661827694,0.44657120997044963,0.21744055014110553,"[np.float64(-0.7191469656000317), np.float64(-0.8447813769000097), np.float64(1.4525705693824151), np.float64(0.2407994841117382), np.float64(1.13049932359789), np.float64(0.019600962538171687), np.float64(-1.1751393027860062), np.float64(-0.07743912457492572), np.float64(0.11740835966843882), np.float64(-0.05719497954182525), np.float64(1.7038848287279724), np.float64(-0.8558204661827694), np.float64(0.44657120997044963), np.float64(0.21744055014110553)]"
S1335,29.8,79.5,68.0,6.1,0.7,3.61,1,Bachelor,2.33,57.7,Pass,D,Medium Risk,1,1,2,2,2.21,1.4,0.14,23.69,1.0156385271319543,-0.022249487605418766,0.06406799562351742,-0.65359859973186,-0.8388771453012902,1.1252262867665588,0.8509629433967631,-0.07743912457492572,-0.31214848268842477,-0.340013957327166,-0.5883612432580437,0.962175066259516,0.34749828485221357,0.8720664838510814,"[np.float64(1.0156385271319543), np.float64(-0.022249487605418766), np.float64(0.06406799562351742), np.float64(-0.65359859973186), np.float64(-0.8388771453012902), np.float64(1.1252262867665588), np.float64(0.8509629433967631), np.float64(-0.07743912457492572), np.float64(-0.31214848268842477), np.float64(-0.340013957327166), np.float64(-0.5883612432580437), np.float64(0.962175066259516), np.float64(0.34749828485221357), np.float64(0.8720664838510814)]"
S1336,18.5,83.5,58.3,7.5,0.2,3.87,0,Master,2.28,41.0,Fail,F,Medium Risk,2,0,3,2,2.99,2.73,0.03,15.45,-0.16526966972777105,0.27685301759261427,-0.43848704040115843,0.30959933671509166,-1.0319532697031704,1.4801183661485104,-1.1751393027860062,1.0288340836382979,-0.23719225516306597,-0.1785765150720144,-0.7375606917305063,-0.060369861202902615,0.2236571284544179,-0.5855672618764651,"[np.float64(-0.16526966972777105), np.float64(0.27685301759261427), np.float64(-0.43848704040115843), np.float64(0.30959933671509166), np.float64(-1.0319532697031704), np.float64(1.4801183661485104), np.float64(-1.1751393027860062), np.float64(1.0288340836382979), np.float64(-0.23719225516306597), np.float64(-0.1785765150720144), np.float64(-0.7375606917305063), np.float64(-0.060369861202902615), np.float64(0.2236571284544179), np.float64(-0.5855672618764651)]"
S1337,11.7,100.0,52.7,5.3,0.2,2.21,1,Master,2.7,40.4,Fail,F,Medium Risk,2,0,3,2,4.15,2.99,0.0,11.7,-0.8759046908468979,1.5106508515345007,-0.7286219065597338,-1.2039974205586892,-1.0319532697031704,-0.7857310637516408,0.8509629433967631,1.0288340836382979,-0.12571889115099397,-0.1470173158341652,-0.7782514504048142,-0.5257270794048527,1.2639228421958968,-0.6379373365732633,"[np.float64(-0.8759046908468979), np.float64(1.5106508515345007), np.float64(-0.7286219065597338), np.float64(-1.2039974205586892), np.float64(-1.0319532697031704), np.float64(-0.7857310637516408), np.float64(0.8509629433967631), np.float64(1.0288340836382979), np.float64(-0.12571889115099397), np.float64(-0.1470173158341652), np.float64(-0.7782514504048142), np.float64(-0.5257270794048527), np.float64(1.2639228421958968), np.float64(-0.6379373365732633)]"
S1338,16.8,65.0,59.0,7.2,8.5,2.41,1,Bachelor,1.4,46.5,Fail,F,Medium Risk,1,0,3,2,3.31,2.88,2.98,10.92,-0.34292842500755266,-1.1064960689482886,-0.40222018213133637,0.10319977890503075,2.173110395368044,-0.5127371565347549,0.8509629433967631,-0.07743912457492572,-0.20644098233214958,-0.16036928474248605,3.263697244576445,-0.6225213807908583,-1.955947224146774,-0.10550824382248283,"[np.float64(-0.34292842500755266), np.float64(-1.1064960689482886), np.float64(-0.40222018213133637), np.float64(0.10319977890503075), np.float64(2.173110395368044), np.float64(-0.5127371565347549), np.float64(0.8509629433967631), np.float64(-0.07743912457492572), np.float64(-0.20644098233214958), np.float64(-0.16036928474248605), np.float64(3.263697244576445), np.float64(-0.6225213807908583), np.float64(-1.955947224146774), np.float64(-0.10550824382248283)]"
S1339,24.1,94.8,57.2,7.0,2.1,3.78,0,Bachelor,1.92,55.7,Pass,D,Medium Risk,1,1,2,2,2.28,1.98,0.11,22.85,0.4199591711938629,1.1218175947770574,-0.495477817682307,-0.034399926301676716,-0.2982639969760249,1.3572711079009114,-1.1751393027860062,-0.07743912457492572,-0.3054216417566618,-0.2696126667196563,-0.6290520019323518,0.8579350493822792,-0.6679991976097058,0.6974995681950878,"[np.float64(0.4199591711938629), np.float64(1.1218175947770574), np.float64(-0.495477817682307), np.float64(-0.034399926301676716), np.float64(-0.2982639969760249), np.float64(1.3572711079009114), np.float64(-1.1751393027860062), np.float64(-0.07743912457492572), np.float64(-0.3054216417566618), np.float64(-0.2696126667196563), np.float64(-0.6290520019323518), np.float64(0.8579350493822792), np.float64(-0.6679991976097058), np.float64(0.6974995681950878)]"
S1340,14.4,76.8,68.4,6.7,1.6,4.0,0,High School,2.44,62.0,Pass,D,Low Risk,0,1,2,1,4.44,3.11,0.37,11.06,-0.5937407854025386,-0.2241436786140913,0.08479191463484455,-0.2407994841117376,-0.4913401213779053,1.6575644058394858,-1.1751393027860062,-1.1837123327881494,-0.09785055014797597,-0.13245153157054254,-0.27639876008834924,-0.6051480446446521,0.6199488289273622,1.2473853525114673,"[np.float64(-0.5937407854025386), np.float64(-0.2241436786140913), np.float64(0.08479191463484455), np.float64(-0.2407994841117376), np.float64(-0.4913401213779053), np.float64(1.6575644058394858), np.float64(-1.1751393027860062), np.float64(-1.1837123327881494), np.float64(-0.09785055014797597), np.float64(-0.13245153157054254), np.float64(-0.27639876008834924), np.float64(-0.6051480446446521), np.float64(0.6199488289273622), np.float64(1.2473853525114673)]"
S1341,11.8,79.3,68.2,6.8,5.0,3.25,1,High School,1.86,51.6,Pass,D,Medium Risk,0,1,2,2,5.33,3.81,1.04,9.36,-0.86545417583044,-0.03720461286532063,0.07442995512918099,-0.17199963150838418,0.8215775245548813,0.6338372537761647,0.8509629433967631,-1.1837123327881494,-0.012323572586989743,-0.04748445669941011,0.6323615169711956,-0.8161099835628696,-0.8166085852870594,0.3396373911003009,"[np.float64(-0.86545417583044), np.float64(-0.03720461286532063), np.float64(0.07442995512918099), np.float64(-0.17199963150838418), np.float64(0.8215775245548813), np.float64(0.6338372537761647), np.float64(0.8509629433967631), np.float64(-1.1837123327881494), np.float64(-0.012323572586989743), np.float64(-0.04748445669941011), np.float64(0.6323615169711956), np.float64(-0.8161099835628696), np.float64(-0.8166085852870594), np.float64(0.3396373911003009)]"
S1342,22.4,90.1,65.1,4.2,5.4,2.1,0,Bachelor,2.05,56.4,Pass,D,Medium Risk,1,1,2,2,2.78,1.27,0.53,20.18,0.2423004159140809,0.7703721511693684,-0.08618041720860242,-1.9607957991955793,0.9760384240763857,-0.9358777127209278,-1.1751393027860062,-0.07743912457492572,-0.2573727779583549,-0.3557935569460906,-0.05938138049204001,0.5266007100224905,-0.34601219097543906,0.7585979886746852,"[np.float64(0.2423004159140809), np.float64(0.7703721511693684), np.float64(-0.08618041720860242), np.float64(-1.9607957991955793), np.float64(0.9760384240763857), np.float64(-0.9358777127209278), np.float64(-1.1751393027860062), np.float64(-0.07743912457492572), np.float64(-0.2573727779583549), np.float64(-0.3557935569460906), np.float64(-0.05938138049204001), np.float64(0.5266007100224905), np.float64(-0.34601219097543906), np.float64(0.7585979886746852)]"
S1343,22.4,63.2,73.7,6.2,1.2,4.0,1,Bachelor,2.03,37.4,Fail,F,High Risk,1,0,3,0,3.15,1.88,0.44,14.16,0.2423004159140809,-1.2410921962874033,0.359383841534925,-0.584798747128506,-0.6458010208994097,1.6575644058394858,0.8509629433967631,-0.07743912457492572,-0.2218166187476078,-0.28175082027267523,-0.18145365651496398,-0.22045274426437333,-0.39554865353455715,-0.8997877100572538,"[np.float64(0.2423004159140809), np.float64(-1.2410921962874033), np.float64(0.359383841534925), np.float64(-0.584798747128506), np.float64(-0.6458010208994097), np.float64(1.6575644058394858), np.float64(0.8509629433967631), np.float64(-0.07743912457492572), np.float64(-0.2218166187476078), np.float64(-0.28175082027267523), np.float64(-0.18145365651496398), np.float64(-0.22045274426437333), np.float64(-0.39554865353455715), np.float64(-0.8997877100572538)]"
S1344,14.9,85.7,88.8,7.1,3.5,2.38,1,Bachelor,2.22,57.7,Pass,D,Medium Risk,1,1,2,2,5.58,3.19,0.5,12.77,-0.5414882103202499,0.4413593954515327,1.1417117842125126,0.034399926301676716,0.24234915134924015,-0.5536862426172882,0.8509629433967631,-0.07743912457492572,0.011700859312163702,-0.1227410087281274,-0.10007213916634802,-0.3929451531445629,0.07504774077706486,0.8720664838510814,"[np.float64(-0.5414882103202499), np.float64(0.4413593954515327), np.float64(1.1417117842125126), np.float64(0.034399926301676716), np.float64(0.24234915134924015), np.float64(-0.5536862426172882), np.float64(0.8509629433967631), np.float64(-0.07743912457492572), np.float64(0.011700859312163702), np.float64(-0.1227410087281274), np.float64(-0.10007213916634802), np.float64(-0.3929451531445629), np.float64(0.07504774077706486), np.float64(0.8720664838510814)]"
S1345,15.3,82.5,84.0,7.2,4.4,2.53,1,High School,2.72,49.1,Fail,F,Medium Risk,0,0,3,2,5.15,3.15,0.77,12.62,-0.49968615025441887,0.20207739129310603,0.8930247560765908,0.10319977890503075,0.589886175272625,-0.348940812204624,0.8509629433967631,-1.1837123327881494,-0.029621163554380197,-0.12759627014933497,0.26614468890242376,-0.411559441872641,1.313459304755015,0.12142874653030894,"[np.float64(-0.49968615025441887), np.float64(0.20207739129310603), np.float64(0.8930247560765908), np.float64(0.10319977890503075), np.float64(0.589886175272625), np.float64(-0.348940812204624), np.float64(0.8509629433967631), np.float64(-1.1837123327881494), np.float64(-0.029621163554380197), np.float64(-0.12759627014933497), np.float64(0.26614468890242376), np.float64(-0.411559441872641), np.float64(1.313459304755015), np.float64(0.12142874653030894)]"
S1346,22.3,87.4,35.3,5.5,3.2,3.07,0,High School,2.29,37.4,Fail,F,High Risk,0,0,3,0,1.52,1.67,0.4,19.49,0.2318499008976234,0.568477960160697,-1.6301123835524514,-1.0663977153519817,0.126503476708112,0.3881427372809674,-1.1751393027860062,-1.1837123327881494,-0.37845591473008827,-0.3072409427340149,-0.23570800141404125,0.44097498187333156,0.24842535973397747,-0.8997877100572538,"[np.float64(0.2318499008976234), np.float64(0.568477960160697), np.float64(-1.6301123835524514), np.float64(-1.0663977153519817), np.float64(0.126503476708112), np.float64(0.3881427372809674), np.float64(-1.1751393027860062), np.float64(-1.1837123327881494), np.float64(-0.37845591473008827), np.float64(-0.3072409427340149), np.float64(-0.23570800141404125), np.float64(0.44097498187333156), np.float64(0.24842535973397747), np.float64(-0.8997877100572538)]"
S1347,5.5,84.3,13.9,8.9,0.5,4.0,0,Bachelor,2.01,32.0,Fail,F,High Risk,1,0,3,0,2.14,10.05,0.08,4.64,-1.523836621867278,0.33667351863222067,-2.738842050658437,1.2727972731620434,-0.9161075950620422,1.6575644058394858,-1.1751393027860062,-0.07743912457492572,-0.3188753236201877,0.7099363250089704,-0.6697427606066597,-1.4018396022063906,-0.4450851160936752,-1.3711183823284363,"[np.float64(-1.523836621867278), np.float64(0.33667351863222067), np.float64(-2.738842050658437), np.float64(1.2727972731620434), np.float64(-0.9161075950620422), np.float64(1.6575644058394858), np.float64(-1.1751393027860062), np.float64(-0.07743912457492572), np.float64(-0.3188753236201877), np.float64(0.7099363250089704), np.float64(-0.6697427606066597), np.float64(-1.4018396022063906), np.float64(-0.4450851160936752), np.float64(-1.3711183823284363)]"
S1348,5.9,100.0,83.7,5.7,6.3,3.48,0,High School,1.82,52.5,Pass,D,Medium Risk,0,1,2,2,12.13,6.05,0.0,5.9,-1.482034561801447,1.5106508515345007,0.8774818168180958,-0.9287980101452743,1.3235754479997703,0.9477802470755832,-1.1751393027860062,-1.1837123327881494,0.641140975069984,0.2244101828882136,-0.7782514504048142,-1.2454795768905353,-0.9156815104052956,0.4181925031454979,"[np.float64(-1.482034561801447), np.float64(1.5106508515345007), np.float64(0.8774818168180958), np.float64(-0.9287980101452743), np.float64(1.3235754479997703), np.float64(0.9477802470755832), np.float64(-1.1751393027860062), np.float64(-1.1837123327881494), np.float64(0.641140975069984), np.float64(0.2244101828882136), np.float64(-0.7782514504048142), np.float64(-1.2454795768905353), np.float64(-0.9156815104052956), np.float64(0.4181925031454979)]"
S1349,12.8,70.4,37.7,8.5,2.3,3.13,0,Master,1.48,40.5,Fail,F,Medium Risk,2,0,3,2,2.73,4.41,0.68,9.01,-0.7609490256658625,-0.7027076869309435,-1.5057688694844902,0.9975978627486284,-0.22103354721527285,0.47004090944603316,-1.1751393027860062,1.0288340836382979,-0.26217766433818557,0.0253444646187034,0.1440724128794999,-0.8595433239283848,-1.7578013739103018,-0.6292089907904636,"[np.float64(-0.7609490256658625), np.float64(-0.7027076869309435), np.float64(-1.5057688694844902), np.float64(0.9975978627486284), np.float64(-0.22103354721527285), np.float64(0.47004090944603316), np.float64(-1.1751393027860062), np.float64(1.0288340836382979), np.float64(-0.26217766433818557), np.float64(0.0253444646187034), np.float64(0.1440724128794999), np.float64(-0.8595433239283848), np.float64(-1.7578013739103018), np.float64(-0.6292089907904636)]"
S1350,17.9,72.0,60.5,7.6,1.0,3.17,1,High School,1.27,38.6,Fail,F,High Risk,0,0,3,0,3.2,2.86,0.28,12.89,-0.22797275982651768,-0.5830666848517307,-0.32450548583886074,0.3783991893184451,-0.7230314706601618,0.5246396908894103,0.8509629433967631,-1.1837123327881494,-0.2170117323677771,-0.16279691545308983,-0.39847103611127316,-0.3780537221621004,-2.2779342307810406,-0.7950475606636573,"[np.float64(-0.22797275982651768), np.float64(-0.5830666848517307), np.float64(-0.32450548583886074), np.float64(0.3783991893184451), np.float64(-0.7230314706601618), np.float64(0.5246396908894103), np.float64(0.8509629433967631), np.float64(-1.1837123327881494), np.float64(-0.2170117323677771), np.float64(-0.16279691545308983), np.float64(-0.39847103611127316), np.float64(-0.3780537221621004), np.float64(-2.2779342307810406), np.float64(-0.7950475606636573)]"
S1351,23.1,70.7,41.6,6.0,1.7,2.83,1,Bachelor,1.72,47.8,Fail,F,Medium Risk,1,0,3,2,1.73,1.76,0.5,16.33,0.31545402102928544,-0.6802749990410912,-1.3037106591240535,-0.7223984523352134,-0.4527248964975293,0.06055004862070488,0.8509629433967631,-0.07743912457492572,-0.35827539193479935,-0.29631660453629793,-0.10007213916634802,0.048833966001821556,-1.1633638232008858,0.007960251353912741,"[np.float64(0.31545402102928544), np.float64(-0.6802749990410912), np.float64(-1.3037106591240535), np.float64(-0.7223984523352134), np.float64(-0.4527248964975293), np.float64(0.06055004862070488), np.float64(0.8509629433967631), np.float64(-0.07743912457492572), np.float64(-0.35827539193479935), np.float64(-0.29631660453629793), np.float64(-0.10007213916634802), np.float64(0.048833966001821556), np.float64(-1.1633638232008858), np.float64(0.007960251353912741)]"
S1352,34.8,71.7,29.0,9.7,0.1,3.25,0,PhD,2.58,44.8,Fail,F,Medium Risk,3,0,3,2,0.81,1.91,0.03,24.95,1.5381642779548412,-0.605499372741583,-1.956514107980849,1.8231960939888718,-1.0705684945835465,0.6338372537761647,-1.1751393027860062,2.1351072918515213,-0.446685301323684,-0.2781093742067695,-0.7375606917305063,1.118535091575371,0.9667040668411886,-0.2538901221300776,"[np.float64(1.5381642779548412), np.float64(-0.605499372741583), np.float64(-1.956514107980849), np.float64(1.8231960939888718), np.float64(-1.0705684945835465), np.float64(0.6338372537761647), np.float64(-1.1751393027860062), np.float64(2.1351072918515213), np.float64(-0.446685301323684), np.float64(-0.2781093742067695), np.float64(-0.7375606917305063), np.float64(1.118535091575371), np.float64(0.9667040668411886), np.float64(-0.2538901221300776)]"
S1353,28.6,70.4,75.8,5.2,0.4,0.78,0,High School,2.28,55.5,Pass,D,Medium Risk,0,1,2,2,2.56,1.24,0.12,20.13,0.8902323469344615,-0.7027076869309435,0.46818441634439056,-1.2727972731620427,-0.9547228199424184,-2.7376375003523736,-1.1751393027860062,-1.1837123327881494,-0.27851427802960993,-0.35943500301199627,-0.6154884157075824,0.5203959471131311,0.2236571284544179,0.6800428766294883,"[np.float64(0.8902323469344615), np.float64(-0.7027076869309435), np.float64(0.46818441634439056), np.float64(-1.2727972731620427), np.float64(-0.9547228199424184), np.float64(-2.7376375003523736), np.float64(-1.1751393027860062), np.float64(-1.1837123327881494), np.float64(-0.27851427802960993), np.float64(-0.35943500301199627), np.float64(-0.6154884157075824), np.float64(0.5203959471131311), np.float64(0.2236571284544179), np.float64(0.6800428766294883)]"
S1354,18.4,97.8,80.2,8.4,4.4,2.56,0,Bachelor,2.4,52.0,Pass,D,Medium Risk,1,1,2,2,4.13,3.08,0.1,18.0,-0.17572018474422896,1.3461444736755823,0.6961475254689861,0.928798010145275,0.589886175272625,-0.3079917261220908,-1.1751393027860062,-0.07743912457492572,-0.1276408457029263,-0.1360929776364482,-0.642615588157121,0.25607304717442353,0.5208759038091262,0.3745507742314995,"[np.float64(-0.17572018474422896), np.float64(1.3461444736755823), np.float64(0.6961475254689861), np.float64(0.928798010145275), np.float64(0.589886175272625), np.float64(-0.3079917261220908), np.float64(-1.1751393027860062), np.float64(-0.07743912457492572), np.float64(-0.1276408457029263), np.float64(-0.1360929776364482), np.float64(-0.642615588157121), np.float64(0.25607304717442353), np.float64(0.5208759038091262), np.float64(0.3745507742314995)]"
S1355,19.8,100.0,53.5,8.5,0.0,2.99,1,High School,2.4,50.3,Pass,D,Medium Risk,0,1,2,2,2.57,2.9,0.0,19.8,-0.02941297451382028,1.5106508515345007,-0.6871740685370803,0.9975978627486284,-1.1091837194639227,0.2789451743942136,0.8509629433967631,-1.1837123327881494,-0.2775533007536438,-0.15794165403188226,-0.7782514504048142,0.47944451191135967,0.5208759038091262,0.2261688959239047,"[np.float64(-0.02941297451382028), np.float64(1.5106508515345007), np.float64(-0.6871740685370803), np.float64(0.9975978627486284), np.float64(-1.1091837194639227), np.float64(0.2789451743942136), np.float64(0.8509629433967631), np.float64(-1.1837123327881494), np.float64(-0.2775533007536438), np.float64(-0.15794165403188226), np.float64(-0.7782514504048142), np.float64(0.47944451191135967), np.float64(0.5208759038091262), np.float64(0.2261688959239047)]"
S1356,10.0,71.4,13.2,6.0,1.6,1.88,0,Bachelor,1.18,33.5,Fail,F,High Risk,1,0,3,0,1.2,3.93,0.46,7.14,-1.0535634461266794,-0.6279320606314353,-2.775108908928259,-0.7223984523352134,-0.4913401213779053,-1.2361710106595023,-1.1751393027860062,-0.07743912457492572,-0.40920718756100466,-0.032918672435787395,-0.1543264840654253,-1.091601456738424,-2.5008483122970717,-1.2401931955864411,"[np.float64(-1.0535634461266794), np.float64(-0.6279320606314353), np.float64(-2.775108908928259), np.float64(-0.7223984523352134), np.float64(-0.4913401213779053), np.float64(-1.2361710106595023), np.float64(-1.1751393027860062), np.float64(-0.07743912457492572), np.float64(-0.40920718756100466), np.float64(-0.032918672435787395), np.float64(-0.1543264840654253), np.float64(-1.091601456738424), np.float64(-2.5008483122970717), np.float64(-1.2401931955864411)]"
S1357,19.8,67.5,54.1,9.1,2.2,3.11,1,Bachelor,2.15,36.4,Fail,F,High Risk,1,0,3,0,2.6,3.11,0.72,13.36,-0.02941297451382028,-0.9195570031995179,-0.65608819002009,1.4103969783687502,-0.2596487720956488,0.44274151872434453,0.8509629433967631,-0.07743912457492572,-0.27467036892574537,-0.13245153157054254,0.19832675777857708,-0.3197289508141228,-0.09832987817984885,-0.9870711678852505,"[np.float64(-0.02941297451382028), np.float64(-0.9195570031995179), np.float64(-0.65608819002009), np.float64(1.4103969783687502), np.float64(-0.2596487720956488), np.float64(0.44274151872434453), np.float64(0.8509629433967631), np.float64(-0.07743912457492572), np.float64(-0.27467036892574537), np.float64(-0.13245153157054254), np.float64(0.19832675777857708), np.float64(-0.3197289508141228), np.float64(-0.09832987817984885), np.float64(-0.9870711678852505)]"
S1358,17.1,87.1,72.8,6.6,0.2,2.64,0,Bachelor,2.51,66.5,Pass,C,Low Risk,1,1,1,1,4.02,2.6,0.03,14.89,-0.31157687995817934,0.5460452722708437,0.3127550237594393,-0.30959933671509166,-1.0319532697031704,-0.19879416323533644,-1.1751393027860062,-0.07743912457492572,-0.13821159573855385,-0.194356114690939,-0.7375606917305063,-0.129863205787727,0.7933264478842749,1.640160912737453,"[np.float64(-0.31157687995817934), np.float64(0.5460452722708437), np.float64(0.3127550237594393), np.float64(-0.30959933671509166), np.float64(-1.0319532697031704), np.float64(-0.19879416323533644), np.float64(-1.1751393027860062), np.float64(-0.07743912457492572), np.float64(-0.13821159573855385), np.float64(-0.194356114690939), np.float64(-0.7375606917305063), np.float64(-0.129863205787727), np.float64(0.7933264478842749), np.float64(1.640160912737453)]"
S1359,23.2,71.7,35.4,7.4,9.15,4.0,1,Bachelor,1.48,21.1,Fail,F,High Risk,1,0,3,0,1.46,2.17,2.59,16.63,0.32590453604574293,-0.605499372741583,-1.6249314037996196,0.2407994841117382,2.424109357090489,1.6575644058394858,0.8509629433967631,-0.07743912457492572,-0.3842217783858851,-0.24655017496892034,2.7347173818104404,0.08606254345797765,-1.7578013739103018,-2.3225080726536014,"[np.float64(0.32590453604574293), np.float64(-0.605499372741583), np.float64(-1.6249314037996196), np.float64(0.2407994841117382), np.float64(2.424109357090489), np.float64(1.6575644058394858), np.float64(0.8509629433967631), np.float64(-0.07743912457492572), np.float64(-0.3842217783858851), np.float64(-0.24655017496892034), np.float64(2.7347173818104404), np.float64(0.08606254345797765), np.float64(-1.7578013739103018), np.float64(-2.3225080726536014)]"
S1360,11.7,89.5,68.7,7.4,0.8,4.0,1,Master,2.4,42.8,Fail,F,Medium Risk,2,0,3,2,5.41,4.18,0.08,10.47,-0.8759046908468979,0.7255067753896639,0.10033485389333953,0.2407994841117382,-0.8002619204209138,1.6575644058394858,0.8509629433967631,1.0288340836382979,-0.004635754379260633,-0.002573288553240158,-0.6697427606066597,-0.6783642469750922,0.5208759038091262,-0.4284570377860712,"[np.float64(-0.8759046908468979), np.float64(0.7255067753896639), np.float64(0.10033485389333953), np.float64(0.2407994841117382), np.float64(-0.8002619204209138), np.float64(1.6575644058394858), np.float64(0.8509629433967631), np.float64(1.0288340836382979), np.float64(-0.004635754379260633), np.float64(-0.002573288553240158), np.float64(-0.6697427606066597), np.float64(-0.6783642469750922), np.float64(0.5208759038091262), np.float64(-0.4284570377860712)]"
S1361,25.2,83.0,64.7,6.8,1.1,2.43,0,High School,2.59,55.4,Pass,D,Medium Risk,0,1,2,2,2.47,1.84,0.19,20.92,0.5349148363748979,0.23946520444286015,-0.10690433621992881,-0.17199963150838418,-0.6844162457797857,-0.48543776581306636,-1.1751393027860062,-1.1837123327881494,-0.28716307351330517,-0.2866060816938828,-0.5205433121341971,0.6184312010810089,0.9914722981207471,0.6713145308466885,"[np.float64(0.5349148363748979), np.float64(0.23946520444286015), np.float64(-0.10690433621992881), np.float64(-0.17199963150838418), np.float64(-0.6844162457797857), np.float64(-0.48543776581306636), np.float64(-1.1751393027860062), np.float64(-1.1837123327881494), np.float64(-0.28716307351330517), np.float64(-0.2866060816938828), np.float64(-0.5205433121341971), np.float64(0.6184312010810089), np.float64(0.9914722981207471), np.float64(0.6713145308466885)]"
S1362,35.3,57.3,76.6,8.2,1.1,2.68,0,High School,2.29,62.0,Pass,D,Low Risk,0,1,2,1,2.11,1.59,0.47,20.23,1.59041685303713,-1.6822683914545025,0.5096322543670441,0.7911983049385668,-0.6844162457797857,-0.14419538179195926,-1.1751393027860062,-1.1837123327881494,-0.3217582554480861,-0.31695146557643006,-0.14076289784065604,0.53280547293185,0.24842535973397747,1.2473853525114673,"[np.float64(1.59041685303713), np.float64(-1.6822683914545025), np.float64(0.5096322543670441), np.float64(0.7911983049385668), np.float64(-0.6844162457797857), np.float64(-0.14419538179195926), np.float64(-1.1751393027860062), np.float64(-1.1837123327881494), np.float64(-0.3217582554480861), np.float64(-0.31695146557643006), np.float64(-0.14076289784065604), np.float64(0.53280547293185), np.float64(0.24842535973397747), np.float64(1.2473853525114673)]"
S1363,18.9,100.0,67.4,8.2,0.8,2.74,1,Master,2.66,53.4,Pass,D,Medium Risk,2,1,2,2,3.39,2.93,0.0,18.9,-0.12346760966194022,1.5106508515345007,0.032982117106527466,0.7911983049385668,-0.8002619204209138,-0.06229720962689348,0.8509629433967631,1.0288340836382979,-0.19875316412442048,-0.15430020796597657,-0.7782514504048142,0.3677587795428914,1.1648499170776607,0.4967476151906949,"[np.float64(-0.12346760966194022), np.float64(1.5106508515345007), np.float64(0.032982117106527466), np.float64(0.7911983049385668), np.float64(-0.8002619204209138), np.float64(-0.06229720962689348), np.float64(0.8509629433967631), np.float64(1.0288340836382979), np.float64(-0.19875316412442048), np.float64(-0.15430020796597657), np.float64(-0.7782514504048142), np.float64(0.3677587795428914), np.float64(1.1648499170776607), np.float64(0.4967476151906949)]"
S1364,24.0,100.0,45.5,4.4,0.0,2.44,0,Bachelor,3.08,48.6,Fail,F,Medium Risk,1,0,3,2,1.82,1.25,0.0,24.0,0.409508656177405,1.5106508515345007,-1.101652448763617,-1.8231960939888718,-1.1091837194639227,-0.4717880704522223,-1.1751393027860062,-0.07743912457492572,-0.3496265964511041,-0.35822118765669436,-0.7782514504048142,1.0006445962975437,2.205115630819139,0.07778701761631054,"[np.float64(0.409508656177405), np.float64(1.5106508515345007), np.float64(-1.101652448763617), np.float64(-1.8231960939888718), np.float64(-1.1091837194639227), np.float64(-0.4717880704522223), np.float64(-1.1751393027860062), np.float64(-0.07743912457492572), np.float64(-0.3496265964511041), np.float64(-0.35822118765669436), np.float64(-0.7782514504048142), np.float64(1.0006445962975437), np.float64(2.205115630819139), np.float64(0.07778701761631054)]"
S1365,26.9,70.8,88.9,9.0,3.9,2.96,1,Master,2.47,60.3,Pass,D,Low Risk,2,1,2,1,3.19,2.28,1.14,19.05,0.7125735916546795,-0.6727974364111409,1.1468927639653448,1.3415971257653967,0.39681005087074445,0.23799608831168043,0.8509629433967631,1.0288340836382979,-0.21797270964374324,-0.23319820606059957,0.7679973792188887,0.3863730682709697,0.6942535227660399,1.0990034742038726,"[np.float64(0.7125735916546795), np.float64(-0.6727974364111409), np.float64(1.1468927639653448), np.float64(1.3415971257653967), np.float64(0.39681005087074445), np.float64(0.23799608831168043), np.float64(0.8509629433967631), np.float64(1.0288340836382979), np.float64(-0.21797270964374324), np.float64(-0.23319820606059957), np.float64(0.7679973792188887), np.float64(0.3863730682709697), np.float64(0.6942535227660399), np.float64(1.0990034742038726)]"
S1366,16.0,74.2,61.8,4.5,9.15,2.19,1,Bachelor,1.91,34.7,Fail,F,High Risk,1,0,3,0,3.64,1.89,2.36,11.87,-0.42653254513921474,-0.4185603069928124,-0.25715274905204866,-1.7543962413855185,2.424109357090489,-0.8130304544733294,0.8509629433967631,-0.07743912457492572,-0.17472873222526702,-0.2805370049173733,2.422754898640746,-0.504630885513031,-0.6927674288892649,-1.1354530461928447,"[np.float64(-0.42653254513921474), np.float64(-0.4185603069928124), np.float64(-0.25715274905204866), np.float64(-1.7543962413855185), np.float64(2.424109357090489), np.float64(-0.8130304544733294), np.float64(0.8509629433967631), np.float64(-0.07743912457492572), np.float64(-0.17472873222526702), np.float64(-0.2805370049173733), np.float64(2.422754898640746), np.float64(-0.504630885513031), np.float64(-0.6927674288892649), np.float64(-1.1354530461928447)]"
S1367,22.2,84.3,64.5,8.5,0.8,1.9,1,Master,2.04,63.6,Pass,D,Low Risk,2,1,2,1,2.78,2.6,0.13,18.71,0.22139938588116548,0.33667351863222067,-0.11726629572559238,0.9975978627486284,-0.8002619204209138,-1.2088716199378138,0.8509629433967631,1.0288340836382979,-0.2573727779583549,-0.194356114690939,-0.601924829482813,0.3441806804873262,-0.3707804222549976,1.3870388850362625,"[np.float64(0.22139938588116548), np.float64(0.33667351863222067), np.float64(-0.11726629572559238), np.float64(0.9975978627486284), np.float64(-0.8002619204209138), np.float64(-1.2088716199378138), np.float64(0.8509629433967631), np.float64(1.0288340836382979), np.float64(-0.2573727779583549), np.float64(-0.194356114690939), np.float64(-0.601924829482813), np.float64(0.3441806804873262), np.float64(-0.3707804222549976), np.float64(1.3870388850362625)]"
S1368,20.1,85.0,46.3,8.7,3.3,3.3,1,Bachelor,2.25,52.1,Pass,D,Medium Risk,1,1,2,2,2.19,2.93,0.5,17.08,0.001938570535553035,0.3890164570418767,-1.0602046107409635,1.1351975679553352,0.16511870158848793,0.7020857305803858,0.8509629433967631,-0.07743912457492572,-0.31407043724035705,-0.15430020796597657,-0.10007213916634802,0.14190540964221157,0.14935243461574138,0.3832791200142993,"[np.float64(0.001938570535553035), np.float64(0.3890164570418767), np.float64(-1.0602046107409635), np.float64(1.1351975679553352), np.float64(0.16511870158848793), np.float64(0.7020857305803858), np.float64(0.8509629433967631), np.float64(-0.07743912457492572), np.float64(-0.31407043724035705), np.float64(-0.15430020796597657), np.float64(-0.10007213916634802), np.float64(0.14190540964221157), np.float64(0.14935243461574138), np.float64(0.3832791200142993)]"
S1369,21.0,89.9,56.1,5.4,4.1,3.3,0,Master,2.36,53.0,Pass,D,Medium Risk,2,1,2,2,2.55,1.74,0.41,18.88,0.0959932056836726,0.7554170259094676,-0.5524685949634558,-1.1351975679553352,0.4740405006314965,0.7020857305803858,-1.1751393027860062,1.0288340836382979,-0.2794752553055761,-0.29874423524690163,-0.22214441518927197,0.36527687437914774,0.42180297869089006,0.4618342320594963,"[np.float64(0.0959932056836726), np.float64(0.7554170259094676), np.float64(-0.5524685949634558), np.float64(-1.1351975679553352), np.float64(0.4740405006314965), np.float64(0.7020857305803858), np.float64(-1.1751393027860062), np.float64(1.0288340836382979), np.float64(-0.2794752553055761), np.float64(-0.29874423524690163), np.float64(-0.22214441518927197), np.float64(0.36527687437914774), np.float64(0.42180297869089006), np.float64(0.4618342320594963)]"
S1370,12.3,100.0,47.3,6.4,5.7,2.16,0,PhD,2.04,32.8,Fail,F,High Risk,3,0,3,0,3.56,3.45,0.0,12.3,-0.8132016007481513,1.5106508515345007,-1.0083948132126463,-0.4471990419217985,1.091884098717514,-0.853979540555862,-1.1751393027860062,2.1351072918515213,-0.18241655043299615,-0.0911818094902782,-0.7782514504048142,-0.45126992449254055,-0.3707804222549976,-1.301291616066039,"[np.float64(-0.8132016007481513), np.float64(1.5106508515345007), np.float64(-1.0083948132126463), np.float64(-0.4471990419217985), np.float64(1.091884098717514), np.float64(-0.853979540555862), np.float64(-1.1751393027860062), np.float64(2.1351072918515213), np.float64(-0.18241655043299615), np.float64(-0.0911818094902782), np.float64(-0.7782514504048142), np.float64(-0.45126992449254055), np.float64(-0.3707804222549976), np.float64(-1.301291616066039)]"
S1371,20.2,77.3,61.5,5.3,1.6,3.52,1,Bachelor,1.87,45.3,Fail,F,Medium Risk,1,0,3,2,2.9,1.78,0.36,15.61,0.012389085552010558,-0.18675586546433717,-0.27269568831054364,-1.2039974205586892,-0.4913401213779053,1.0023790285189604,0.8509629433967631,-0.07743912457492572,-0.24584105064676126,-0.29388897382569407,-0.28996234631311857,-0.04051461989295273,-0.7918403540075004,-0.21024839321607924,"[np.float64(0.012389085552010558), np.float64(-0.18675586546433717), np.float64(-0.27269568831054364), np.float64(-1.2039974205586892), np.float64(-0.4913401213779053), np.float64(1.0023790285189604), np.float64(0.8509629433967631), np.float64(-0.07743912457492572), np.float64(-0.24584105064676126), np.float64(-0.29388897382569407), np.float64(-0.28996234631311857), np.float64(-0.04051461989295273), np.float64(-0.7918403540075004), np.float64(-0.21024839321607924)]"
S1372,25.0,68.0,99.2,6.7,1.1,2.29,0,High School,2.47,55.4,Pass,D,Medium Risk,0,1,2,2,3.82,1.82,0.35,17.0,0.5140138063419825,-0.8821691900497638,1.6805336785070106,-0.2407994841117376,-0.6844162457797857,-0.6765335008648865,-1.1751393027860062,-1.1837123327881494,-0.15743114125787658,-0.2890337124044865,-0.30352593253788795,0.13197778898723686,0.6942535227660399,0.6713145308466885,"[np.float64(0.5140138063419825), np.float64(-0.8821691900497638), np.float64(1.6805336785070106), np.float64(-0.2407994841117376), np.float64(-0.6844162457797857), np.float64(-0.6765335008648865), np.float64(-1.1751393027860062), np.float64(-1.1837123327881494), np.float64(-0.15743114125787658), np.float64(-0.2890337124044865), np.float64(-0.30352593253788795), np.float64(0.13197778898723686), np.float64(0.6942535227660399), np.float64(0.6713145308466885)]"
S1373,34.5,59.3,37.6,6.5,1.2,3.0,1,High School,2.52,38.0,Fail,F,High Risk,0,0,3,0,1.06,1.29,0.49,20.46,1.5068127329054684,-1.5327171388554859,-1.510949849237322,-0.3783991893184451,-0.6458010208994097,0.2925948697550576,0.8509629433967631,-1.1837123327881494,-0.42266086942453057,-0.3533659262354868,-0.11363572539111735,0.5613473823149029,0.8180946791638345,-0.8474176353604556,"[np.float64(1.5068127329054684), np.float64(-1.5327171388554859), np.float64(-1.510949849237322), np.float64(-0.3783991893184451), np.float64(-0.6458010208994097), np.float64(0.2925948697550576), np.float64(0.8509629433967631), np.float64(-1.1837123327881494), np.float64(-0.42266086942453057), np.float64(-0.3533659262354868), np.float64(-0.11363572539111735), np.float64(0.5613473823149029), np.float64(0.8180946791638345), np.float64(-0.8474176353604556)]"
S1374,29.6,69.0,32.7,8.2,3.7,3.46,0,High School,2.25,46.5,Fail,F,Medium Risk,0,0,3,2,1.07,1.89,1.15,20.42,0.9947374970990389,-0.8073935637502555,-1.7648178571260755,0.7911983049385668,0.3195796011099924,0.9204808563538945,-1.1751393027860062,-1.1837123327881494,-0.42169989214856446,-0.2805370049173733,0.781560965443658,0.5563835719874156,0.14935243461574138,-0.10550824382248283,"[np.float64(0.9947374970990389), np.float64(-0.8073935637502555), np.float64(-1.7648178571260755), np.float64(0.7911983049385668), np.float64(0.3195796011099924), np.float64(0.9204808563538945), np.float64(-1.1751393027860062), np.float64(-1.1837123327881494), np.float64(-0.42169989214856446), np.float64(-0.2805370049173733), np.float64(0.781560965443658), np.float64(0.5563835719874156), np.float64(0.14935243461574138), np.float64(-0.10550824382248283)]"
S1375,41.5,79.5,94.4,9.0,5.1,2.77,0,High School,3.18,63.5,Pass,D,Low Risk,0,1,2,1,2.22,1.49,1.05,32.99,2.2383487840575107,-0.022249487605418766,1.4318466503710887,1.3415971257653967,0.8601927494352573,-0.021348123544360897,-1.1751393027860062,-1.1837123327881494,-0.3111875054124586,-0.32908961912944895,0.645925103195965,2.1162609674003523,2.452797943614729,1.3783105392534625,"[np.float64(2.2383487840575107), np.float64(-0.022249487605418766), np.float64(1.4318466503710887), np.float64(1.3415971257653967), np.float64(0.8601927494352573), np.float64(-0.021348123544360897), np.float64(-1.1751393027860062), np.float64(-1.1837123327881494), np.float64(-0.3111875054124586), np.float64(-0.32908961912944895), np.float64(0.645925103195965), np.float64(2.1162609674003523), np.float64(2.452797943614729), np.float64(1.3783105392534625)]"
S1376,12.3,100.0,60.8,9.1,0.6,3.16,1,Bachelor,2.27,54.8,Pass,D,Medium Risk,1,1,2,2,4.57,4.9,0.0,12.3,-0.8132016007481513,1.5106508515345007,-0.30896254658036576,1.4103969783687502,-0.8774923701816661,0.5109899955285663,0.8509629433967631,-0.07743912457492572,-0.0853578455604162,0.08482141702849612,-0.7782514504048142,-0.45126992449254055,0.1988888971748594,0.6189444561498902,"[np.float64(-0.8132016007481513), np.float64(1.5106508515345007), np.float64(-0.30896254658036576), np.float64(1.4103969783687502), np.float64(-0.8774923701816661), np.float64(0.5109899955285663), np.float64(0.8509629433967631), np.float64(-0.07743912457492572), np.float64(-0.0853578455604162), np.float64(0.08482141702849612), np.float64(-0.7782514504048142), np.float64(-0.45126992449254055), np.float64(0.1988888971748594), np.float64(0.6189444561498902)]"
S1377,28.7,72.2,51.6,6.2,1.4,2.39,0,Bachelor,2.36,39.8,Fail,F,High Risk,1,0,3,0,1.74,1.48,0.39,20.72,0.900682861950919,-0.5681115595918289,-0.7856126838408827,-0.584798747128506,-0.5685705711386575,-0.5400365472564436,-1.1751393027860062,-0.07743912457492572,-0.3573144146588332,-0.33030343448475086,-0.24927158763881058,0.5936121494435712,0.42180297869089006,-0.6903074112700616,"[np.float64(0.900682861950919), np.float64(-0.5681115595918289), np.float64(-0.7856126838408827), np.float64(-0.584798747128506), np.float64(-0.5685705711386575), np.float64(-0.5400365472564436), np.float64(-1.1751393027860062), np.float64(-0.07743912457492572), np.float64(-0.3573144146588332), np.float64(-0.33030343448475086), np.float64(-0.24927158763881058), np.float64(0.5936121494435712), np.float64(0.42180297869089006), np.float64(-0.6903074112700616)]"
S1378,21.8,83.4,85.8,6.7,7.0,2.64,1,Bachelor,2.43,65.5,Pass,C,Low Risk,1,1,1,1,3.76,2.08,1.16,18.18,0.17959732581533466,0.2693754549626639,0.9862823916275614,-0.2407994841117376,1.5938820221624028,-0.19879416323533644,0.8509629433967631,-0.07743912457492572,-0.16319700491367342,-0.2574745131666374,0.7951245516684273,0.27841019364811714,0.5951805976478038,1.5528774549094562,"[np.float64(0.17959732581533466), np.float64(0.2693754549626639), np.float64(0.9862823916275614), np.float64(-0.2407994841117376), np.float64(1.5938820221624028), np.float64(-0.19879416323533644), np.float64(0.8509629433967631), np.float64(-0.07743912457492572), np.float64(-0.16319700491367342), np.float64(-0.2574745131666374), np.float64(0.7951245516684273), np.float64(0.27841019364811714), np.float64(0.5951805976478038), np.float64(1.5528774549094562)]"
S1379,41.9,79.8,52.9,4.5,4.9,2.64,1,Bachelor,2.12,46.9,Fail,F,Medium Risk,1,0,3,2,1.23,0.74,0.99,33.44,2.2801508441233413,0.00018320028443350112,-0.7182599470540707,-1.7543962413855185,0.7829622996745054,-0.19879416323533644,0.8509629433967631,-0.07743912457492572,-0.4063242557331062,-0.42012577077709085,0.5645435858473489,2.1721038335845857,-0.17263457201852536,-0.07059486069128425,"[np.float64(2.2801508441233413), np.float64(0.00018320028443350112), np.float64(-0.7182599470540707), np.float64(-1.7543962413855185), np.float64(0.7829622996745054), np.float64(-0.19879416323533644), np.float64(0.8509629433967631), np.float64(-0.07743912457492572), np.float64(-0.4063242557331062), np.float64(-0.42012577077709085), np.float64(0.5645435858473489), np.float64(2.1721038335845857), np.float64(-0.17263457201852536), np.float64(-0.07059486069128425)]"
S1380,11.9,97.8,100.0,5.8,9.15,2.2,1,Bachelor,2.36,49.7,Fail,F,Medium Risk,1,0,3,2,7.75,3.22,0.2,11.64,-0.8550036608139823,1.3461444736755823,1.7219815165296641,-0.8599981575419209,2.424109357090489,-0.7993807591124849,0.8509629433967631,-0.07743912457492572,0.2202329281968156,-0.1190995626622217,-0.5069797259094277,-0.5331727948960838,0.42180297869089006,0.17379882122710713,"[np.float64(-0.8550036608139823), np.float64(1.3461444736755823), np.float64(1.7219815165296641), np.float64(-0.8599981575419209), np.float64(2.424109357090489), np.float64(-0.7993807591124849), np.float64(0.8509629433967631), np.float64(-0.07743912457492572), np.float64(0.2202329281968156), np.float64(-0.1190995626622217), np.float64(-0.5069797259094277), np.float64(-0.5331727948960838), np.float64(0.42180297869089006), np.float64(0.17379882122710713)]"
S1381,11.6,100.0,78.6,8.4,4.2,2.66,1,High School,2.05,57.0,Pass,D,Medium Risk,0,1,2,2,6.24,4.78,0.0,11.6,-0.8863552058633556,1.5106508515345007,0.6132518494236783,0.928798010145275,0.5126557255118728,-0.17149477251364784,0.8509629433967631,-1.1837123327881494,0.07512535952592882,0.0702556327648734,-0.7782514504048142,-0.5381366052235713,-0.34601219097543906,0.8109680633714834,"[np.float64(-0.8863552058633556), np.float64(1.5106508515345007), np.float64(0.6132518494236783), np.float64(0.928798010145275), np.float64(0.5126557255118728), np.float64(-0.17149477251364784), np.float64(0.8509629433967631), np.float64(-1.1837123327881494), np.float64(0.07512535952592882), np.float64(0.0702556327648734), np.float64(-0.7782514504048142), np.float64(-0.5381366052235713), np.float64(-0.34601219097543906), np.float64(0.8109680633714834)]"
S1382,14.0,72.0,55.2,9.4,1.5,1.56,1,High School,1.7,38.6,Fail,F,High Risk,0,0,3,0,3.68,4.48,0.42,10.08,-0.6355428454683697,-0.5830666848517307,-0.5990974127389411,1.6167965361788117,-0.5299553462582814,-1.672961262206519,0.8509629433967631,-1.1837123327881494,-0.17088482312140246,0.03384117210581668,-0.20858082896450264,-0.7267613976680951,-1.2129002857600037,-0.7950475606636573,"[np.float64(-0.6355428454683697), np.float64(-0.5830666848517307), np.float64(-0.5990974127389411), np.float64(1.6167965361788117), np.float64(-0.5299553462582814), np.float64(-1.672961262206519), np.float64(0.8509629433967631), np.float64(-1.1837123327881494), np.float64(-0.17088482312140246), np.float64(0.03384117210581668), np.float64(-0.20858082896450264), np.float64(-0.7267613976680951), np.float64(-1.2129002857600037), np.float64(-0.7950475606636573)]"
S1383,0.0,72.7,100.0,5.1,2.7,2.41,1,High School,1.96,48.8,Fail,F,Medium Risk,0,0,3,2,100.0,51.0,0.74,0.0,-2.0986149477724543,-0.5307237464420748,1.7219815165296641,-1.3415971257653967,-0.0665726476937684,-0.5127371565347549,0.8509629433967631,-1.1837123327881494,9.085248298984437,5.680510204970217,0.22545393022811577,-1.977641600194937,-0.5689262724914698,0.09524370918190952,"[np.float64(-2.0986149477724543), np.float64(-0.5307237464420748), np.float64(1.7219815165296641), np.float64(-1.3415971257653967), np.float64(-0.0665726476937684), np.float64(-0.5127371565347549), np.float64(0.8509629433967631), np.float64(-1.1837123327881494), np.float64(9.085248298984437), np.float64(5.680510204970217), np.float64(0.22545393022811577), np.float64(-1.977641600194937), np.float64(-0.5689262724914698), np.float64(0.09524370918190952)]"
S1384,14.7,95.7,52.9,6.1,3.2,2.57,0,Bachelor,2.18,34.1,Fail,F,High Risk,1,0,3,0,3.37,2.77,0.14,14.07,-0.5623892403531655,1.1891156584466154,-0.7182599470540707,-0.65359859973186,0.126503476708112,-0.2943420307612468,-1.1751393027860062,-0.07743912457492572,-0.20067511867635277,-0.17372125365080685,-0.5883612432580437,-0.23162131750122014,-0.024025184341171235,-1.1878231208896428,"[np.float64(-0.5623892403531655), np.float64(1.1891156584466154), np.float64(-0.7182599470540707), np.float64(-0.65359859973186), np.float64(0.126503476708112), np.float64(-0.2943420307612468), np.float64(-1.1751393027860062), np.float64(-0.07743912457492572), np.float64(-0.20067511867635277), np.float64(-0.17372125365080685), np.float64(-0.5883612432580437), np.float64(-0.23162131750122014), np.float64(-0.024025184341171235), np.float64(-1.1878231208896428)]"
S1385,12.4,90.2,79.8,7.0,0.2,2.6,1,High School,1.92,62.5,Pass,D,Low Risk,0,1,2,1,5.96,3.74,0.02,11.18,-0.8027510857316935,0.7778497137993199,0.6754236064576589,-0.034399926301676716,-1.0319532697031704,-0.2533929446787136,0.8509629433967631,-1.1837123327881494,0.04821799579887693,-0.05598116418652333,-0.7511242779552756,-0.5902566136621897,-0.6679991976097058,1.2910270814254659,"[np.float64(-0.8027510857316935), np.float64(0.7778497137993199), np.float64(0.6754236064576589), np.float64(-0.034399926301676716), np.float64(-1.0319532697031704), np.float64(-0.2533929446787136), np.float64(0.8509629433967631), np.float64(-1.1837123327881494), np.float64(0.04821799579887693), np.float64(-0.05598116418652333), np.float64(-0.7511242779552756), np.float64(-0.5902566136621897), np.float64(-0.6679991976097058), np.float64(1.2910270814254659)]"
S1386,21.5,100.0,71.0,7.4,2.4,2.61,1,High School,2.79,55.0,Pass,D,Medium Risk,0,1,2,2,3.16,2.33,0.0,21.5,0.14824578076596134,1.5106508515345007,0.21949738820846867,0.2407994841117382,-0.18241832233489674,-0.2397432493178696,0.8509629433967631,-1.1837123327881494,-0.22085564147164163,-0.22712912928409007,-0.7782514504048142,0.690406450829577,1.4868369237119274,0.6364011477154898,"[np.float64(0.14824578076596134), np.float64(1.5106508515345007), np.float64(0.21949738820846867), np.float64(0.2407994841117382), np.float64(-0.18241832233489674), np.float64(-0.2397432493178696), np.float64(0.8509629433967631), np.float64(-1.1837123327881494), np.float64(-0.22085564147164163), np.float64(-0.22712912928409007), np.float64(-0.7782514504048142), np.float64(0.690406450829577), np.float64(1.4868369237119274), np.float64(0.6364011477154898)]"
S1387,23.4,88.8,91.0,5.8,3.7,2.75,1,Bachelor,2.67,51.8,Pass,D,Medium Risk,1,1,2,2,3.73,1.68,0.41,20.78,0.34680556607865837,0.6731638369800079,1.2556933387748104,-0.8599981575419209,0.3195796011099924,-0.048647514266049484,0.8509629433967631,-0.07743912457492572,-0.16607993674157182,-0.30602712737871307,-0.22214441518927197,0.6010578649348027,1.1896181483572192,0.35709408266589987,"[np.float64(0.34680556607865837), np.float64(0.6731638369800079), np.float64(1.2556933387748104), np.float64(-0.8599981575419209), np.float64(0.3195796011099924), np.float64(-0.048647514266049484), np.float64(0.8509629433967631), np.float64(-0.07743912457492572), np.float64(-0.16607993674157182), np.float64(-0.30602712737871307), np.float64(-0.22214441518927197), np.float64(0.6010578649348027), np.float64(1.1896181483572192), np.float64(0.35709408266589987)]"
S1388,38.8,74.6,96.2,7.6,0.5,3.18,1,Master,2.64,65.2,Pass,C,Low Risk,2,1,1,1,2.42,1.35,0.13,28.94,1.9561848786131513,-0.3886500564730097,1.5251042859220594,0.3783991893184451,-0.9161075950620422,0.5382893862502549,0.8509629433967631,1.0288340836382979,-0.29196795989313584,-0.34608303410367547,-0.601924829482813,1.6136751717422462,1.1153134545185428,1.5266924175610574,"[np.float64(1.9561848786131513), np.float64(-0.3886500564730097), np.float64(1.5251042859220594), np.float64(0.3783991893184451), np.float64(-0.9161075950620422), np.float64(0.5382893862502549), np.float64(0.8509629433967631), np.float64(1.0288340836382979), np.float64(-0.29196795989313584), np.float64(-0.34608303410367547), np.float64(-0.601924829482813), np.float64(1.6136751717422462), np.float64(1.1153134545185428), np.float64(1.5266924175610574)]"
S1389,29.5,88.9,65.6,6.3,4.6,3.5,0,High School,2.04,60.0,Pass,D,Medium Risk,0,1,2,2,2.15,1.46,0.51,26.23,0.984286982082581,0.6806413996099594,-0.06027551844444388,-0.5159988945251526,0.6671166250333769,0.9750796377972718,-1.1751393027860062,-1.1837123327881494,-0.3179143463442216,-0.33273106519535467,-0.08650855294157868,1.27737702205497,-0.3707804222549976,1.0728184368554738,"[np.float64(0.984286982082581), np.float64(0.6806413996099594), np.float64(-0.06027551844444388), np.float64(-0.5159988945251526), np.float64(0.6671166250333769), np.float64(0.9750796377972718), np.float64(-1.1751393027860062), np.float64(-1.1837123327881494), np.float64(-0.3179143463442216), np.float64(-0.33273106519535467), np.float64(-0.08650855294157868), np.float64(1.27737702205497), np.float64(-0.3707804222549976), np.float64(1.0728184368554738)]"
S1390,14.2,96.6,49.9,7.0,2.6,2.28,1,Bachelor,2.03,39.5,Fail,F,High Risk,1,0,3,0,3.28,3.29,0.09,13.72,-0.6146418154354543,1.2564137221161722,-0.873689339639022,-0.034399926301676716,-0.10518787257414451,-0.6901831962257311,0.8509629433967631,-0.07743912457492572,-0.20932391416004803,-0.11060285517510847,-0.6561791743818904,-0.27505465786673544,-0.39554865353455715,-0.7164924486184604,"[np.float64(-0.6146418154354543), np.float64(1.2564137221161722), np.float64(-0.873689339639022), np.float64(-0.034399926301676716), np.float64(-0.10518787257414451), np.float64(-0.6901831962257311), np.float64(0.8509629433967631), np.float64(-0.07743912457492572), np.float64(-0.20932391416004803), np.float64(-0.11060285517510847), np.float64(-0.6561791743818904), np.float64(-0.27505465786673544), np.float64(-0.39554865353455715), np.float64(-0.7164924486184604)]"
S1391,11.0,92.3,74.2,7.8,9.1,1.84,1,Bachelor,1.93,37.9,Fail,F,High Risk,1,0,3,0,6.18,4.67,0.7,10.15,-0.949058295962102,0.9348785290282868,0.3852887402990835,0.5159988945251526,2.4048017446503,-1.2907697921028791,0.8509629433967631,-0.07743912457492572,0.06935949587013193,0.05690366385655256,0.17119958532903842,-0.718074729594992,-0.6432309663301469,-0.8561459811432554,"[np.float64(-0.949058295962102), np.float64(0.9348785290282868), np.float64(0.3852887402990835), np.float64(0.5159988945251526), np.float64(2.4048017446503), np.float64(-1.2907697921028791), np.float64(0.8509629433967631), np.float64(-0.07743912457492572), np.float64(0.06935949587013193), np.float64(0.05690366385655256), np.float64(0.17119958532903842), np.float64(-0.718074729594992), np.float64(-0.6432309663301469), np.float64(-0.8561459811432554)]"
S1392,24.9,87.6,51.4,7.0,0.1,1.97,0,Master,2.25,48.9,Fail,F,Medium Risk,2,0,3,2,1.98,1.91,0.01,21.81,0.5035632913255246,0.5834330854205978,-0.7959746433465463,-0.034399926301676716,-1.0705684945835465,-1.1133237524119037,-1.1751393027860062,1.0288340836382979,-0.3342509600356459,-0.2781093742067695,-0.764687864180045,0.7288759808676047,0.14935243461574138,0.10397205496470933,"[np.float64(0.5035632913255246), np.float64(0.5834330854205978), np.float64(-0.7959746433465463), np.float64(-0.034399926301676716), np.float64(-1.0705684945835465), np.float64(-1.1133237524119037), np.float64(-1.1751393027860062), np.float64(1.0288340836382979), np.float64(-0.3342509600356459), np.float64(-0.2781093742067695), np.float64(-0.764687864180045), np.float64(0.7288759808676047), np.float64(0.14935243461574138), np.float64(0.10397205496470933)]"
S1393,6.8,96.0,100.0,6.3,0.9,2.41,1,PhD,2.23,43.4,Fail,F,Medium Risk,3,0,3,2,12.82,5.88,0.04,6.53,-1.3879799266533273,1.2115483463364676,1.7219815165296641,-0.5159988945251526,-0.7616466955405379,-0.5127371565347549,0.8509629433967631,2.1351072918515213,0.7074484071116475,0.20377532184808145,-0.7239971055057369,-1.1672995642326076,0.09981597205662333,-0.37608696308927303,"[np.float64(-1.3879799266533273), np.float64(1.2115483463364676), np.float64(1.7219815165296641), np.float64(-0.5159988945251526), np.float64(-0.7616466955405379), np.float64(-0.5127371565347549), np.float64(0.8509629433967631), np.float64(2.1351072918515213), np.float64(0.7074484071116475), np.float64(0.20377532184808145), np.float64(-0.7239971055057369), np.float64(-1.1672995642326076), np.float64(0.09981597205662333), np.float64(-0.37608696308927303)]"
S1394,38.3,97.5,67.7,6.8,2.8,2.52,1,High School,2.12,77.1,Pass,B,Low Risk,0,1,0,1,1.72,1.22,0.07,37.34,1.9039323035308624,1.32371178578573,0.04852505636502245,-0.17199963150838418,-0.02795742281339246,-0.36259050756546796,0.8509629433967631,-1.1837123327881494,-0.3592363692107655,-0.3618626337226001,-0.6833063468314289,2.6560753405146147,-0.17263457201852536,2.5653655657142185,"[np.float64(1.9039323035308624), np.float64(1.32371178578573), np.float64(0.04852505636502245), np.float64(-0.17199963150838418), np.float64(-0.02795742281339246), np.float64(-0.36259050756546796), np.float64(0.8509629433967631), np.float64(-1.1837123327881494), np.float64(-0.3592363692107655), np.float64(-0.3618626337226001), np.float64(-0.6833063468314289), np.float64(2.6560753405146147), np.float64(-0.17263457201852536), np.float64(2.5653655657142185)]"
S1395,31.8,100.0,57.7,6.9,1.1,2.18,1,High School,2.41,53.5,Pass,D,Medium Risk,0,1,2,2,1.76,1.49,0.0,31.8,1.2246488274611094,1.5106508515345007,-0.4695729189181484,-0.10319977890503014,-0.6844162457797857,-0.8266801498341734,0.8509629433967631,-1.1837123327881494,-0.35539246010690095,-0.32908961912944895,-0.7782514504048142,1.9685876101576,0.5456441350886857,0.5054759609734947,"[np.float64(1.2246488274611094), np.float64(1.5106508515345007), np.float64(-0.4695729189181484), np.float64(-0.10319977890503014), np.float64(-0.6844162457797857), np.float64(-0.8266801498341734), np.float64(0.8509629433967631), np.float64(-1.1837123327881494), np.float64(-0.35539246010690095), np.float64(-0.32908961912944895), np.float64(-0.7782514504048142), np.float64(1.9685876101576), np.float64(0.5456441350886857), np.float64(0.5054759609734947)]"
S1396,15.3,89.7,68.7,6.4,3.8,1.76,1,Master,2.0,53.5,Pass,D,Medium Risk,2,1,2,2,4.21,2.8,0.39,13.72,-0.49968615025441887,0.7404619006495657,0.10033485389333953,-0.4471990419217985,0.35819482599036834,-1.3999673549896334,0.8509629433967631,1.0288340836382979,-0.11995302749519719,-0.17007980758490118,-0.24927158763881058,-0.27505465786673544,-0.46985334737323364,0.5054759609734947,"[np.float64(-0.49968615025441887), np.float64(0.7404619006495657), np.float64(0.10033485389333953), np.float64(-0.4471990419217985), np.float64(0.35819482599036834), np.float64(-1.3999673549896334), np.float64(0.8509629433967631), np.float64(1.0288340836382979), np.float64(-0.11995302749519719), np.float64(-0.17007980758490118), np.float64(-0.24927158763881058), np.float64(-0.27505465786673544), np.float64(-0.46985334737323364), np.float64(0.5054759609734947)]"
S1397,2.9,77.5,38.1,6.6,4.3,2.44,1,Bachelor,1.73,31.0,Fail,F,High Risk,1,0,3,0,9.77,12.83,0.97,2.25,-1.7955500122951797,-0.1718007402044353,-1.4850449504731633,-0.30959933671509166,0.5512709503922487,-0.4717880704522223,0.8509629433967631,-0.07743912457492572,0.4143503379419754,1.047376993782896,0.5374164133978102,-1.698427269273767,-1.1385955919213266,-1.4584018401564331,"[np.float64(-1.7955500122951797), np.float64(-0.1718007402044353), np.float64(-1.4850449504731633), np.float64(-0.30959933671509166), np.float64(0.5512709503922487), np.float64(-0.4717880704522223), np.float64(0.8509629433967631), np.float64(-0.07743912457492572), np.float64(0.4143503379419754), np.float64(1.047376993782896), np.float64(0.5374164133978102), np.float64(-1.698427269273767), np.float64(-1.1385955919213266), np.float64(-1.4584018401564331)]"
S1398,33.5,82.2,45.6,9.4,0.3,2.95,0,Bachelor,2.25,47.1,Fail,F,Medium Risk,1,0,3,2,1.32,1.92,0.05,27.54,1.4023075827408908,0.17964470340325375,-1.0964714690107853,1.6167965361788117,-0.9933380448227944,0.22434639295083642,-1.1751393027860062,-0.07743912457492572,-0.397675460249411,-0.27689555885146766,-0.7104335192809677,1.4399418102801846,0.14935243461574138,-0.05313816912568464,"[np.float64(1.4023075827408908), np.float64(0.17964470340325375), np.float64(-1.0964714690107853), np.float64(1.6167965361788117), np.float64(-0.9933380448227944), np.float64(0.22434639295083642), np.float64(-1.1751393027860062), np.float64(-0.07743912457492572), np.float64(-0.397675460249411), np.float64(-0.27689555885146766), np.float64(-0.7104335192809677), np.float64(1.4399418102801846), np.float64(0.14935243461574138), np.float64(-0.05313816912568464)]"
S1399,18.9,98.1,89.0,7.8,2.2,3.28,1,Bachelor,3.13,57.9,Pass,D,Medium Risk,1,1,2,2,4.47,2.79,0.04,18.54,-0.12346760966194022,1.3685771615654345,1.1520737437181763,0.5159988945251526,-0.2596487720956488,0.6747863398586973,0.8509629433967631,-0.07743912457492572,-0.09496761832007762,-0.17129362294020306,-0.7239971055057369,0.32308448659550426,2.328956787216933,0.8895231754166805,"[np.float64(-0.12346760966194022), np.float64(1.3685771615654345), np.float64(1.1520737437181763), np.float64(0.5159988945251526), np.float64(-0.2596487720956488), np.float64(0.6747863398586973), np.float64(0.8509629433967631), np.float64(-0.07743912457492572), np.float64(-0.09496761832007762), np.float64(-0.17129362294020306), np.float64(-0.7239971055057369), np.float64(0.32308448659550426), np.float64(2.328956787216933), np.float64(0.8895231754166805)]"
S1400,32.4,67.7,51.9,6.6,2.1,2.35,0,Bachelor,1.59,55.8,Pass,D,Medium Risk,1,1,2,2,1.55,1.4,0.68,21.93,1.2873519175598556,-0.9046018779396161,-0.7700697445823877,-0.30959933671509166,-0.2982639969760249,-0.5946353286998207,-1.1751393027860062,-0.07743912457492572,-0.3755729829021899,-0.340013957327166,0.1440724128794999,0.7437674118500672,-1.4853508298351525,0.7062279139778871,"[np.float64(1.2873519175598556), np.float64(-0.9046018779396161), np.float64(-0.7700697445823877), np.float64(-0.30959933671509166), np.float64(-0.2982639969760249), np.float64(-0.5946353286998207), np.float64(-1.1751393027860062), np.float64(-0.07743912457492572), np.float64(-0.3755729829021899), np.float64(-0.340013957327166), np.float64(0.1440724128794999), np.float64(0.7437674118500672), np.float64(-1.4853508298351525), np.float64(0.7062279139778871)]"
S1401,4.1,85.5,44.1,8.0,1.4,2.47,1,PhD,2.18,34.7,Fail,F,High Risk,3,0,3,0,8.65,11.67,0.2,3.51,-1.6701438320976867,0.42640427019163085,-1.1741861653032608,0.65359859973186,-0.5685705711386575,-0.43083898436968915,0.8509629433967631,2.1351072918515213,0.30672088303376804,0.9065744125678767,-0.5069797259094277,-1.5420672439579117,-0.024025184341171235,-1.1354530461928447,"[np.float64(-1.6701438320976867), np.float64(0.42640427019163085), np.float64(-1.1741861653032608), np.float64(0.65359859973186), np.float64(-0.5685705711386575), np.float64(-0.43083898436968915), np.float64(0.8509629433967631), np.float64(2.1351072918515213), np.float64(0.30672088303376804), np.float64(0.9065744125678767), np.float64(-0.5069797259094277), np.float64(-1.5420672439579117), np.float64(-0.024025184341171235), np.float64(-1.1354530461928447)]"
S1402,14.0,74.1,75.7,6.5,8.1,2.06,1,PhD,1.87,51.5,Pass,D,Medium Risk,3,1,2,2,5.05,3.1,2.1,10.37,-0.6355428454683697,-0.4260378696227638,0.4630034365915591,-0.3783991893184451,2.0186494958465393,-0.9904764941643049,0.8509629433967631,2.1351072918515213,-0.03923093631404163,-0.13366534692584442,2.0701016567967443,-0.690773772793811,-0.7918403540075004,0.3309090453175011,"[np.float64(-0.6355428454683697), np.float64(-0.4260378696227638), np.float64(0.4630034365915591), np.float64(-0.3783991893184451), np.float64(2.0186494958465393), np.float64(-0.9904764941643049), np.float64(0.8509629433967631), np.float64(2.1351072918515213), np.float64(-0.03923093631404163), np.float64(-0.13366534692584442), np.float64(2.0701016567967443), np.float64(-0.690773772793811), np.float64(-0.7918403540075004), np.float64(0.3309090453175011)]"
S1403,20.1,80.4,88.7,8.8,5.3,2.77,0,Master,2.67,62.0,Pass,D,Low Risk,2,1,2,1,4.2,2.96,1.04,16.16,0.001938570535553035,0.0450485760641391,1.1365308044596814,1.2039974205586899,0.9374231991960095,-0.021348123544360897,-1.1751393027860062,1.0288340836382979,-0.1209140047711633,-0.1506587619000709,0.6323615169711956,0.027737772110000045,1.1896181483572192,1.2473853525114673,"[np.float64(0.001938570535553035), np.float64(0.0450485760641391), np.float64(1.1365308044596814), np.float64(1.2039974205586899), np.float64(0.9374231991960095), np.float64(-0.021348123544360897), np.float64(-1.1751393027860062), np.float64(1.0288340836382979), np.float64(-0.1209140047711633), np.float64(-0.1506587619000709), np.float64(0.6323615169711956), np.float64(0.027737772110000045), np.float64(1.1896181483572192), np.float64(1.2473853525114673)]"
S1404,20.5,99.2,79.4,7.6,3.6,2.12,0,High School,2.48,62.9,Pass,D,Low Risk,0,1,2,1,3.69,2.51,0.03,20.34,0.043740630601383876,1.4508303504948943,0.6546996874463326,0.3783991893184451,0.2809643762296163,-0.9085783219992392,-1.1751393027860062,-1.1837123327881494,-0.16992384584543635,-0.20528045288865607,-0.7375606917305063,0.5464559513324404,0.7190217540455983,1.3259404645566644,"[np.float64(0.043740630601383876), np.float64(1.4508303504948943), np.float64(0.6546996874463326), np.float64(0.3783991893184451), np.float64(0.2809643762296163), np.float64(-0.9085783219992392), np.float64(-1.1751393027860062), np.float64(-1.1837123327881494), np.float64(-0.16992384584543635), np.float64(-0.20528045288865607), np.float64(-0.7375606917305063), np.float64(0.5464559513324404), np.float64(0.7190217540455983), np.float64(1.3259404645566644)]"
S1405,15.5,82.9,84.9,6.8,3.8,3.26,1,Master,2.66,46.3,Fail,F,Medium Risk,2,0,3,2,5.15,2.94,0.65,12.85,-0.47878512022150344,0.23198764181290976,0.9396535738520765,-0.17199963150838418,0.35819482599036834,0.6474869491370087,0.8509629433967631,1.0288340836382979,-0.029621163554380197,-0.1530863926106747,0.10338165420519188,-0.383017532489588,1.1648499170776607,-0.12296493538808244,"[np.float64(-0.47878512022150344), np.float64(0.23198764181290976), np.float64(0.9396535738520765), np.float64(-0.17199963150838418), np.float64(0.35819482599036834), np.float64(0.6474869491370087), np.float64(0.8509629433967631), np.float64(1.0288340836382979), np.float64(-0.029621163554380197), np.float64(-0.1530863926106747), np.float64(0.10338165420519188), np.float64(-0.383017532489588), np.float64(1.1648499170776607), np.float64(-0.12296493538808244)]"
S1406,26.2,80.7,49.9,7.7,1.9,1.37,0,High School,1.98,40.4,Fail,F,Medium Risk,0,0,3,2,1.83,2.0,0.37,21.14,0.6394199865394753,0.06748126395399137,-0.873689339639022,0.4471990419217991,-0.3754944467367771,-1.9323054740625605,-1.1751393027860062,-1.1837123327881494,-0.348665619175138,-0.2671850360090525,-0.27639876008834924,0.6457321578821899,-0.5193898099323517,-0.6379373365732633,"[np.float64(0.6394199865394753), np.float64(0.06748126395399137), np.float64(-0.873689339639022), np.float64(0.4471990419217991), np.float64(-0.3754944467367771), np.float64(-1.9323054740625605), np.float64(-1.1751393027860062), np.float64(-1.1837123327881494), np.float64(-0.348665619175138), np.float64(-0.2671850360090525), np.float64(-0.27639876008834924), np.float64(0.6457321578821899), np.float64(-0.5193898099323517), np.float64(-0.6379373365732633)]"
S1407,9.3,59.6,36.6,4.6,7.6,2.51,1,High School,1.0949999999999995,20.4,Fail,F,High Risk,0,0,3,0,3.55,3.22,3.07,5.54,-1.1267170512418836,-1.5102844509656332,-1.562759646765639,-1.685596388782165,1.8255733714446591,-0.3762402029263126,0.8509629433967631,-1.1837123327881494,-0.1833775277089623,-0.1190995626622217,3.3857695205993688,-1.290153869837923,-2.711378278173324,-2.383606493133199,"[np.float64(-1.1267170512418836), np.float64(-1.5102844509656332), np.float64(-1.562759646765639), np.float64(-1.685596388782165), np.float64(1.8255733714446591), np.float64(-0.3762402029263126), np.float64(0.8509629433967631), np.float64(-1.1837123327881494), np.float64(-0.1833775277089623), np.float64(-0.1190995626622217), np.float64(3.3857695205993688), np.float64(-1.290153869837923), np.float64(-2.711378278173324), np.float64(-2.383606493133199)]"
S1408,18.6,91.2,95.0,5.3,3.6,3.04,0,Master,2.9,56.4,Pass,D,Medium Risk,2,1,2,2,4.85,1.92,0.32,16.96,-0.15481915471131316,0.8526253400988282,1.4629325288880788,-1.2039974205586892,0.2809643762296163,0.34719365119843476,-1.1751393027860062,1.0288340836382979,-0.0584504818333644,-0.27689555885146766,-0.3442166912121959,0.1270139786597495,1.7592874677870762,0.7585979886746852,"[np.float64(-0.15481915471131316), np.float64(0.8526253400988282), np.float64(1.4629325288880788), np.float64(-1.2039974205586892), np.float64(0.2809643762296163), np.float64(0.34719365119843476), np.float64(-1.1751393027860062), np.float64(1.0288340836382979), np.float64(-0.0584504818333644), np.float64(-0.27689555885146766), np.float64(-0.3442166912121959), np.float64(0.1270139786597495), np.float64(1.7592874677870762), np.float64(0.7585979886746852)]"
S1409,21.2,89.7,58.5,5.2,3.9,2.95,0,High School,2.17,51.0,Pass,D,Medium Risk,0,1,2,2,2.64,1.66,0.4,19.02,0.11689423571658802,0.7404619006495657,-0.4281250808954949,-1.2727972731620427,0.39681005087074445,0.22434639295083642,-1.1751393027860062,-1.1837123327881494,-0.2708264598218808,-0.3084547580893168,-0.23570800141404125,0.3826502105253539,-0.04879341562073081,0.2872673164035027,"[np.float64(0.11689423571658802), np.float64(0.7404619006495657), np.float64(-0.4281250808954949), np.float64(-1.2727972731620427), np.float64(0.39681005087074445), np.float64(0.22434639295083642), np.float64(-1.1751393027860062), np.float64(-1.1837123327881494), np.float64(-0.2708264598218808), np.float64(-0.3084547580893168), np.float64(-0.23570800141404125), np.float64(0.3826502105253539), np.float64(-0.04879341562073081), np.float64(0.2872673164035027)]"
S1410,25.1,100.0,60.0,7.2,5.9,4.0,1,High School,2.61,34.3,Fail,F,High Risk,0,0,3,0,2.3,1.95,0.0,25.1,0.5244643213584403,1.5106508515345007,-0.35041038460301926,0.10319977890503075,1.1691145484782661,1.6575644058394858,0.8509629433967631,-1.1837123327881494,-0.30349968720472953,-0.27325411278556194,-0.7782514504048142,1.1371493803034494,1.041008760679865,-1.1703664293240439,"[np.float64(0.5244643213584403), np.float64(1.5106508515345007), np.float64(-0.35041038460301926), np.float64(0.10319977890503075), np.float64(1.1691145484782661), np.float64(1.6575644058394858), np.float64(0.8509629433967631), np.float64(-1.1837123327881494), np.float64(-0.30349968720472953), np.float64(-0.27325411278556194), np.float64(-0.7782514504048142), np.float64(1.1371493803034494), np.float64(1.041008760679865), np.float64(-1.1703664293240439)]"
S1411,27.1,75.4,91.6,9.6,1.0,3.08,1,High School,3.01,61.1,Pass,D,Low Risk,0,1,2,1,3.26,2.42,0.25,20.43,0.7334746216875953,-0.32882955543340225,1.2867792172918004,1.7543962413855185,-0.7230314706601618,0.40179243264181197,0.8509629433967631,-1.1837123327881494,-0.2112458687119803,-0.21620479108637305,-0.43916179478558115,0.5576245245692872,2.031738011862225,1.1688302404662705,"[np.float64(0.7334746216875953), np.float64(-0.32882955543340225), np.float64(1.2867792172918004), np.float64(1.7543962413855185), np.float64(-0.7230314706601618), np.float64(0.40179243264181197), np.float64(0.8509629433967631), np.float64(-1.1837123327881494), np.float64(-0.2112458687119803), np.float64(-0.21620479108637305), np.float64(-0.43916179478558115), np.float64(0.5576245245692872), np.float64(2.031738011862225), np.float64(1.1688302404662705)]"
S1412,8.8,83.3,76.1,10.3,4.9,2.0,1,Master,1.79,47.4,Fail,F,Medium Risk,2,0,3,2,7.77,7.59,0.82,7.33,-1.1789696263241725,0.26189789233271243,0.48372735560288554,2.235995209608995,0.7829622996745054,-1.0723746663293707,0.8509629433967631,1.0288340836382979,0.22215488274874784,0.41133774760470493,0.3339626200262703,-1.0680233576828584,-0.9899862042439725,-0.026953131777285852,"[np.float64(-1.1789696263241725), np.float64(0.26189789233271243), np.float64(0.48372735560288554), np.float64(2.235995209608995), np.float64(0.7829622996745054), np.float64(-1.0723746663293707), np.float64(0.8509629433967631), np.float64(1.0288340836382979), np.float64(0.22215488274874784), np.float64(0.41133774760470493), np.float64(0.3339626200262703), np.float64(-1.0680233576828584), np.float64(-0.9899862042439725), np.float64(-0.026953131777285852)]"
S1413,4.7,83.7,74.1,8.0,0.7,2.72,0,Bachelor,2.23,42.0,Fail,F,Medium Risk,1,0,3,2,13.0,10.37,0.11,3.93,-1.60744074199894,0.29180814285251616,0.38010776054625134,0.65359859973186,-0.8388771453012902,-0.08959660034858206,-1.1751393027860062,-0.07743912457492572,0.724745998079038,0.7487784163786307,-0.6290520019323518,-1.4899472355192933,0.09981597205662333,-0.4982838040484684,"[np.float64(-1.60744074199894), np.float64(0.29180814285251616), np.float64(0.38010776054625134), np.float64(0.65359859973186), np.float64(-0.8388771453012902), np.float64(-0.08959660034858206), np.float64(-1.1751393027860062), np.float64(-0.07743912457492572), np.float64(0.724745998079038), np.float64(0.7487784163786307), np.float64(-0.6290520019323518), np.float64(-1.4899472355192933), np.float64(0.09981597205662333), np.float64(-0.4982838040484684)]"
S1414,32.8,100.0,100.0,7.8,1.3,1.38,1,Bachelor,2.66,80.1,Pass,B,Low Risk,1,1,0,1,2.96,1.63,0.0,32.8,1.3291539776256864,1.5106508515345007,1.7219815165296641,0.5159988945251526,-0.6071857960190336,-1.9186557787017164,0.8509629433967631,-0.07743912457492572,-0.24007518699096442,-0.3120962041552225,-0.7782514504048142,2.0926828683447862,1.1648499170776607,2.827215939198209,"[np.float64(1.3291539776256864), np.float64(1.5106508515345007), np.float64(1.7219815165296641), np.float64(0.5159988945251526), np.float64(-0.6071857960190336), np.float64(-1.9186557787017164), np.float64(0.8509629433967631), np.float64(-0.07743912457492572), np.float64(-0.24007518699096442), np.float64(-0.3120962041552225), np.float64(-0.7782514504048142), np.float64(2.0926828683447862), np.float64(1.1648499170776607), np.float64(2.827215939198209)]"
S1415,23.3,78.6,52.1,4.3,1.2,2.74,1,High School,2.03,48.5,Fail,F,Medium Risk,0,0,3,2,2.14,1.25,0.26,18.31,0.33635505106220087,-0.08954755127497663,-0.7597077850767242,-1.891995946592226,-0.6458010208994097,-0.06229720962689348,0.8509629433967631,-1.1837123327881494,-0.3188753236201877,-0.35822118765669436,-0.4255982085608118,0.29454257721245125,-0.39554865353455715,0.06905867183351073,"[np.float64(0.33635505106220087), np.float64(-0.08954755127497663), np.float64(-0.7597077850767242), np.float64(-1.891995946592226), np.float64(-0.6458010208994097), np.float64(-0.06229720962689348), np.float64(0.8509629433967631), np.float64(-1.1837123327881494), np.float64(-0.3188753236201877), np.float64(-0.35822118765669436), np.float64(-0.4255982085608118), np.float64(0.29454257721245125), np.float64(-0.39554865353455715), np.float64(0.06905867183351073)]"
S1416,12.5,84.2,83.6,6.2,9.15,2.13,1,Master,2.05,53.0,Pass,D,Medium Risk,2,1,2,2,6.19,3.29,1.45,10.52,-0.7923005707152359,0.3291959560022703,0.8723008370652636,-0.584798747128506,2.424109357090489,-0.8949286266383952,0.8509629433967631,1.0288340836382979,0.07032047314609814,-0.11060285517510847,1.1884685521867377,-0.672159484065733,-0.34601219097543906,0.4618342320594963,"[np.float64(-0.7923005707152359), np.float64(0.3291959560022703), np.float64(0.8723008370652636), np.float64(-0.584798747128506), np.float64(2.424109357090489), np.float64(-0.8949286266383952), np.float64(0.8509629433967631), np.float64(1.0288340836382979), np.float64(0.07032047314609814), np.float64(-0.11060285517510847), np.float64(1.1884685521867377), np.float64(-0.672159484065733), np.float64(-0.34601219097543906), np.float64(0.4618342320594963)]"
S1417,35.5,89.1,66.1,5.8,5.8,3.53,1,Master,2.15,54.3,Pass,D,Medium Risk,2,1,2,2,1.81,1.12,0.63,31.63,1.6113178830700459,0.6955965248698601,-0.03437061968028533,-0.8599981575419209,1.13049932359789,1.0160287238798043,0.8509629433967631,1.0288340836382979,-0.3505875737270703,-0.374000787275619,0.0762544817556532,1.9474914162657782,-0.09832987817984885,0.5753027272358918,"[np.float64(1.6113178830700459), np.float64(0.6955965248698601), np.float64(-0.03437061968028533), np.float64(-0.8599981575419209), np.float64(1.13049932359789), np.float64(1.0160287238798043), np.float64(0.8509629433967631), np.float64(1.0288340836382979), np.float64(-0.3505875737270703), np.float64(-0.374000787275619), np.float64(0.0762544817556532), np.float64(1.9474914162657782), np.float64(-0.09832987817984885), np.float64(0.5753027272358918)]"
S1418,21.2,82.8,70.4,6.1,3.6,2.36,1,Bachelor,1.97,56.7,Pass,D,Medium Risk,1,1,2,2,3.17,1.95,0.62,17.55,0.11689423571658802,0.2245100791829583,0.1884115096914787,-0.65359859973186,0.2809643762296163,-0.5809856333389767,0.8509629433967631,-0.07743912457492572,-0.21989466419567552,-0.27325411278556194,0.06269089553088388,0.20023018099018963,-0.5441580412119107,0.7847830260230847,"[np.float64(0.11689423571658802), np.float64(0.2245100791829583), np.float64(0.1884115096914787), np.float64(-0.65359859973186), np.float64(0.2809643762296163), np.float64(-0.5809856333389767), np.float64(0.8509629433967631), np.float64(-0.07743912457492572), np.float64(-0.21989466419567552), np.float64(-0.27325411278556194), np.float64(0.06269089553088388), np.float64(0.20023018099018963), np.float64(-0.5441580412119107), np.float64(0.7847830260230847)]"
S1419,31.8,73.3,95.6,6.7,3.9,2.71,1,Bachelor,2.98,73.2,Pass,C,Low Risk,1,1,1,1,2.91,1.44,1.04,23.31,1.2246488274611094,-0.4858583706623702,1.4940184074050686,-0.2407994841117376,0.39681005087074445,-0.10324629570942667,0.8509629433967631,-0.07743912457492572,-0.2448800733707951,-0.3351586959059584,0.6323615169711956,0.9150188681483847,1.9574333180235484,2.2249600801850318,"[np.float64(1.2246488274611094), np.float64(-0.4858583706623702), np.float64(1.4940184074050686), np.float64(-0.2407994841117376), np.float64(0.39681005087074445), np.float64(-0.10324629570942667), np.float64(0.8509629433967631), np.float64(-0.07743912457492572), np.float64(-0.2448800733707951), np.float64(-0.3351586959059584), np.float64(0.6323615169711956), np.float64(0.9150188681483847), np.float64(1.9574333180235484), np.float64(2.2249600801850318)]"
S1420,20.7,82.9,75.2,6.3,2.5,2.29,0,High School,2.52,61.5,Pass,D,Low Risk,0,1,2,1,3.47,2.06,0.43,17.16,0.0646416606342993,0.23198764181290976,0.4370985378274006,-0.5159988945251526,-0.14380309745452063,-0.6765335008648865,-1.1751393027860062,-1.1837123327881494,-0.19106534591669136,-0.25990214387724114,-0.1950172427397333,0.15183303029718676,0.8180946791638345,1.203743623597469,"[np.float64(0.0646416606342993), np.float64(0.23198764181290976), np.float64(0.4370985378274006), np.float64(-0.5159988945251526), np.float64(-0.14380309745452063), np.float64(-0.6765335008648865), np.float64(-1.1751393027860062), np.float64(-1.1837123327881494), np.float64(-0.19106534591669136), np.float64(-0.25990214387724114), np.float64(-0.1950172427397333), np.float64(0.15183303029718676), np.float64(0.8180946791638345), np.float64(1.203743623597469)]"
S1421,40.6,96.1,75.8,4.0,8.8,4.0,1,PhD,2.78,50.6,Pass,D,Medium Risk,3,1,2,2,1.82,0.68,0.34,39.02,2.144294148909391,1.219025908966418,0.46818441634439056,-2.098395504402287,2.2889560700091724,1.6575644058394858,0.8509629433967631,2.1351072918515213,-0.3496265964511041,-0.42740866290890217,-0.3170895187626572,2.8645553742690884,1.462068692432368,0.2523539332723041,"[np.float64(2.144294148909391), np.float64(1.219025908966418), np.float64(0.46818441634439056), np.float64(-2.098395504402287), np.float64(2.2889560700091724), np.float64(1.6575644058394858), np.float64(0.8509629433967631), np.float64(2.1351072918515213), np.float64(-0.3496265964511041), np.float64(-0.42740866290890217), np.float64(-0.3170895187626572), np.float64(2.8645553742690884), np.float64(1.462068692432368), np.float64(0.2523539332723041)]"
S1422,37.6,64.6,86.5,8.1,2.1,2.54,0,Bachelor,2.66,59.8,Pass,D,Medium Risk,1,1,2,2,2.24,1.48,0.74,24.29,1.8307786984156587,-1.1364063194680925,1.0225492498973836,0.7223984523352134,-0.2982639969760249,-0.3352911168437794,-1.1751393027860062,-0.07743912457492572,-0.3092655508605263,-0.33030343448475086,0.22545393022811577,1.0366322211718277,1.1648499170776607,1.0553617452898743,"[np.float64(1.8307786984156587), np.float64(-1.1364063194680925), np.float64(1.0225492498973836), np.float64(0.7223984523352134), np.float64(-0.2982639969760249), np.float64(-0.3352911168437794), np.float64(-1.1751393027860062), np.float64(-0.07743912457492572), np.float64(-0.3092655508605263), np.float64(-0.33030343448475086), np.float64(0.22545393022811577), np.float64(1.0366322211718277), np.float64(1.1648499170776607), np.float64(1.0553617452898743)]"
S1423,17.5,82.0,57.7,5.4,1.4,4.0,1,PhD,2.1,41.8,Fail,F,Medium Risk,3,0,3,2,3.12,2.08,0.25,14.35,-0.2697748198923485,0.1646895781433519,-0.4695729189181484,-1.1351975679553352,-0.5685705711386575,1.6575644058394858,0.8509629433967631,2.1351072918515213,-0.2246995505755062,-0.2574745131666374,-0.43916179478558115,-0.19687464520880793,-0.22217103457764342,-0.515740495614068,"[np.float64(-0.2697748198923485), np.float64(0.1646895781433519), np.float64(-0.4695729189181484), np.float64(-1.1351975679553352), np.float64(-0.5685705711386575), np.float64(1.6575644058394858), np.float64(0.8509629433967631), np.float64(2.1351072918515213), np.float64(-0.2246995505755062), np.float64(-0.2574745131666374), np.float64(-0.43916179478558115), np.float64(-0.19687464520880793), np.float64(-0.22217103457764342), np.float64(-0.515740495614068)]"
S1424,29.7,69.5,48.2,7.4,0.5,3.45,0,Bachelor,2.67,53.0,Pass,D,Medium Risk,1,1,2,2,1.57,1.7,0.15,20.64,1.0051880121154966,-0.7700057506005015,-0.9617659954371608,0.2407994841117382,-0.9161075950620422,0.9068311609930506,-1.1751393027860062,-0.07743912457492572,-0.37365102835025754,-0.3035994966681092,-0.5747976570332743,0.5836845287885964,1.1896181483572192,0.4618342320594963,"[np.float64(1.0051880121154966), np.float64(-0.7700057506005015), np.float64(-0.9617659954371608), np.float64(0.2407994841117382), np.float64(-0.9161075950620422), np.float64(0.9068311609930506), np.float64(-1.1751393027860062), np.float64(-0.07743912457492572), np.float64(-0.37365102835025754), np.float64(-0.3035994966681092), np.float64(-0.5747976570332743), np.float64(0.5836845287885964), np.float64(1.1896181483572192), np.float64(0.4618342320594963)]"
S1425,26.5,97.9,44.1,10.1,4.6,3.19,1,Master,2.4,56.9,Pass,D,Medium Risk,2,1,2,2,1.6,2.6,0.1,25.94,0.6707715315888486,1.3536220363055338,-1.1741861653032608,2.098395504402287,0.6671166250333769,0.551939081611099,0.8509629433967631,1.0288340836382979,-0.37076809652235915,-0.194356114690939,-0.642615588157121,1.2413893971806862,0.5208759038091262,0.8022397175886836,"[np.float64(0.6707715315888486), np.float64(1.3536220363055338), np.float64(-1.1741861653032608), np.float64(2.098395504402287), np.float64(0.6671166250333769), np.float64(0.551939081611099), np.float64(0.8509629433967631), np.float64(1.0288340836382979), np.float64(-0.37076809652235915), np.float64(-0.194356114690939), np.float64(-0.642615588157121), np.float64(1.2413893971806862), np.float64(0.5208759038091262), np.float64(0.8022397175886836)]"
S1426,33.7,57.2,25.7,5.6,4.0,3.09,1,Master,1.96,32.8,Fail,F,High Risk,2,0,3,0,0.74,1.14,1.71,19.28,1.4232086127738066,-1.6897459540844528,-2.127486439824295,-0.9975978627486284,0.43542527575112056,0.41544212800265595,0.8509629433967631,1.0288340836382979,-0.453412142255447,-0.3715731565650152,1.5411217940307402,0.4149149776540227,-0.5689262724914698,-1.301291616066039,"[np.float64(1.4232086127738066), np.float64(-1.6897459540844528), np.float64(-2.127486439824295), np.float64(-0.9975978627486284), np.float64(0.43542527575112056), np.float64(0.41544212800265595), np.float64(0.8509629433967631), np.float64(1.0288340836382979), np.float64(-0.453412142255447), np.float64(-0.3715731565650152), np.float64(1.5411217940307402), np.float64(0.4149149776540227), np.float64(-0.5689262724914698), np.float64(-1.301291616066039)]"
S1427,10.4,71.6,100.0,3.2124999999999986,1.5,3.12,0,Bachelor,2.47,47.6,Fail,F,Medium Risk,1,0,3,2,8.77,2.03,0.43,7.45,-1.0117613860608485,-0.6129769353715345,1.7219815165296641,-2.640194343653698,-0.5299553462582814,0.4563912140851891,-1.1751393027860062,-0.07743912457492572,0.3182526103453616,-0.26354358994314686,-0.1950172427397333,-1.0531319267003962,0.6942535227660399,-0.009496440211686245,"[np.float64(-1.0117613860608485), np.float64(-0.6129769353715345), np.float64(1.7219815165296641), np.float64(-2.640194343653698), np.float64(-0.5299553462582814), np.float64(0.4563912140851891), np.float64(-1.1751393027860062), np.float64(-0.07743912457492572), np.float64(0.3182526103453616), np.float64(-0.26354358994314686), np.float64(-0.1950172427397333), np.float64(-1.0531319267003962), np.float64(0.6942535227660399), np.float64(-0.009496440211686245)]"
S1428,26.9,85.7,42.9,6.6,0.1,1.26,0,PhD,1.85,32.8,Fail,F,High Risk,3,0,3,0,1.54,1.67,0.01,23.05,0.7125735916546795,0.4413593954515327,-1.2363579223372416,-0.30959933671509166,-1.0705684945835465,-2.082452123031848,-1.1751393027860062,2.1351072918515213,-0.376533960178156,-0.3072409427340149,-0.764687864180045,0.8827541010197164,-0.8413768165666184,-1.301291616066039,"[np.float64(0.7125735916546795), np.float64(0.4413593954515327), np.float64(-1.2363579223372416), np.float64(-0.30959933671509166), np.float64(-1.0705684945835465), np.float64(-2.082452123031848), np.float64(-1.1751393027860062), np.float64(2.1351072918515213), np.float64(-0.376533960178156), np.float64(-0.3072409427340149), np.float64(-0.764687864180045), np.float64(0.8827541010197164), np.float64(-0.8413768165666184), np.float64(-1.301291616066039)]"
S1429,30.6,100.0,60.6,8.7,5.5,2.58,0,Bachelor,3.04,68.1,Pass,C,Low Risk,1,1,1,1,1.92,1.95,0.0,30.6,1.0992426472636163,1.5106508515345007,-0.31932450608602897,1.1351975679553352,1.0146536489567617,-0.2806923354004022,-1.1751393027860062,-0.07743912457492572,-0.34001682369144276,-0.27325411278556194,-0.7782514504048142,1.8196733003329761,2.1060427057009026,1.7798144452622473,"[np.float64(1.0992426472636163), np.float64(1.5106508515345007), np.float64(-0.31932450608602897), np.float64(1.1351975679553352), np.float64(1.0146536489567617), np.float64(-0.2806923354004022), np.float64(-1.1751393027860062), np.float64(-0.07743912457492572), np.float64(-0.34001682369144276), np.float64(-0.27325411278556194), np.float64(-0.7782514504048142), np.float64(1.8196733003329761), np.float64(2.1060427057009026), np.float64(1.7798144452622473)]"
S1430,2.4,79.0,59.5,9.9,0.0,3.48,1,High School,1.53,36.2,Fail,F,High Risk,0,0,3,0,17.5,22.35,0.0,1.9,-1.8478025873774684,-0.0596373007551729,-0.3763152833671778,1.96079579919558,-1.1091837194639227,0.9477802470755832,0.8509629433967631,-1.1837123327881494,1.1571857722638,2.2029292120302975,-0.7782514504048142,-1.7418606096392821,-1.6339602175125068,-1.0045278594508495,"[np.float64(-1.8478025873774684), np.float64(-0.0596373007551729), np.float64(-0.3763152833671778), np.float64(1.96079579919558), np.float64(-1.1091837194639227), np.float64(0.9477802470755832), np.float64(0.8509629433967631), np.float64(-1.1837123327881494), np.float64(1.1571857722638), np.float64(2.2029292120302975), np.float64(-0.7782514504048142), np.float64(-1.7418606096392821), np.float64(-1.6339602175125068), np.float64(-1.0045278594508495)]"
S1431,8.2,71.7,71.1,5.2,3.6,2.76,1,Bachelor,2.34,39.3,Fail,F,High Risk,1,0,3,0,7.73,4.09,1.02,5.88,-1.241672716422919,-0.605499372741583,0.22467836796130009,-1.2727972731620427,0.2809643762296163,-0.034997818905205494,0.8509629433967631,-0.07743912457492572,0.21831097364488336,-0.013497626750957165,0.6052343445216569,-1.2479614820542793,0.37226651613177203,-0.73394914018406,"[np.float64(-1.241672716422919), np.float64(-0.605499372741583), np.float64(0.22467836796130009), np.float64(-1.2727972731620427), np.float64(0.2809643762296163), np.float64(-0.034997818905205494), np.float64(0.8509629433967631), np.float64(-0.07743912457492572), np.float64(0.21831097364488336), np.float64(-0.013497626750957165), np.float64(0.6052343445216569), np.float64(-1.2479614820542793), np.float64(0.37226651613177203), np.float64(-0.73394914018406)]"
S1432,0.0,100.0,81.3,7.7,9.15,1.68,0,Master,1.82,37.3,Fail,F,High Risk,2,0,3,0,81.3,77.0,0.0,0.0,-2.0986149477724543,1.5106508515345007,0.7531383027501345,0.4471990419217991,2.424109357090489,-1.509164917876388,-1.1751393027860062,1.0288340836382979,7.288220792927759,8.836430128755135,-0.7782514504048142,-1.977641600194937,-0.9156815104052956,-0.9085160558400536,"[np.float64(-2.0986149477724543), np.float64(1.5106508515345007), np.float64(0.7531383027501345), np.float64(0.4471990419217991), np.float64(2.424109357090489), np.float64(-1.509164917876388), np.float64(-1.1751393027860062), np.float64(1.0288340836382979), np.float64(7.288220792927759), np.float64(8.836430128755135), np.float64(-0.7782514504048142), np.float64(-1.977641600194937), np.float64(-0.9156815104052956), np.float64(-0.9085160558400536)]"
S1433,17.3,58.3,82.2,6.3,1.7,2.76,1,Bachelor,1.98,55.6,Pass,D,Medium Risk,1,1,2,2,4.49,2.45,0.71,10.09,-0.29067584992526396,-1.6074927651549942,0.7997671205256202,-0.5159988945251526,-0.4527248964975293,-0.034997818905205494,0.8509629433967631,-0.07743912457492572,-0.09304566376814531,-0.21256334502046736,0.18476317155380775,-0.7255204450862233,-0.5193898099323517,0.688771222412288,"[np.float64(-0.29067584992526396), np.float64(-1.6074927651549942), np.float64(0.7997671205256202), np.float64(-0.5159988945251526), np.float64(-0.4527248964975293), np.float64(-0.034997818905205494), np.float64(0.8509629433967631), np.float64(-0.07743912457492572), np.float64(-0.09304566376814531), np.float64(-0.21256334502046736), np.float64(0.18476317155380775), np.float64(-0.7255204450862233), np.float64(-0.5193898099323517), np.float64(0.688771222412288)]"
S1434,27.2,47.0,53.3,6.8,0.8,4.0,0,High School,1.49,21.0,Fail,F,High Risk,0,0,3,0,1.89,1.71,0.42,12.78,0.7439251367040528,-2.4524573423394376,-0.6975360280427438,-0.17199963150838418,-0.8002619204209138,1.6575644058394858,-1.1751393027860062,-1.1837123327881494,-0.3428997555193412,-0.30238568131280735,-0.20858082896450264,-0.39170420056269106,-1.7330331426307428,-2.331236418436401,"[np.float64(0.7439251367040528), np.float64(-2.4524573423394376), np.float64(-0.6975360280427438), np.float64(-0.17199963150838418), np.float64(-0.8002619204209138), np.float64(1.6575644058394858), np.float64(-1.1751393027860062), np.float64(-1.1837123327881494), np.float64(-0.3428997555193412), np.float64(-0.30238568131280735), np.float64(-0.20858082896450264), np.float64(-0.39170420056269106), np.float64(-1.7330331426307428), np.float64(-2.331236418436401)]"
S1435,35.0,86.6,61.7,10.912500000000001,3.7,3.8,1,Bachelor,2.62,59.7,Pass,D,Medium Risk,1,1,2,2,1.71,2.14,0.5,30.31,1.5590653079877572,0.5086574591210895,-0.2623337288048801,2.6573943068045365,0.3195796011099924,1.3845704986226,0.8509629433967631,-0.07743912457492572,-0.36019734648673163,-0.250191621034826,-0.10007213916634802,1.7836856754586916,1.0657769919594247,1.0466333995070751,"[np.float64(1.5590653079877572), np.float64(0.5086574591210895), np.float64(-0.2623337288048801), np.float64(2.6573943068045365), np.float64(0.3195796011099924), np.float64(1.3845704986226), np.float64(0.8509629433967631), np.float64(-0.07743912457492572), np.float64(-0.36019734648673163), np.float64(-0.250191621034826), np.float64(-0.10007213916634802), np.float64(1.7836856754586916), np.float64(1.0657769919594247), np.float64(1.0466333995070751)]"
S1436,20.7,72.5,70.7,4.7,5.1,2.75,1,Bachelor,1.76,43.9,Fail,F,Medium Risk,1,0,3,2,3.26,1.54,1.4,15.01,0.0646416606342993,-0.5456788717019766,0.2039544489499737,-1.616796536178811,0.8601927494352573,-0.048647514266049484,0.8509629433967631,-0.07743912457492572,-0.2112458687119803,-0.32302054235293953,1.120650621062891,-0.1149717748052647,-1.0642908980826498,-0.3324452341752746,"[np.float64(0.0646416606342993), np.float64(-0.5456788717019766), np.float64(0.2039544489499737), np.float64(-1.616796536178811), np.float64(0.8601927494352573), np.float64(-0.048647514266049484), np.float64(0.8509629433967631), np.float64(-0.07743912457492572), np.float64(-0.2112458687119803), np.float64(-0.32302054235293953), np.float64(1.120650621062891), np.float64(-0.1149717748052647), np.float64(-1.0642908980826498), np.float64(-0.3324452341752746)]"
S1437,36.3,64.7,60.0,7.4,2.4,3.56,0,Bachelor,2.24,50.1,Pass,D,Medium Risk,1,1,2,2,1.61,1.4,0.85,23.49,1.6949220032017076,-1.128928756838141,-0.35041038460301926,0.2407994841117382,-0.18241832233489674,1.0569778099623375,-1.1751393027860062,-0.07743912457492572,-0.369807119246393,-0.340013957327166,0.37465337870057835,0.9373560146220783,0.1245842033361829,0.20871220435830573,"[np.float64(1.6949220032017076), np.float64(-1.128928756838141), np.float64(-0.35041038460301926), np.float64(0.2407994841117382), np.float64(-0.18241832233489674), np.float64(1.0569778099623375), np.float64(-1.1751393027860062), np.float64(-0.07743912457492572), np.float64(-0.369807119246393), np.float64(-0.340013957327166), np.float64(0.37465337870057835), np.float64(0.9373560146220783), np.float64(0.1245842033361829), np.float64(0.20871220435830573)]"
S1438,6.2,90.6,97.1,7.7,9.15,2.51,1,Bachelor,2.14,59.4,Pass,D,Medium Risk,1,1,2,2,13.49,7.81,0.86,5.62,-1.450683016752074,0.8077599643191226,1.5717331036975444,0.4471990419217991,2.424109357090489,-0.3762402029263126,0.8509629433967631,-0.07743912457492572,0.7718338846013787,0.43804168542134647,0.3882169649253477,-1.2802262491829477,-0.12309810945940733,1.0204483621586755,"[np.float64(-1.450683016752074), np.float64(0.8077599643191226), np.float64(1.5717331036975444), np.float64(0.4471990419217991), np.float64(2.424109357090489), np.float64(-0.3762402029263126), np.float64(0.8509629433967631), np.float64(-0.07743912457492572), np.float64(0.7718338846013787), np.float64(0.43804168542134647), np.float64(0.3882169649253477), np.float64(-1.2802262491829477), np.float64(-0.12309810945940733), np.float64(1.0204483621586755)]"
S1439,3.0,83.7,74.8,8.6,0.2,1.44,0,Master,2.21,37.1,Fail,F,High Risk,2,0,3,0,18.7,16.27,0.03,2.51,-1.7850994972787217,0.29180814285251616,0.41637461881607346,1.0663977153519817,-1.0319532697031704,-1.8367576065366507,-1.1751393027860062,1.0288340836382979,1.2725030453797364,1.4649294760067468,-0.7375606917305063,-1.6661625021450983,0.05027950949750529,-0.9259727474056525,"[np.float64(-1.7850994972787217), np.float64(0.29180814285251616), np.float64(0.41637461881607346), np.float64(1.0663977153519817), np.float64(-1.0319532697031704), np.float64(-1.8367576065366507), np.float64(-1.1751393027860062), np.float64(1.0288340836382979), np.float64(1.2725030453797364), np.float64(1.4649294760067468), np.float64(-0.7375606917305063), np.float64(-1.6661625021450983), np.float64(0.05027950949750529), np.float64(-0.9259727474056525)]"
S1440,19.4,71.5,79.7,7.1,2.1,2.06,0,High School,2.22,56.2,Pass,D,Medium Risk,0,1,2,2,3.91,2.47,0.6,13.87,-0.07121503457965149,-0.6204544980014849,0.6702426267048275,0.034399926301676716,-0.2982639969760249,-0.9904764941643049,-1.1751393027860062,-1.1837123327881494,-0.1487823457741813,-0.21013571430986358,0.0355637230813452,-0.2564403691386576,0.07504774077706486,0.7411412971090863,"[np.float64(-0.07121503457965149), np.float64(-0.6204544980014849), np.float64(0.6702426267048275), np.float64(0.034399926301676716), np.float64(-0.2982639969760249), np.float64(-0.9904764941643049), np.float64(-1.1751393027860062), np.float64(-1.1837123327881494), np.float64(-0.1487823457741813), np.float64(-0.21013571430986358), np.float64(0.0355637230813452), np.float64(-0.2564403691386576), np.float64(0.07504774077706486), np.float64(0.7411412971090863)]"
S1441,23.8,60.8,78.3,7.5,3.8,4.0,0,Bachelor,2.4,52.2,Pass,D,Medium Risk,1,1,2,2,3.16,2.14,1.49,14.47,0.38860762614448957,-1.4205536994062236,0.5977089101651832,0.30959933671509166,0.35819482599036834,1.6575644058394858,-1.1751393027860062,-0.07743912457492572,-0.22085564147164163,-0.250191621034826,1.242722897085815,-0.18198321422634542,0.5208759038091262,0.3920074657970991,"[np.float64(0.38860762614448957), np.float64(-1.4205536994062236), np.float64(0.5977089101651832), np.float64(0.30959933671509166), np.float64(0.35819482599036834), np.float64(1.6575644058394858), np.float64(-1.1751393027860062), np.float64(-0.07743912457492572), np.float64(-0.22085564147164163), np.float64(-0.250191621034826), np.float64(1.242722897085815), np.float64(-0.18198321422634542), np.float64(0.5208759038091262), np.float64(0.3920074657970991)]"
S1442,19.7,93.1,88.5,6.4,6.0,2.58,0,High School,2.1,63.7,Pass,D,Low Risk,0,1,2,1,4.28,2.2,0.41,18.34,-0.03986348953027817,0.9946990300678932,1.1261688449540177,-0.4471990419217985,1.207729773358642,-0.2806923354004022,-1.1751393027860062,-1.1837123327881494,-0.1132261865634342,-0.24290872890301465,-0.22214441518927197,0.298265434958067,-0.22217103457764342,1.3957672308190623,"[np.float64(-0.03986348953027817), np.float64(0.9946990300678932), np.float64(1.1261688449540177), np.float64(-0.4471990419217985), np.float64(1.207729773358642), np.float64(-0.2806923354004022), np.float64(-1.1751393027860062), np.float64(-1.1837123327881494), np.float64(-0.1132261865634342), np.float64(-0.24290872890301465), np.float64(-0.22214441518927197), np.float64(0.298265434958067), np.float64(-0.22217103457764342), np.float64(1.3957672308190623)]"
S1443,0.0,89.8,68.6,7.4,0.6,2.61,1,High School,1.68,35.5,Fail,F,High Risk,0,0,3,0,68.6,74.0,0.06,0.0,-2.0986149477724543,0.7479394632795161,0.09515387414050738,0.2407994841117382,-0.8774923701816661,-0.2397432493178696,0.8509629433967631,-1.1837123327881494,6.0677796524507635,8.472285522164567,-0.6968699330561983,-1.977641600194937,-1.262436748319122,-1.0656262799304475,"[np.float64(-2.0986149477724543), np.float64(0.7479394632795161), np.float64(0.09515387414050738), np.float64(0.2407994841117382), np.float64(-0.8774923701816661), np.float64(-0.2397432493178696), np.float64(0.8509629433967631), np.float64(-1.1837123327881494), np.float64(6.0677796524507635), np.float64(8.472285522164567), np.float64(-0.6968699330561983), np.float64(-1.977641600194937), np.float64(-1.262436748319122), np.float64(-1.0656262799304475)]"
S1444,19.1,78.5,39.1,6.5,4.8,2.56,1,Master,2.43,33.0,Fail,F,High Risk,2,0,3,0,1.95,2.3,1.03,14.99,-0.10256657962902443,-0.09702511390492703,-1.4332351529448464,-0.3783991893184451,0.7443470747941291,-0.3079917261220908,0.8509629433967631,1.0288340836382979,-0.3371338918635443,-0.2307705753499958,0.6187979307464262,-0.11745367996900838,0.5951805976478038,-1.2838349245004395,"[np.float64(-0.10256657962902443), np.float64(-0.09702511390492703), np.float64(-1.4332351529448464), np.float64(-0.3783991893184451), np.float64(0.7443470747941291), np.float64(-0.3079917261220908), np.float64(0.8509629433967631), np.float64(1.0288340836382979), np.float64(-0.3371338918635443), np.float64(-0.2307705753499958), np.float64(0.6187979307464262), np.float64(-0.11745367996900838), np.float64(0.5951805976478038), np.float64(-1.2838349245004395)]"
S1445,7.0,100.0,73.0,7.9,2.4,4.0,1,PhD,2.13,56.1,Pass,D,Medium Risk,3,1,2,2,9.12,7.18,0.0,7.0,-1.367078896620412,1.5106508515345007,0.32311698326510285,0.5847987471285065,-0.18241832233489674,1.6575644058394858,0.8509629433967631,2.1351072918515213,0.3518868150041764,0.36157131803732734,-0.7782514504048142,-1.10897479288463,-0.1478663407389669,0.7324129513262865,"[np.float64(-1.367078896620412), np.float64(1.5106508515345007), np.float64(0.32311698326510285), np.float64(0.5847987471285065), np.float64(-0.18241832233489674), np.float64(1.6575644058394858), np.float64(0.8509629433967631), np.float64(2.1351072918515213), np.float64(0.3518868150041764), np.float64(0.36157131803732734), np.float64(-0.7782514504048142), np.float64(-1.10897479288463), np.float64(-0.1478663407389669), np.float64(0.7324129513262865)]"
S1446,26.7,63.9,52.0,6.4,1.5,4.0,0,Bachelor,2.68,49.1,Fail,F,Medium Risk,1,0,3,2,1.88,1.64,0.54,17.06,0.691672561621764,-1.1887492578777479,-0.7648887648295559,-0.4471990419217985,-0.5299553462582814,1.6575644058394858,-1.1751393027860062,-0.07743912457492572,-0.3438607327953073,-0.31088238879992064,-0.04581779426727067,0.1394235044784679,1.2143863796367789,0.12142874653030894,"[np.float64(0.691672561621764), np.float64(-1.1887492578777479), np.float64(-0.7648887648295559), np.float64(-0.4471990419217985), np.float64(-0.5299553462582814), np.float64(1.6575644058394858), np.float64(-1.1751393027860062), np.float64(-0.07743912457492572), np.float64(-0.3438607327953073), np.float64(-0.31088238879992064), np.float64(-0.04581779426727067), np.float64(0.1394235044784679), np.float64(1.2143863796367789), np.float64(0.12142874653030894)]"
S1447,23.7,57.1,54.4,7.6,0.4,4.0,0,Master,2.06,32.6,Fail,F,High Risk,2,0,3,0,2.2,2.18,0.17,13.53,0.3781571111280317,-1.6972235167144039,-0.6405452507615951,0.3783991893184451,-0.9547228199424184,1.6575644058394858,-1.1751393027860062,1.0288340836382979,-0.3131094599643909,-0.24533635961361844,-0.5476704845837357,-0.29863275692230107,-0.3212439596958795,-1.3187483076316382,"[np.float64(0.3781571111280317), np.float64(-1.6972235167144039), np.float64(-0.6405452507615951), np.float64(0.3783991893184451), np.float64(-0.9547228199424184), np.float64(1.6575644058394858), np.float64(-1.1751393027860062), np.float64(1.0288340836382979), np.float64(-0.3131094599643909), np.float64(-0.24533635961361844), np.float64(-0.5476704845837357), np.float64(-0.29863275692230107), np.float64(-0.3212439596958795), np.float64(-1.3187483076316382)]"
S1448,10.6,69.6,76.7,7.0,6.0,2.67,1,Master,1.94,36.8,Fail,F,High Risk,2,0,3,0,6.61,4.34,1.82,7.38,-0.9908603560279331,-0.762528187970551,0.5148132341198762,-0.034399926301676716,1.207729773358642,-0.15784507715280385,0.8509629433967631,1.0288340836382979,0.11068151873667592,0.016847757131590126,1.690321242503203,-1.0618185947734993,-0.6184627350505878,-0.952157784754052,"[np.float64(-0.9908603560279331), np.float64(-0.762528187970551), np.float64(0.5148132341198762), np.float64(-0.034399926301676716), np.float64(1.207729773358642), np.float64(-0.15784507715280385), np.float64(0.8509629433967631), np.float64(1.0288340836382979), np.float64(0.11068151873667592), np.float64(0.016847757131590126), np.float64(1.690321242503203), np.float64(-1.0618185947734993), np.float64(-0.6184627350505878), np.float64(-0.952157784754052)]"
S1449,14.9,79.3,89.8,8.7,0.5,3.04,1,Master,2.72,57.0,Pass,D,Medium Risk,2,1,2,2,5.65,3.9,0.1,11.82,-0.5414882103202499,-0.03720461286532063,1.1935215817408298,1.1351975679553352,-0.9161075950620422,0.34719365119843476,0.8509629433967631,1.0288340836382979,0.018427700243926697,-0.0365601185016931,-0.642615588157121,-0.5108356484223902,1.313459304755015,0.8109680633714834,"[np.float64(-0.5414882103202499), np.float64(-0.03720461286532063), np.float64(1.1935215817408298), np.float64(1.1351975679553352), np.float64(-0.9161075950620422), np.float64(0.34719365119843476), np.float64(0.8509629433967631), np.float64(1.0288340836382979), np.float64(0.018427700243926697), np.float64(-0.0365601185016931), np.float64(-0.642615588157121), np.float64(-0.5108356484223902), np.float64(1.313459304755015), np.float64(0.8109680633714834)]"
S1450,9.4,83.7,65.4,6.9,1.1,1.59,0,High School,2.3,50.3,Pass,D,Medium Risk,0,1,2,2,6.29,4.78,0.18,7.87,-1.116266536225426,0.29180814285251616,-0.0706374779501067,-0.10319977890503014,-0.6844162457797857,-1.6320121761239863,-1.1751393027860062,-1.1837123327881494,0.07993024590575948,0.0702556327648734,-0.5341068983589664,-1.0010119182617776,0.27319359101353596,0.2261688959239047,"[np.float64(-1.116266536225426), np.float64(0.29180814285251616), np.float64(-0.0706374779501067), np.float64(-0.10319977890503014), np.float64(-0.6844162457797857), np.float64(-1.6320121761239863), np.float64(-1.1751393027860062), np.float64(-1.1837123327881494), np.float64(0.07993024590575948), np.float64(0.0702556327648734), np.float64(-0.5341068983589664), np.float64(-1.0010119182617776), np.float64(0.27319359101353596), np.float64(0.2261688959239047)]"
S1451,19.4,76.4,71.2,4.3,1.0,3.98,1,PhD,2.22,41.9,Fail,F,Medium Risk,3,0,3,2,3.49,1.5,0.24,14.82,-0.07121503457965149,-0.25405392913389396,0.22985934771413224,-1.891995946592226,-0.7230314706601618,1.6302650151177973,0.8509629433967631,2.1351072918515213,-0.18914339136475908,-0.3278758037741471,-0.4527253810103505,-0.13854987386083012,0.07504774077706486,-0.5070121498312682,"[np.float64(-0.07121503457965149), np.float64(-0.25405392913389396), np.float64(0.22985934771413224), np.float64(-1.891995946592226), np.float64(-0.7230314706601618), np.float64(1.6302650151177973), np.float64(0.8509629433967631), np.float64(2.1351072918515213), np.float64(-0.18914339136475908), np.float64(-0.3278758037741471), np.float64(-0.4527253810103505), np.float64(-0.13854987386083012), np.float64(0.07504774077706486), np.float64(-0.5070121498312682)]"
S1452,29.6,85.3,99.0,8.9,6.2,1.87,1,Bachelor,2.52,39.0,Fail,F,High Risk,1,0,3,0,3.24,2.06,0.91,25.25,0.9947374970990389,0.41144914493172896,1.6701717190013472,1.2727972731620434,1.2849602231193944,-1.2498207060203463,0.8509629433967631,-0.07743912457492572,-0.21316782326391254,-0.25990214387724114,0.45603489604919434,1.1557636690315272,0.8180946791638345,-0.7601341775324587,"[np.float64(0.9947374970990389), np.float64(0.41144914493172896), np.float64(1.6701717190013472), np.float64(1.2727972731620434), np.float64(1.2849602231193944), np.float64(-1.2498207060203463), np.float64(0.8509629433967631), np.float64(-0.07743912457492572), np.float64(-0.21316782326391254), np.float64(-0.25990214387724114), np.float64(0.45603489604919434), np.float64(1.1557636690315272), np.float64(0.8180946791638345), np.float64(-0.7601341775324587)]"
S1453,10.1,61.2,69.8,5.6,3.4,2.97,1,Bachelor,1.79,42.2,Fail,F,Medium Risk,1,0,3,2,6.29,3.63,1.32,6.18,-1.0431129311102219,-1.3906434488864199,0.15732563117448803,-0.9975978627486284,0.20373392646886404,0.251645783672525,0.8509629433967631,-0.07743912457492572,0.07993024590575948,-0.06933313309484418,1.0121419312647368,-1.2107329045981232,-0.9899862042439725,-0.4808271124828688,"[np.float64(-1.0431129311102219), np.float64(-1.3906434488864199), np.float64(0.15732563117448803), np.float64(-0.9975978627486284), np.float64(0.20373392646886404), np.float64(0.251645783672525), np.float64(0.8509629433967631), np.float64(-0.07743912457492572), np.float64(0.07993024590575948), np.float64(-0.06933313309484418), np.float64(1.0121419312647368), np.float64(-1.2107329045981232), np.float64(-0.9899862042439725), np.float64(-0.4808271124828688)]"
S1454,25.0,100.0,100.0,6.0,4.8,1.92,1,High School,2.73,51.6,Pass,D,Medium Risk,0,1,2,2,3.85,1.63,0.0,25.0,0.5140138063419825,1.5106508515345007,1.7219815165296641,-0.7223984523352134,0.7443470747941291,-1.181572229216125,0.8509629433967631,-1.1837123327881494,-0.15454820942997813,-0.3120962041552225,-0.7782514504048142,1.1247398544847305,1.3382275360345735,0.3396373911003009,"[np.float64(0.5140138063419825), np.float64(1.5106508515345007), np.float64(1.7219815165296641), np.float64(-0.7223984523352134), np.float64(0.7443470747941291), np.float64(-1.181572229216125), np.float64(0.8509629433967631), np.float64(-1.1837123327881494), np.float64(-0.15454820942997813), np.float64(-0.3120962041552225), np.float64(-0.7782514504048142), np.float64(1.1247398544847305), np.float64(1.3382275360345735), np.float64(0.3396373911003009)]"
S1455,14.7,78.8,76.3,6.1,0.9,2.33,0,Bachelor,2.38,31.8,Fail,F,High Risk,1,0,3,0,4.86,2.77,0.19,11.58,-0.5623892403531655,-0.07459242601507476,0.4940893151085491,-0.65359859973186,-0.7616466955405379,-0.6219347194215092,-1.1751393027860062,-0.07743912457492572,-0.057489504557398194,-0.17372125365080685,-0.5205433121341971,-0.540618510387315,0.47133944125000815,-1.3885750738940357,"[np.float64(-0.5623892403531655), np.float64(-0.07459242601507476), np.float64(0.4940893151085491), np.float64(-0.65359859973186), np.float64(-0.7616466955405379), np.float64(-0.6219347194215092), np.float64(-1.1751393027860062), np.float64(-0.07743912457492572), np.float64(-0.057489504557398194), np.float64(-0.17372125365080685), np.float64(-0.5205433121341971), np.float64(-0.540618510387315), np.float64(0.47133944125000815), np.float64(-1.3885750738940357)]"
S1456,12.1,96.8,29.8,9.1,2.9,2.13,0,High School,1.93,16.9,Fail,F,High Risk,0,0,3,0,2.27,4.98,0.09,11.71,-0.8341026307810668,1.271368847376074,-1.9150662699581955,1.4103969783687502,0.010657802066983652,-0.8949286266383952,-1.1751393027860062,-1.1837123327881494,-0.3063826190326279,0.09453193987091126,-0.6561791743818904,-0.5244861268229807,-0.6432309663301469,-2.689098595531188,"[np.float64(-0.8341026307810668), np.float64(1.271368847376074), np.float64(-1.9150662699581955), np.float64(1.4103969783687502), np.float64(0.010657802066983652), np.float64(-0.8949286266383952), np.float64(-1.1751393027860062), np.float64(-1.1837123327881494), np.float64(-0.3063826190326279), np.float64(0.09453193987091126), np.float64(-0.6561791743818904), np.float64(-0.5244861268229807), np.float64(-0.6432309663301469), np.float64(-2.689098595531188)]"
S1457,18.9,85.1,80.1,3.8,2.5,2.31,1,High School,2.38,56.1,Pass,D,Medium Risk,0,1,2,2,4.03,1.36,0.37,16.08,-0.12346760966194022,0.39649401967182707,0.6909665457161539,-2.235995209608994,-0.14380309745452063,-0.6492341101431979,0.8509629433967631,-1.1837123327881494,-0.13725061846258765,-0.3448692187483735,-0.27639876008834924,0.017810151455024882,0.47133944125000815,0.7324129513262865,"[np.float64(-0.12346760966194022), np.float64(0.39649401967182707), np.float64(0.6909665457161539), np.float64(-2.235995209608994), np.float64(-0.14380309745452063), np.float64(-0.6492341101431979), np.float64(0.8509629433967631), np.float64(-1.1837123327881494), np.float64(-0.13725061846258765), np.float64(-0.3448692187483735), np.float64(-0.27639876008834924), np.float64(0.017810151455024882), np.float64(0.47133944125000815), np.float64(0.7324129513262865)]"
S1458,9.6,86.9,72.6,10.912500000000001,5.4,2.37,0,Bachelor,2.69,48.3,Fail,F,Medium Risk,1,0,3,2,6.85,7.42,0.71,8.34,-1.0953655061925105,0.5310901470109428,0.3023930642537757,2.6573943068045365,0.9760384240763857,-0.5673359379781321,-1.1751393027860062,-0.07743912457492572,0.13374497335986316,0.39070288656457275,0.18476317155380775,-0.9426871469138,1.2391546109163374,0.051601980267911136,"[np.float64(-1.0953655061925105), np.float64(0.5310901470109428), np.float64(0.3023930642537757), np.float64(2.6573943068045365), np.float64(0.9760384240763857), np.float64(-0.5673359379781321), np.float64(-1.1751393027860062), np.float64(-0.07743912457492572), np.float64(0.13374497335986316), np.float64(0.39070288656457275), np.float64(0.18476317155380775), np.float64(-0.9426871469138), np.float64(1.2391546109163374), np.float64(0.051601980267911136)]"
S1459,14.5,88.5,90.8,8.6,7.1,2.36,1,Master,2.44,49.5,Fail,F,Medium Risk,2,0,3,2,5.86,3.96,0.82,12.83,-0.583290270386081,0.6507311490901556,1.245331379269147,1.0663977153519817,1.6324972470427788,-0.5809856333389767,0.8509629433967631,1.0288340836382979,0.038608223039215586,-0.029277226369881743,0.3339626200262703,-0.38549943765333167,0.6199488289273622,0.15634212966150754,"[np.float64(-0.583290270386081), np.float64(0.6507311490901556), np.float64(1.245331379269147), np.float64(1.0663977153519817), np.float64(1.6324972470427788), np.float64(-0.5809856333389767), np.float64(0.8509629433967631), np.float64(1.0288340836382979), np.float64(0.038608223039215586), np.float64(-0.029277226369881743), np.float64(0.3339626200262703), np.float64(-0.38549943765333167), np.float64(0.6199488289273622), np.float64(0.15634212966150754)]"
S1460,8.0,86.7,78.5,7.3,0.0,3.47,1,Master,2.34,58.8,Pass,D,Medium Risk,2,1,2,2,8.72,5.87,0.0,6.94,-1.2625737464558344,0.516135021751041,0.6080708696708468,0.17199963150838418,-1.1091837194639227,0.9341305517147391,0.8509629433967631,1.0288340836382979,0.31344772396553106,0.20256150649277957,-0.7782514504048142,-1.1164205083758612,0.37226651613177203,0.9680782874618774,"[np.float64(-1.2625737464558344), np.float64(0.516135021751041), np.float64(0.6080708696708468), np.float64(0.17199963150838418), np.float64(-1.1091837194639227), np.float64(0.9341305517147391), np.float64(0.8509629433967631), np.float64(1.0288340836382979), np.float64(0.31344772396553106), np.float64(0.20256150649277957), np.float64(-0.7782514504048142), np.float64(-1.1164205083758612), np.float64(0.37226651613177203), np.float64(0.9680782874618774)]"
S1461,39.6,89.6,62.2,6.9,3.4,1.92,0,Bachelor,2.11,65.2,Pass,C,Low Risk,1,1,1,1,1.53,1.2,0.35,35.48,2.0397889987448137,0.7329843380196143,-0.23642883004072154,-0.10319977890503014,0.20373392646886404,-1.181572229216125,-1.1751393027860062,-0.07743912457492572,-0.3774949374541221,-0.36429026443320384,-0.30352593253788795,2.4252581602864467,-0.19740280329808496,1.5266924175610574,"[np.float64(2.0397889987448137), np.float64(0.7329843380196143), np.float64(-0.23642883004072154), np.float64(-0.10319977890503014), np.float64(0.20373392646886404), np.float64(-1.181572229216125), np.float64(-1.1751393027860062), np.float64(-0.07743912457492572), np.float64(-0.3774949374541221), np.float64(-0.36429026443320384), np.float64(-0.30352593253788795), np.float64(2.4252581602864467), np.float64(-0.19740280329808496), np.float64(1.5266924175610574)]"
S1462,20.4,99.9,40.5,7.4,0.2,2.98,1,Master,1.48,61.0,Pass,D,Low Risk,2,1,2,1,1.89,2.45,0.0,20.38,0.03329011558492598,1.5031732889045504,-1.3607014364052024,0.2407994841117382,-1.0319532697031704,0.26529547903336903,0.8509629433967631,1.0288340836382979,-0.3428997555193412,-0.21256334502046736,-0.7782514504048142,0.5514197616599278,-1.7578013739103018,1.1601018946834707,"[np.float64(0.03329011558492598), np.float64(1.5031732889045504), np.float64(-1.3607014364052024), np.float64(0.2407994841117382), np.float64(-1.0319532697031704), np.float64(0.26529547903336903), np.float64(0.8509629433967631), np.float64(1.0288340836382979), np.float64(-0.3428997555193412), np.float64(-0.21256334502046736), np.float64(-0.7782514504048142), np.float64(0.5514197616599278), np.float64(-1.7578013739103018), np.float64(1.1601018946834707)]"
S1463,13.0,82.9,60.8,7.8,2.4,3.77,0,Master,2.3,33.1,Fail,F,High Risk,2,0,3,0,4.34,3.99,0.41,10.78,-0.7400479956329471,0.23198764181290976,-0.30896254658036576,0.5159988945251526,-0.18241832233489674,1.3436214125400674,-1.1751393027860062,1.0288340836382979,-0.1074603229076374,-0.02563578030397604,-0.22214441518927197,-0.6398947169370645,0.27319359101353596,-1.2751065787176397,"[np.float64(-0.7400479956329471), np.float64(0.23198764181290976), np.float64(-0.30896254658036576), np.float64(0.5159988945251526), np.float64(-0.18241832233489674), np.float64(1.3436214125400674), np.float64(-1.1751393027860062), np.float64(1.0288340836382979), np.float64(-0.1074603229076374), np.float64(-0.02563578030397604), np.float64(-0.22214441518927197), np.float64(-0.6398947169370645), np.float64(0.27319359101353596), np.float64(-1.2751065787176397)]"
S1464,22.1,90.6,48.0,8.0,1.0,2.39,1,Master,2.2,48.7,Fail,F,Medium Risk,2,0,3,2,2.08,2.46,0.09,20.02,0.21094887086470795,0.8077599643191226,-0.9721279549428243,0.65359859973186,-0.7230314706601618,-0.5400365472564436,0.8509629433967631,1.0288340836382979,-0.3246411872759845,-0.2113495296651655,-0.6561791743818904,0.5067454687125407,0.02551127821794681,0.08651536339911035,"[np.float64(0.21094887086470795), np.float64(0.8077599643191226), np.float64(-0.9721279549428243), np.float64(0.65359859973186), np.float64(-0.7230314706601618), np.float64(-0.5400365472564436), np.float64(0.8509629433967631), np.float64(1.0288340836382979), np.float64(-0.3246411872759845), np.float64(-0.2113495296651655), np.float64(-0.6561791743818904), np.float64(0.5067454687125407), np.float64(0.02551127821794681), np.float64(0.08651536339911035)]"
S1465,18.9,78.7,53.4,7.8,1.1,2.23,1,High School,1.91,32.9,Fail,F,High Risk,0,0,3,0,2.68,2.79,0.23,14.87,-0.12346760966194022,-0.08206998864502517,-0.6923550482899121,0.5159988945251526,-0.6844162457797857,-0.7584316730299523,0.8509629433967631,-1.1837123327881494,-0.26698255071801624,-0.17129362294020306,-0.4662889672351198,-0.13234511095147092,-0.6927674288892649,-1.2925632702832393,"[np.float64(-0.12346760966194022), np.float64(-0.08206998864502517), np.float64(-0.6923550482899121), np.float64(0.5159988945251526), np.float64(-0.6844162457797857), np.float64(-0.7584316730299523), np.float64(0.8509629433967631), np.float64(-1.1837123327881494), np.float64(-0.26698255071801624), np.float64(-0.17129362294020306), np.float64(-0.4662889672351198), np.float64(-0.13234511095147092), np.float64(-0.6927674288892649), np.float64(-1.2925632702832393)]"
S1466,17.8,100.0,76.8,7.1,1.3,2.62,1,Bachelor,2.52,52.8,Pass,D,Medium Risk,1,1,2,2,4.09,2.69,0.0,17.8,-0.2384232748429752,1.5106508515345007,0.5199942138727076,0.034399926301676716,-0.6071857960190336,-0.22609355395702502,0.8509629433967631,-0.07743912457492572,-0.13148475480679087,-0.18343177649322198,-0.7782514504048142,0.2312539955369863,0.8180946791638345,0.44437754049389666,"[np.float64(-0.2384232748429752), np.float64(1.5106508515345007), np.float64(0.5199942138727076), np.float64(0.034399926301676716), np.float64(-0.6071857960190336), np.float64(-0.22609355395702502), np.float64(0.8509629433967631), np.float64(-0.07743912457492572), np.float64(-0.13148475480679087), np.float64(-0.18343177649322198), np.float64(-0.7782514504048142), np.float64(0.2312539955369863), np.float64(0.8180946791638345), np.float64(0.44437754049389666)]"
S1467,26.1,69.9,98.4,6.7,2.9,3.74,1,PhD,2.55,55.5,Pass,D,Medium Risk,3,1,2,2,3.63,1.75,0.87,18.24,0.6289694715230179,-0.7400955000806977,1.6390858404843571,-0.2407994841117376,0.010657802066983652,1.3026723264575348,0.8509629433967631,2.1351072918515213,-0.1756897095012332,-0.2975304198915998,0.401780551150117,0.28585590913934816,0.8923993730025109,0.6800428766294883,"[np.float64(0.6289694715230179), np.float64(-0.7400955000806977), np.float64(1.6390858404843571), np.float64(-0.2407994841117376), np.float64(0.010657802066983652), np.float64(1.3026723264575348), np.float64(0.8509629433967631), np.float64(2.1351072918515213), np.float64(-0.1756897095012332), np.float64(-0.2975304198915998), np.float64(0.401780551150117), np.float64(0.28585590913934816), np.float64(0.8923993730025109), np.float64(0.6800428766294883)]"
S1468,27.6,100.0,72.9,6.8,1.2,2.96,1,Bachelor,2.98,64.2,Pass,D,Low Risk,1,1,2,1,2.55,1.68,0.0,27.6,0.785727196769884,1.5106508515345007,0.3179360035122714,-0.17199963150838418,-0.6458010208994097,0.23799608831168043,0.8509629433967631,-0.07743912457492572,-0.2794752553055761,-0.30602712737871307,-0.7782514504048142,1.447387525771416,1.9574333180235484,1.4394089597330606,"[np.float64(0.785727196769884), np.float64(1.5106508515345007), np.float64(0.3179360035122714), np.float64(-0.17199963150838418), np.float64(-0.6458010208994097), np.float64(0.23799608831168043), np.float64(0.8509629433967631), np.float64(-0.07743912457492572), np.float64(-0.2794752553055761), np.float64(-0.30602712737871307), np.float64(-0.7782514504048142), np.float64(1.447387525771416), np.float64(1.9574333180235484), np.float64(1.4394089597330606)]"
S1469,14.7,79.4,41.1,6.7,4.0,2.38,1,Bachelor,1.85,38.0,Fail,F,High Risk,1,0,3,0,2.62,3.05,0.82,11.67,-0.5623892403531655,-0.029727050235369167,-1.329615557888212,-0.2407994841117376,0.43542527575112056,-0.5536862426172882,0.8509629433967631,-0.07743912457492572,-0.2727484143738131,-0.1397344237023539,0.3339626200262703,-0.5294499371504683,-0.8413768165666184,-0.8474176353604556,"[np.float64(-0.5623892403531655), np.float64(-0.029727050235369167), np.float64(-1.329615557888212), np.float64(-0.2407994841117376), np.float64(0.43542527575112056), np.float64(-0.5536862426172882), np.float64(0.8509629433967631), np.float64(-0.07743912457492572), np.float64(-0.2727484143738131), np.float64(-0.1397344237023539), np.float64(0.3339626200262703), np.float64(-0.5294499371504683), np.float64(-0.8413768165666184), np.float64(-0.8474176353604556)]"
S1470,14.2,58.5,73.9,8.7,1.6,3.19,1,Bachelor,1.82,49.6,Fail,F,Medium Risk,1,0,3,2,4.86,4.09,0.66,8.31,-0.6146418154354543,-1.5925376398950923,0.3697458010405885,1.1351975679553352,-0.4913401213779053,0.551939081611099,0.8509629433967631,-0.07743912457492572,-0.057489504557398194,-0.013497626750957165,0.11694524042996123,-0.9464100046594155,-0.9156815104052956,0.16507047544430734,"[np.float64(-0.6146418154354543), np.float64(-1.5925376398950923), np.float64(0.3697458010405885), np.float64(1.1351975679553352), np.float64(-0.4913401213779053), np.float64(0.551939081611099), np.float64(0.8509629433967631), np.float64(-0.07743912457492572), np.float64(-0.057489504557398194), np.float64(-0.013497626750957165), np.float64(0.11694524042996123), np.float64(-0.9464100046594155), np.float64(-0.9156815104052956), np.float64(0.16507047544430734)]"
S1471,17.2,81.9,88.9,7.9,0.2,1.92,0,Bachelor,2.62,60.7,Pass,D,Low Risk,1,1,2,1,4.88,3.09,0.04,14.09,-0.30112636494172185,0.1572120155134015,1.1468927639653448,0.5847987471285065,-1.0319532697031704,-1.181572229216125,-1.1751393027860062,-0.07743912457492572,-0.05556755000546596,-0.13487916228114633,-0.7239971055057369,-0.22913941233747645,1.0657769919594247,1.1339168573350717,"[np.float64(-0.30112636494172185), np.float64(0.1572120155134015), np.float64(1.1468927639653448), np.float64(0.5847987471285065), np.float64(-1.0319532697031704), np.float64(-1.181572229216125), np.float64(-1.1751393027860062), np.float64(-0.07743912457492572), np.float64(-0.05556755000546596), np.float64(-0.13487916228114633), np.float64(-0.7239971055057369), np.float64(-0.22913941233747645), np.float64(1.0657769919594247), np.float64(1.1339168573350717)]"
S1472,0.0,69.8,52.8,3.2124999999999986,4.6,3.35,0,Bachelor,1.43,43.8,Fail,F,Medium Risk,1,0,3,2,52.8,32.12,1.39,0.0,-2.0986149477724543,-0.7475730627106492,-0.7234409268069024,-2.640194343653698,0.6671166250333769,0.7703342073846077,-1.1751393027860062,-0.07743912457492572,4.549435556424266,3.388826814160245,1.1070870348381219,-1.977641600194937,-1.8816425303080968,-0.3411735799580744,"[np.float64(-2.0986149477724543), np.float64(-0.7475730627106492), np.float64(-0.7234409268069024), np.float64(-2.640194343653698), np.float64(0.6671166250333769), np.float64(0.7703342073846077), np.float64(-1.1751393027860062), np.float64(-0.07743912457492572), np.float64(4.549435556424266), np.float64(3.388826814160245), np.float64(1.1070870348381219), np.float64(-1.977641600194937), np.float64(-1.8816425303080968), np.float64(-0.3411735799580744)]"
S1473,4.8,92.6,62.3,8.0,1.0,3.13,0,High School,2.24,40.4,Fail,F,Medium Risk,0,0,3,2,10.74,10.18,0.07,4.44,-1.5969902269824823,0.957311216918139,-0.2312478502878901,0.65359859973186,-0.7230314706601618,0.47004090944603316,-1.1751393027860062,-1.1837123327881494,0.5075651337106908,0.7257159246278948,-0.6833063468314289,-1.426658653843828,0.1245842033361829,-0.6379373365732633,"[np.float64(-1.5969902269824823), np.float64(0.957311216918139), np.float64(-0.2312478502878901), np.float64(0.65359859973186), np.float64(-0.7230314706601618), np.float64(0.47004090944603316), np.float64(-1.1751393027860062), np.float64(-1.1837123327881494), np.float64(0.5075651337106908), np.float64(0.7257159246278948), np.float64(-0.6833063468314289), np.float64(-1.426658653843828), np.float64(0.1245842033361829), np.float64(-0.6379373365732633)]"
S1474,33.7,70.2,65.3,7.3,1.7,2.55,0,Bachelor,2.23,47.4,Fail,F,Medium Risk,1,0,3,2,1.88,1.49,0.51,23.66,1.4232086127738066,-0.7176628121908454,-0.07581845770293885,0.17199963150838418,-0.4527248964975293,-0.3216414214829354,-1.1751393027860062,-0.07743912457492572,-0.3438607327953073,-0.32908961912944895,-0.08650855294157868,0.9584522085139002,0.09981597205662333,-0.026953131777285852,"[np.float64(1.4232086127738066), np.float64(-0.7176628121908454), np.float64(-0.07581845770293885), np.float64(0.17199963150838418), np.float64(-0.4527248964975293), np.float64(-0.3216414214829354), np.float64(-1.1751393027860062), np.float64(-0.07743912457492572), np.float64(-0.3438607327953073), np.float64(-0.32908961912944895), np.float64(-0.08650855294157868), np.float64(0.9584522085139002), np.float64(0.09981597205662333), np.float64(-0.026953131777285852)]"
S1475,36.4,73.3,49.3,7.0,3.5,2.13,1,Master,2.06,53.7,Pass,D,Medium Risk,2,1,2,2,1.32,1.32,0.93,26.68,1.7053725182181654,-0.4858583706623702,-0.9047752181560123,-0.034399926301676716,0.24234915134924015,-0.8949286266383952,0.8509629433967631,1.0288340836382979,-0.397675460249411,-0.3497244801695811,0.48316206849873305,1.3332198882392041,-0.3212439596958795,0.5229326525390943,"[np.float64(1.7053725182181654), np.float64(-0.4858583706623702), np.float64(-0.9047752181560123), np.float64(-0.034399926301676716), np.float64(0.24234915134924015), np.float64(-0.8949286266383952), np.float64(0.8509629433967631), np.float64(1.0288340836382979), np.float64(-0.397675460249411), np.float64(-0.3497244801695811), np.float64(0.48316206849873305), np.float64(1.3332198882392041), np.float64(-0.3212439596958795), np.float64(0.5229326525390943)]"
S1476,17.5,51.7,78.0,6.4,1.2,2.09,1,Master,1.92,38.2,Fail,F,High Risk,2,0,3,0,4.22,2.46,0.58,9.05,-0.2697748198923485,-2.1010118987317483,0.5821659709066883,-0.4471990419217985,-0.6458010208994097,-0.9495274080817724,0.8509629433967631,1.0288340836382979,-0.11899205021923107,-0.2113495296651655,0.008436550631806525,-0.8545795136008973,-0.6679991976097058,-0.829960943794856,"[np.float64(-0.2697748198923485), np.float64(-2.1010118987317483), np.float64(0.5821659709066883), np.float64(-0.4471990419217985), np.float64(-0.6458010208994097), np.float64(-0.9495274080817724), np.float64(0.8509629433967631), np.float64(1.0288340836382979), np.float64(-0.11899205021923107), np.float64(-0.2113495296651655), np.float64(0.008436550631806525), np.float64(-0.8545795136008973), np.float64(-0.6679991976097058), np.float64(-0.829960943794856)]"
S1477,25.8,73.2,62.6,8.7,0.2,3.23,1,High School,2.36,64.3,Pass,D,Low Risk,0,1,2,1,2.34,2.3,0.05,18.89,0.5976179264736445,-0.4933359332923206,-0.21570491102939476,1.1351975679553352,-1.0319532697031704,0.6065378630544761,0.8509629433967631,-1.1837123327881494,-0.29965577810086497,-0.2307705753499958,-0.7104335192809677,0.36651782696101975,0.42180297869089006,1.4481373055158597,"[np.float64(0.5976179264736445), np.float64(-0.4933359332923206), np.float64(-0.21570491102939476), np.float64(1.1351975679553352), np.float64(-1.0319532697031704), np.float64(0.6065378630544761), np.float64(0.8509629433967631), np.float64(-1.1837123327881494), np.float64(-0.29965577810086497), np.float64(-0.2307705753499958), np.float64(-0.7104335192809677), np.float64(0.36651782696101975), np.float64(0.42180297869089006), np.float64(1.4481373055158597)]"
S1478,23.1,43.6,73.4,8.4,1.4,3.78,0,PhD,2.27,44.3,Fail,F,Medium Risk,3,0,3,2,3.05,2.47,0.79,10.07,0.31545402102928544,-2.7066944717577655,0.34384090227643,0.928798010145275,-0.5685705711386575,1.3572711079009114,-1.1751393027860062,2.1351072918515213,-0.23142639150726918,-0.21013571430986358,0.2932718613519625,-0.728002350249967,0.1988888971748594,-0.29753185104407603,"[np.float64(0.31545402102928544), np.float64(-2.7066944717577655), np.float64(0.34384090227643), np.float64(0.928798010145275), np.float64(-0.5685705711386575), np.float64(1.3572711079009114), np.float64(-1.1751393027860062), np.float64(2.1351072918515213), np.float64(-0.23142639150726918), np.float64(-0.21013571430986358), np.float64(0.2932718613519625), np.float64(-0.728002350249967), np.float64(0.1988888971748594), np.float64(-0.29753185104407603)]"
S1479,46.375,56.2,47.3,5.8,8.7,2.29,1,Bachelor,2.18,47.2,Fail,F,Medium Risk,1,0,3,2,1.0,0.86,3.81,26.06,2.747811391109826,-1.7645215803839611,-1.0083948132126463,-0.8599981575419209,2.250340845128796,-0.6765335008648865,0.8509629433967631,-0.07743912457492572,-0.4284267330803274,-0.40555998651346814,4.389474901232299,1.2562808281631481,-0.024025184341171235,-0.04440982334288484,"[np.float64(2.747811391109826), np.float64(-1.7645215803839611), np.float64(-1.0083948132126463), np.float64(-0.8599981575419209), np.float64(2.250340845128796), np.float64(-0.6765335008648865), np.float64(0.8509629433967631), np.float64(-0.07743912457492572), np.float64(-0.4284267330803274), np.float64(-0.40555998651346814), np.float64(4.389474901232299), np.float64(1.2562808281631481), np.float64(-0.024025184341171235), np.float64(-0.04440982334288484)]"
S1480,31.2,91.4,56.3,7.6,3.1,3.17,0,Bachelor,1.97,51.1,Pass,D,Medium Risk,1,1,2,2,1.75,1.67,0.27,28.52,1.1619457373623627,0.86758046535873,-0.5421066354577926,0.3783991893184451,0.08788825182773588,0.5246396908894103,-1.1751393027860062,-0.07743912457492572,-0.35635343738286707,-0.3072409427340149,-0.4120346223360425,1.5615551633036275,-0.5441580412119107,0.2959956621863025,"[np.float64(1.1619457373623627), np.float64(0.86758046535873), np.float64(-0.5421066354577926), np.float64(0.3783991893184451), np.float64(0.08788825182773588), np.float64(0.5246396908894103), np.float64(-1.1751393027860062), np.float64(-0.07743912457492572), np.float64(-0.35635343738286707), np.float64(-0.3072409427340149), np.float64(-0.4120346223360425), np.float64(1.5615551633036275), np.float64(-0.5441580412119107), np.float64(0.2959956621863025)]"
S1481,18.7,91.8,79.4,5.5,3.3,1.13,1,Master,2.05,57.2,Pass,D,Medium Risk,2,1,2,2,4.03,1.98,0.27,17.17,-0.14436863969485564,0.8974907158785327,0.6546996874463326,-1.0663977153519817,0.16511870158848793,-2.2598981627228234,0.8509629433967631,1.0288340836382979,-0.13725061846258765,-0.2696126667196563,-0.4120346223360425,0.1530739828790588,-0.34601219097543906,0.828424754937083,"[np.float64(-0.14436863969485564), np.float64(0.8974907158785327), np.float64(0.6546996874463326), np.float64(-1.0663977153519817), np.float64(0.16511870158848793), np.float64(-2.2598981627228234), np.float64(0.8509629433967631), np.float64(1.0288340836382979), np.float64(-0.13725061846258765), np.float64(-0.2696126667196563), np.float64(-0.4120346223360425), np.float64(0.1530739828790588), np.float64(-0.34601219097543906), np.float64(0.828424754937083)]"
S1482,10.4,86.4,57.5,4.9,3.0,2.33,1,Master,2.13,38.5,Fail,F,High Risk,2,0,3,0,5.04,3.09,0.41,8.99,-1.0117613860608485,0.49370233386118867,-0.479934878423812,-1.4791968309721035,0.049273026947359765,-0.6219347194215092,0.8509629433967631,1.0288340836382979,-0.04019191359000774,-0.13487916228114633,-0.22214441518927197,-0.8620252290921285,-0.1478663407389669,-0.8037759064464571,"[np.float64(-1.0117613860608485), np.float64(0.49370233386118867), np.float64(-0.479934878423812), np.float64(-1.4791968309721035), np.float64(0.049273026947359765), np.float64(-0.6219347194215092), np.float64(0.8509629433967631), np.float64(1.0288340836382979), np.float64(-0.04019191359000774), np.float64(-0.13487916228114633), np.float64(-0.22214441518927197), np.float64(-0.8620252290921285), np.float64(-0.1478663407389669), np.float64(-0.8037759064464571)]"
S1483,3.9,65.5,99.5,6.1,0.7,2.78,0,PhD,1.91,39.7,Fail,F,High Risk,3,0,3,0,20.31,9.28,0.24,2.55,-1.6910448621306022,-1.0691082557985345,1.6960766177655056,-0.65359859973186,-0.8388771453012902,-0.007698428183516904,-1.1751393027860062,2.1351072918515213,1.4272203868102846,0.6164725426507245,-0.4527253810103505,-1.661198691817611,-0.6927674288892649,-0.6990357570528608,"[np.float64(-1.6910448621306022), np.float64(-1.0691082557985345), np.float64(1.6960766177655056), np.float64(-0.65359859973186), np.float64(-0.8388771453012902), np.float64(-0.007698428183516904), np.float64(-1.1751393027860062), np.float64(2.1351072918515213), np.float64(1.4272203868102846), np.float64(0.6164725426507245), np.float64(-0.4527253810103505), np.float64(-1.661198691817611), np.float64(-0.6927674288892649), np.float64(-0.6990357570528608)]"
S1484,22.0,79.3,57.0,8.3,1.6,2.07,0,Bachelor,2.08,62.1,Pass,D,Low Risk,1,1,2,1,2.48,2.56,0.33,17.45,0.20049835584825007,-0.03720461286532063,-0.5058397771879706,0.8599981575419215,-0.4913401213779053,-0.976826798803461,-1.1751393027860062,-0.07743912457492572,-0.28620209623733905,-0.19921137611214657,-0.3306531049874265,0.18782065517147079,-0.27170749713676146,1.2561136982942671,"[np.float64(0.20049835584825007), np.float64(-0.03720461286532063), np.float64(-0.5058397771879706), np.float64(0.8599981575419215), np.float64(-0.4913401213779053), np.float64(-0.976826798803461), np.float64(-1.1751393027860062), np.float64(-0.07743912457492572), np.float64(-0.28620209623733905), np.float64(-0.19921137611214657), np.float64(-0.3306531049874265), np.float64(0.18782065517147079), np.float64(-0.27170749713676146), np.float64(1.2561136982942671)]"
S1485,12.4,79.9,69.5,8.4,4.2,2.05,0,Master,2.33,37.9,Fail,F,High Risk,2,0,3,0,5.19,4.49,0.84,9.91,-0.8027510857316935,0.007660762914384965,0.14178269191599305,0.928798010145275,0.5126557255118728,-1.0041261895251496,-1.1751393027860062,1.0288340836382979,-0.02577725445051564,0.03505498746111854,0.36108979247580897,-0.7478575915599168,0.34749828485221357,-0.8561459811432554,"[np.float64(-0.8027510857316935), np.float64(0.007660762914384965), np.float64(0.14178269191599305), np.float64(0.928798010145275), np.float64(0.5126557255118728), np.float64(-1.0041261895251496), np.float64(-1.1751393027860062), np.float64(1.0288340836382979), np.float64(-0.02577725445051564), np.float64(0.03505498746111854), np.float64(0.36108979247580897), np.float64(-0.7478575915599168), np.float64(0.34749828485221357), np.float64(-0.8561459811432554)]"
S1486,5.8,62.6,83.7,7.8,0.3,2.27,1,High School,1.68,43.4,Fail,F,Medium Risk,0,0,3,2,12.31,8.4,0.11,3.63,-1.4924850768179048,-1.2859575720671084,0.8774818168180958,0.5159988945251526,-0.9933380448227944,-0.703832891586575,0.8509629433967631,-1.1837123327881494,0.6584385660373745,0.5096567913841582,-0.6290520019323518,-1.5271758129754494,-1.262436748319122,-0.37608696308927303,"[np.float64(-1.4924850768179048), np.float64(-1.2859575720671084), np.float64(0.8774818168180958), np.float64(0.5159988945251526), np.float64(-0.9933380448227944), np.float64(-0.703832891586575), np.float64(0.8509629433967631), np.float64(-1.1837123327881494), np.float64(0.6584385660373745), np.float64(0.5096567913841582), np.float64(-0.6290520019323518), np.float64(-1.5271758129754494), np.float64(-1.262436748319122), np.float64(-0.37608696308927303)]"
S1487,13.5,100.0,36.6,8.1,1.0,3.03,1,Master,1.66,48.3,Fail,F,Medium Risk,2,0,3,2,2.52,3.99,0.0,13.5,-0.6877954205506583,1.5106508515345007,-1.562759646765639,0.7223984523352134,-0.7230314706601618,0.33354395583759017,0.8509629433967631,1.0288340836382979,-0.2823581871334745,-0.02563578030397604,-0.7782514504048142,-0.3023556146679166,-1.3119732108782398,0.051601980267911136,"[np.float64(-0.6877954205506583), np.float64(1.5106508515345007), np.float64(-1.562759646765639), np.float64(0.7223984523352134), np.float64(-0.7230314706601618), np.float64(0.33354395583759017), np.float64(0.8509629433967631), np.float64(1.0288340836382979), np.float64(-0.2823581871334745), np.float64(-0.02563578030397604), np.float64(-0.7782514504048142), np.float64(-0.3023556146679166), np.float64(-1.3119732108782398), np.float64(0.051601980267911136)]"
S1488,9.2,93.2,29.8,7.8,1.0,2.65,1,Master,1.82,24.2,Fail,F,High Risk,2,0,3,0,2.92,5.52,0.07,8.57,-1.1371675662583416,1.0021765926978448,-1.9150662699581955,0.5159988945251526,-0.7230314706601618,-0.18514446787449243,0.8509629433967631,1.0288340836382979,-0.24391909609482898,0.1600779690572133,-0.6833063468314289,-0.914145237530747,-0.9156815104052956,-2.0519293533868113,"[np.float64(-1.1371675662583416), np.float64(1.0021765926978448), np.float64(-1.9150662699581955), np.float64(0.5159988945251526), np.float64(-0.7230314706601618), np.float64(-0.18514446787449243), np.float64(0.8509629433967631), np.float64(1.0288340836382979), np.float64(-0.24391909609482898), np.float64(0.1600779690572133), np.float64(-0.6833063468314289), np.float64(-0.914145237530747), np.float64(-0.9156815104052956), np.float64(-2.0519293533868113)]"
S1489,36.9,76.7,34.5,6.0,1.7,1.01,0,Bachelor,1.91,53.2,Pass,D,Medium Risk,1,1,2,2,0.91,1.12,0.4,28.3,1.7576250933004542,-0.2316212412440417,-1.6715602215751049,-0.7223984523352134,-0.4527248964975293,-2.423694507052955,-1.1751393027860062,-0.07743912457492572,-0.43707552856402265,-0.374000787275619,-0.23570800141404125,1.5342542065024467,-0.6927674288892649,0.4792909236250959,"[np.float64(1.7576250933004542), np.float64(-0.2316212412440417), np.float64(-1.6715602215751049), np.float64(-0.7223984523352134), np.float64(-0.4527248964975293), np.float64(-2.423694507052955), np.float64(-1.1751393027860062), np.float64(-0.07743912457492572), np.float64(-0.43707552856402265), np.float64(-0.374000787275619), np.float64(-0.23570800141404125), np.float64(1.5342542065024467), np.float64(-0.6927674288892649), np.float64(0.4792909236250959)]"
S1490,28.8,80.4,90.3,7.6,9.15,1.1,1,High School,2.02,45.5,Fail,F,Medium Risk,0,0,3,2,3.03,1.8,1.79,23.16,0.911133376967377,0.0450485760641391,1.2194264805049884,0.3783991893184451,2.424109357090489,-2.300847248805356,0.8509629433967631,-1.1837123327881494,-0.23334834605920146,-0.29146134311509037,1.6496304838288949,0.8964045794203069,-0.4203168848141156,-0.19279170165047962,"[np.float64(0.911133376967377), np.float64(0.0450485760641391), np.float64(1.2194264805049884), np.float64(0.3783991893184451), np.float64(2.424109357090489), np.float64(-2.300847248805356), np.float64(0.8509629433967631), np.float64(-1.1837123327881494), np.float64(-0.23334834605920146), np.float64(-0.29146134311509037), np.float64(1.6496304838288949), np.float64(0.8964045794203069), np.float64(-0.4203168848141156), np.float64(-0.19279170165047962)]"
S1491,19.9,83.1,54.0,8.2,0.2,2.31,1,Master,2.11,55.0,Pass,D,Medium Risk,2,1,2,2,2.58,2.79,0.03,16.54,-0.018962459497362756,0.24694276707281057,-0.6612691697729218,0.7911983049385668,-1.0319532697031704,-0.6492341101431979,0.8509629433967631,1.0288340836382979,-0.27659232347767765,-0.17129362294020306,-0.7375606917305063,0.07489397022113087,-0.19740280329808496,0.6364011477154898,"[np.float64(-0.018962459497362756), np.float64(0.24694276707281057), np.float64(-0.6612691697729218), np.float64(0.7911983049385668), np.float64(-1.0319532697031704), np.float64(-0.6492341101431979), np.float64(0.8509629433967631), np.float64(1.0288340836382979), np.float64(-0.27659232347767765), np.float64(-0.17129362294020306), np.float64(-0.7375606917305063), np.float64(0.07489397022113087), np.float64(-0.19740280329808496), np.float64(0.6364011477154898)]"
S1492,34.8,49.4,100.0,8.1,2.2,3.17,1,High School,2.7,52.8,Pass,D,Medium Risk,0,1,2,2,2.79,1.6,1.11,17.19,1.5381642779548412,-2.2729958392206178,1.7219815165296641,0.7223984523352134,-0.2596487720956488,0.5246396908894103,0.8509629433967631,-1.1837123327881494,-0.2564118006823888,-0.31573765022112815,0.727306620544581,0.1555558880428025,1.2639228421958968,0.44437754049389666,"[np.float64(1.5381642779548412), np.float64(-2.2729958392206178), np.float64(1.7219815165296641), np.float64(0.7223984523352134), np.float64(-0.2596487720956488), np.float64(0.5246396908894103), np.float64(0.8509629433967631), np.float64(-1.1837123327881494), np.float64(-0.2564118006823888), np.float64(-0.31573765022112815), np.float64(0.727306620544581), np.float64(0.1555558880428025), np.float64(1.2639228421958968), np.float64(0.44437754049389666)]"
S1493,20.8,76.3,53.7,8.8,0.6,0.7499999999999998,0,High School,1.95,53.3,Pass,D,Medium Risk,0,1,2,2,2.46,2.87,0.14,15.87,0.07509217565075718,-0.26153149176384544,-0.6768121090314168,1.2039974205586899,-0.8774923701816661,-2.7785865864349066,-1.1751393027860062,-1.1837123327881494,-0.2881240507892713,-0.16158310009778792,-0.5883612432580437,-0.00824985276428421,-0.5936945037710287,0.4880192694078951,"[np.float64(0.07509217565075718), np.float64(-0.26153149176384544), np.float64(-0.6768121090314168), np.float64(1.2039974205586899), np.float64(-0.8774923701816661), np.float64(-2.7785865864349066), np.float64(-1.1751393027860062), np.float64(-1.1837123327881494), np.float64(-0.2881240507892713), np.float64(-0.16158310009778792), np.float64(-0.5883612432580437), np.float64(-0.00824985276428421), np.float64(-0.5936945037710287), np.float64(0.4880192694078951)]"
S1494,11.4,69.8,68.7,8.1,9.15,2.4,0,Master,1.94,46.3,Fail,F,Medium Risk,2,0,3,2,5.54,4.69,2.76,7.96,-0.907256235896271,-0.7475730627106492,0.10033485389333953,0.7223984523352134,2.424109357090489,-0.5263868518955995,-1.1751393027860062,1.0288340836382979,0.007856950208299148,0.0593312945671564,2.965298347631519,-0.9898433450249309,-0.6184627350505878,-0.12296493538808244,"[np.float64(-0.907256235896271), np.float64(-0.7475730627106492), np.float64(0.10033485389333953), np.float64(0.7223984523352134), np.float64(2.424109357090489), np.float64(-0.5263868518955995), np.float64(-1.1751393027860062), np.float64(1.0288340836382979), np.float64(0.007856950208299148), np.float64(0.0593312945671564), np.float64(2.965298347631519), np.float64(-0.9898433450249309), np.float64(-0.6184627350505878), np.float64(-0.12296493538808244)]"
S1495,35.2,65.0,95.8,7.5,0.4,2.38,1,Bachelor,3.15,70.4,Pass,C,Low Risk,1,1,1,1,2.65,1.46,0.14,22.88,1.579966338020673,-1.1064960689482886,1.5043803669107323,0.30959933671509166,-0.9547228199424184,-0.5536862426172882,0.8509629433967631,-0.07743912457492572,-0.2698654825459147,-0.33273106519535467,-0.5883612432580437,0.8616579071278945,2.378493249776051,1.9805663982666408,"[np.float64(1.579966338020673), np.float64(-1.1064960689482886), np.float64(1.5043803669107323), np.float64(0.30959933671509166), np.float64(-0.9547228199424184), np.float64(-0.5536862426172882), np.float64(0.8509629433967631), np.float64(-0.07743912457492572), np.float64(-0.2698654825459147), np.float64(-0.33273106519535467), np.float64(-0.5883612432580437), np.float64(0.8616579071278945), np.float64(2.378493249776051), np.float64(1.9805663982666408)]"
S1496,25.4,75.8,100.0,8.6,1.6,3.91,0,Master,2.62,63.1,Pass,D,Low Risk,2,1,2,1,3.79,2.31,0.39,19.25,0.5558158664078133,-0.2989193049135996,1.7219815165296641,1.0663977153519817,-0.4913401213779053,1.5347171475918875,-1.1751393027860062,1.0288340836382979,-0.16031407308577497,-0.22955675999469385,-0.24927158763881058,0.41119211990840693,1.0657769919594247,1.343397156122264,"[np.float64(0.5558158664078133), np.float64(-0.2989193049135996), np.float64(1.7219815165296641), np.float64(1.0663977153519817), np.float64(-0.4913401213779053), np.float64(1.5347171475918875), np.float64(-1.1751393027860062), np.float64(1.0288340836382979), np.float64(-0.16031407308577497), np.float64(-0.22955675999469385), np.float64(-0.24927158763881058), np.float64(0.41119211990840693), np.float64(1.0657769919594247), np.float64(1.343397156122264)]"
S1497,9.6,100.0,100.0,7.0,4.0,2.49,0,Bachelor,2.5,51.9,Pass,D,Medium Risk,1,1,2,2,9.43,4.76,0.0,9.6,-1.0953655061925105,1.5106508515345007,1.7219815165296641,-0.034399926301676716,0.43542527575112056,-0.40353959364800057,-1.1751393027860062,-0.07743912457492572,0.38167711055912673,0.06782800205426956,-0.7782514504048142,-0.7863271215979447,0.7685582166047165,0.3658224284486997,"[np.float64(-1.0953655061925105), np.float64(1.5106508515345007), np.float64(1.7219815165296641), np.float64(-0.034399926301676716), np.float64(0.43542527575112056), np.float64(-0.40353959364800057), np.float64(-1.1751393027860062), np.float64(-0.07743912457492572), np.float64(0.38167711055912673), np.float64(0.06782800205426956), np.float64(-0.7782514504048142), np.float64(-0.7863271215979447), np.float64(0.7685582166047165), np.float64(0.3658224284486997)]"
S1498,18.1,89.6,89.2,5.7,3.7,3.11,0,High School,2.27,48.5,Fail,F,Medium Risk,0,0,3,2,4.67,2.12,0.38,16.22,-0.2070717297936019,0.7329843380196143,1.1624357032238397,-0.9287980101452743,0.3195796011099924,0.44274151872434453,-1.1751393027860062,-1.1837123327881494,-0.07574807280075485,-0.2526192517454298,-0.2628351738635799,0.03518348760123109,0.1988888971748594,0.06905867183351073,"[np.float64(-0.2070717297936019), np.float64(0.7329843380196143), np.float64(1.1624357032238397), np.float64(-0.9287980101452743), np.float64(0.3195796011099924), np.float64(0.44274151872434453), np.float64(-1.1751393027860062), np.float64(-1.1837123327881494), np.float64(-0.07574807280075485), np.float64(-0.2526192517454298), np.float64(-0.2628351738635799), np.float64(0.03518348760123109), np.float64(0.1988888971748594), np.float64(0.06905867183351073)]"
S1499,11.2,71.4,85.5,6.8,1.6,2.91,1,Master,1.86,58.6,Pass,D,Medium Risk,2,1,2,2,7.01,4.0,0.46,8.0,-0.9281572659291867,-0.6279320606314353,0.9707394523690664,-0.17199963150838418,-0.4913401213779053,0.16974761150745923,0.8509629433967631,1.0288340836382979,0.14912060977532138,-0.024421964948674175,-0.1543264840654253,-0.9848795346974434,-0.8166085852870594,0.9506215958962785,"[np.float64(-0.9281572659291867), np.float64(-0.6279320606314353), np.float64(0.9707394523690664), np.float64(-0.17199963150838418), np.float64(-0.4913401213779053), np.float64(0.16974761150745923), np.float64(0.8509629433967631), np.float64(1.0288340836382979), np.float64(0.14912060977532138), np.float64(-0.024421964948674175), np.float64(-0.1543264840654253), np.float64(-0.9848795346974434), np.float64(-0.8166085852870594), np.float64(0.9506215958962785)]"
S1500,6.2,88.6,76.9,5.9,1.3,1.1,1,Bachelor,1.74,39.0,Fail,F,High Risk,1,0,3,0,10.68,5.99,0.15,5.49,-1.450683016752074,0.658208711720106,0.5251751936255398,-0.7911983049385668,-0.6071857960190336,-2.300847248805356,0.8509629433967631,-0.07743912457492572,0.501799270054894,0.2171272907564023,-0.5747976570332743,-1.296358632747282,-1.1138273606417677,-0.7601341775324587,"[np.float64(-1.450683016752074), np.float64(0.658208711720106), np.float64(0.5251751936255398), np.float64(-0.7911983049385668), np.float64(-0.6071857960190336), np.float64(-2.300847248805356), np.float64(0.8509629433967631), np.float64(-0.07743912457492572), np.float64(0.501799270054894), np.float64(0.2171272907564023), np.float64(-0.5747976570332743), np.float64(-1.296358632747282), np.float64(-1.1138273606417677), np.float64(-0.7601341775324587)]"
